member_id,eligible_amount,eligible_amount_formatted
bebc2037-5cdb-4862-a35f-8c8c18be85f8,83213.59,"KES 83,214"
ff25e319-3862-492f-a081-d9825eac3217,108848.18,"KES 108,848"
9fbb1990-eb75-4154-bb79-0aa9793a02ad,77935.13,"KES 77,935"
5754fa8f-4d7f-43cf-a428-7a2b5544a0e6,62688.48,"KES 62,688"
3705166a-a09f-4bff-b11c-97b57f04b8ff,122883.87,"KES 122,884"
6fd3bf71-587b-4d38-8325-b65f33332f61,81713.4,"KES 81,713"
e74ae304-6e21-4e53-a3ef-d8983749f7c3,21888.85,"KES 21,889"
4dfb387e-3ab2-4c58-a349-a9aee194383a,13002.73,"KES 13,003"
33f1e106-b042-48a4-a6d2-28d4ac7e52b7,107828.58,"KES 107,829"
96623150-2e40-4a24-b984-51faf5401dcb,57759.6,"KES 57,760"
abf4c7f1-5041-4136-94ed-3fc23dde8718,18240.76,"KES 18,241"
fc21648e-c52c-4b63-8410-36d880c4f39d,19506.45,"KES 19,506"
18418cb6-4ad1-456c-a153-95cef13be730,18463.52,"KES 18,464"
55fd505f-a67f-4d2c-b77b-7adb6c120fcd,56274.25,"KES 56,274"
ba123f7f-07de-424c-8291-311406c71949,29354.9,"KES 29,355"
280e1524-c2b7-4e09-91ab-795c9a2daf5a,75460.78,"KES 75,461"
c128220a-ae45-4864-b5f3-b93011f1dc96,48605.23,"KES 48,605"
8be84676-3b9d-442a-afc7-7358a23d9a3a,86088.19,"KES 86,088"
a3e2c744-98cb-441c-926c-be769fe0cfb2,68017.55,"KES 68,018"
85fe2153-7903-4d63-ab8a-f648421536fa,29244.07,"KES 29,244"
15e8141c-7cfe-41cb-80c2-e4ee226ac359,18653.27,"KES 18,653"
fcf20822-2807-4a53-91d4-a3ddcd7fbf20,45244.46,"KES 45,244"
4c933093-48f6-45e8-9159-c258c2ee4302,16219.28,"KES 16,219"
20899283-d1a8-4118-8a98-593fba3914dc,81310.64,"KES 81,311"
eca22886-32ce-49f1-9f5d-86d28c39677f,29434.8,"KES 29,435"
72705f24-6a28-4768-8d4c-e8969d268a93,54420.02,"KES 54,420"
24f8a449-c8a7-435c-9ba5-9001bc7afc29,10885.34,"KES 10,885"
592f363f-6c40-414e-9fb6-81b3df68862b,82896.41,"KES 82,896"
38c44d3e-e981-49e6-92bc-5aaf72fa52d6,63089.16,"KES 63,089"
0547dbb1-691a-43ff-8b96-807933eb00d1,17736.14,"KES 17,736"
28b0685d-544e-4851-8b45-cd456282c00e,91851.5,"KES 91,852"
7592c58e-4a3a-42d2-8071-cfd95d086d2f,104889.98,"KES 104,890"
4ea1298c-2a7e-4451-a618-4de4585b3b63,78453.35,"KES 78,453"
3a2a19bc-4a2e-4ecf-a9e3-4989fbefecf0,82646.64,"KES 82,647"
a690f234-bcca-491b-b4e1-abf55a3df905,103764.63,"KES 103,765"
2c1d8afa-0157-4995-b76f-eea54378101b,73876.61,"KES 73,877"
27131f1e-3758-4095-999e-27069f3b59b6,65260.49,"KES 65,260"
9fd810a5-dc29-4d9b-a811-a413bfa13307,22927.0,"KES 22,927"
cc8f8b07-8879-4d00-9165-cc3333432fe5,101188.13,"KES 101,188"
b894f2c2-75bd-4ee4-86c2-d8fbb879b9a8,26825.72,"KES 26,826"
f6693cf4-ec8a-4cc6-bb0b-5c450804bb53,19583.14,"KES 19,583"
08eb280f-7b57-4d30-b606-e8057a3dc91c,10079.16,"KES 10,079"
19900b67-cd8f-44ad-b7ba-bfbada8d5b1c,13882.32,"KES 13,882"
e603ca4d-7119-4156-a0f2-336ecbc26105,83245.21,"KES 83,245"
0eab2c8f-f3cb-428c-9625-2de7188ffa78,105791.18,"KES 105,791"
28b012a2-8682-4fa3-a842-43c78abaf7a5,119890.94,"KES 119,891"
f2406c7d-5932-4589-816e-0d11c7ecfe5d,55347.26,"KES 55,347"
c4bb8841-c789-443a-8ae0-d58d7aaeaab4,82267.49,"KES 82,267"
957776b5-bbf3-420e-9755-8a662a472641,32603.93,"KES 32,604"
f30342e1-4fab-4ea4-8304-8cb6d584b280,104873.63,"KES 104,874"
dba285fe-c331-4afa-a936-2a9dddc6dd61,86974.86,"KES 86,975"
3a3c1a9d-78cc-41dc-8c3c-45cbd80cc123,16101.56,"KES 16,102"
8ec85ff7-cd5f-401c-bd57-1a419d83761a,74450.98,"KES 74,451"
ecb13ef7-4c3b-46ec-aeaa-995539869a0e,11785.69,"KES 11,786"
40c5457e-889d-4afa-ad45-cd1e2c8536cd,15876.88,"KES 15,877"
bcb551f8-c2d2-44df-ac6f-cf64e98cf82c,50107.5,"KES 50,108"
e138bf5c-8007-4c7a-9dcc-19f75ccdd900,43868.11,"KES 43,868"
fd4f01d4-5053-43b8-95a3-b8b2e1253be3,20863.2,"KES 20,863"
ca13733b-11a0-42a4-bbc1-56b0c0e385ec,10078.11,"KES 10,078"
8344a503-5d7f-470f-a033-2bc73d4ab76b,69765.63,"KES 69,766"
144ec220-08ea-4f82-8649-1c7732e6cb9e,10115.18,"KES 10,115"
3f76559a-d0d7-47a4-8899-7b8f3a62e6d5,86001.22,"KES 86,001"
c65d6d02-0717-4c4b-a375-82cd76b2eb91,19933.14,"KES 19,933"
79300afb-2e5b-462b-817e-1b5c77e4ca56,20128.4,"KES 20,128"
00d4686a-5112-4cf2-908b-fafe9a4b635e,10048.46,"KES 10,048"
3db29de8-0535-474e-b63e-ab8d005eb757,22014.64,"KES 22,015"
4e14a624-54a2-400e-81a0-dc892f58be85,22078.33,"KES 22,078"
54c34092-6906-4f2e-9d8c-8ea236116e99,24351.45,"KES 24,351"
656e888f-9469-44a8-b624-381e5da79456,14597.02,"KES 14,597"
af0aec4a-7dc8-4235-8338-ec6a39525170,68135.31,"KES 68,135"
57f64e0f-dd8f-4074-a3d3-0f284b4ba93c,19344.91,"KES 19,345"
61352fe6-c6f5-4e46-a28a-03dc3f20e985,67698.17,"KES 67,698"
9aa2abe8-9549-4f31-b9db-d6b876cce707,29736.29,"KES 29,736"
fb6e5505-50d7-4b92-a325-a419c941411d,61112.81,"KES 61,113"
070e9012-66da-4af2-964f-f2c3a2e0c51e,24345.22,"KES 24,345"
82cfc0d2-1084-41c8-864c-a2a9a064e053,88588.52,"KES 88,589"
23994116-2318-4d19-bc44-187154042bf2,13405.66,"KES 13,406"
28bbd75a-bc32-407f-9649-cc374d75088b,24824.27,"KES 24,824"
a840e9fb-27ab-4c6b-99a3-3e06ac77d0cb,11480.84,"KES 11,481"
7a5b2a76-d949-4c1f-aa39-390839011f13,86158.86,"KES 86,159"
2a307f97-7c8f-4ce6-a2f6-f0b0049458d6,91857.1,"KES 91,857"
bf23eb0d-4c32-4fa4-a890-91438552721d,31124.69,"KES 31,125"
b8de2666-0fcd-4110-80d3-02e88eae4147,115927.54,"KES 115,928"
0141d30e-fcf0-4d70-8215-5d68bf9129af,54664.75,"KES 54,665"
b4cd7f9f-3365-41be-876d-e39bc4bd01d2,11755.53,"KES 11,756"
f91f1abc-64d2-433c-9d40-3dceae239a5f,91190.55,"KES 91,191"
8f26a0e3-52d3-4b48-bf04-dd783c2d3499,108155.31,"KES 108,155"
03c24346-4f40-4fb6-9e44-ec7846aac44a,117007.98,"KES 117,008"
012d4d32-8f96-48c2-8441-2615d0086c95,93110.87,"KES 93,111"
d8915646-22ef-490b-8ecb-6a61bebc8181,122867.39,"KES 122,867"
e07d1cb1-a5e8-4db2-a627-e35e04ee7e03,107929.84,"KES 107,930"
6795e5d9-52e8-4dad-a6a4-147ef027c4c3,16624.63,"KES 16,625"
a1f35f1a-de63-4e84-a9d0-3d487fa5b1d7,81896.26,"KES 81,896"
14f138b6-0ebb-44e2-8d7d-d1df2f4fcb45,68627.66,"KES 68,628"
e0d8526f-52ea-4a79-857a-07ad85403174,50371.42,"KES 50,371"
daf3a067-38f0-472b-9215-d1481fa9c1f7,104523.71,"KES 104,524"
534ba15c-7dfc-4ee4-9501-0ff2f5839bbb,15498.84,"KES 15,499"
568b49ae-9d1c-4bb1-9c8d-b93b6a2c24d6,85872.17,"KES 85,872"
743ed9e5-da72-4bf0-ba60-f56c3020402b,80370.47,"KES 80,370"
912da90e-14be-442a-be37-e7bf8e7f2843,83826.92,"KES 83,827"
f6ba99da-c23f-4ab6-908b-7372bdd52a5c,80707.01,"KES 80,707"
7e3e24bd-d50b-4ba0-adbe-dce43b47f15d,23735.07,"KES 23,735"
9afbaebc-3c96-4a9c-99bf-f4a8b1b7067d,95810.9,"KES 95,811"
818997f6-f0d1-4380-af39-d37e119c69d4,48552.33,"KES 48,552"
d6bef8f7-8702-4f16-a0c5-4b98bed1f2cf,106670.68,"KES 106,671"
ed9c0225-9354-44cf-a905-c34d0c4a2b32,67993.95,"KES 67,994"
e2e8c8bd-0e41-4659-826a-914336f19b17,89680.48,"KES 89,680"
8813c8ae-bfe8-4152-8e19-d07e23a2bf98,101348.99,"KES 101,349"
a565c1f1-5f6d-495f-b964-c7039fe6b48e,35338.72,"KES 35,339"
71d698bc-92dd-4310-800a-6cff5d402c40,82852.3,"KES 82,852"
795e8d37-036c-4f25-822c-e4c77517c357,18574.08,"KES 18,574"
1e09352b-194a-4cd7-80d6-ffdd3715d38b,103897.32,"KES 103,897"
cbbfa4e1-9e86-491f-b9f2-aa5c22e1ac25,24299.11,"KES 24,299"
1a6a9c4c-0162-4185-8483-55bcc9ebdd5b,12952.52,"KES 12,953"
ce289794-198d-4361-9782-902114a62fc1,90862.69,"KES 90,863"
ccb79973-e5eb-4fd7-b9f1-3760492cd83e,22281.17,"KES 22,281"
63ceb789-0c8f-4d02-ad4b-b6d0d9c976cf,16361.61,"KES 16,362"
69c2a278-57e0-4822-a5cb-0a6a103efdb4,37014.98,"KES 37,015"
7980970a-e440-49ac-b47a-c653f0bbdfe0,11322.39,"KES 11,322"
85f6f110-8b58-4ae8-8687-2006a330d5a4,104368.12,"KES 104,368"
3c61d233-c2ed-4a3f-a7c1-ec4606c8025c,42584.37,"KES 42,584"
7a624aef-ec37-44d1-b8c1-ba37fc9ad2e6,10092.23,"KES 10,092"
c436bb47-bb22-4a87-9818-a0ccc9496ff2,104625.71,"KES 104,626"
7de41c6d-6663-42a8-9adf-0bd3ef51fcb6,28208.77,"KES 28,209"
35a0271d-6521-44d4-a855-8d96b68f1c58,119860.79,"KES 119,861"
b7756bce-f4ac-423d-be5e-d30ace0522d4,16456.38,"KES 16,456"
2fe27ded-4508-4363-b622-628b72e46b2c,64788.99,"KES 64,789"
2bbceb3a-28db-420e-8ecc-14f6f6dc13ce,107294.35,"KES 107,294"
3f1622c0-11bd-4a80-9e06-84b804208352,114542.49,"KES 114,542"
00f319bb-6449-4654-b3da-43cbfbd3eadc,22072.8,"KES 22,073"
8f9a616f-9870-492d-91fa-12ae6e359e35,63893.88,"KES 63,894"
cb148168-fd96-473e-bfac-b6a8c9ea39c4,12029.04,"KES 12,029"
0d3eac8d-4ff0-42eb-b978-e3986809baf5,82600.62,"KES 82,601"
eff49e0a-5604-4216-b2a1-def3012e8412,84279.31,"KES 84,279"
f863580e-918f-459b-a68f-06228184c666,36194.23,"KES 36,194"
b75ae72e-8913-4bdc-91d7-a0cb546bed1d,23847.41,"KES 23,847"
11645781-3767-42e1-b656-91a15f736a5f,45418.41,"KES 45,418"
810e95e7-2620-4a93-a7c2-afc4750fdef6,22862.02,"KES 22,862"
f206f65d-f830-436c-a565-cf6ac5097b0f,15295.86,"KES 15,296"
f2171a0b-7be3-4f84-addf-a5e9d92b13fd,92689.52,"KES 92,690"
4df400fb-eada-4005-8b38-66799fe261db,20615.06,"KES 20,615"
e02403be-b3de-4bcc-a273-22033dadd6e3,90852.1,"KES 90,852"
f3a88df0-01f9-4a35-9cf2-630dad59bbc8,76240.86,"KES 76,241"
d2148bae-2e8d-465c-9ad6-dbacf822e0cb,95634.95,"KES 95,635"
8eac2bc9-8850-48db-aa4a-a2e4f13d5cf8,16889.61,"KES 16,890"
d0ce84ef-437f-44a4-8235-21a209cccbe4,19676.09,"KES 19,676"
d7b1c4f8-c7ad-45ef-ba4c-578d63d62912,42944.3,"KES 42,944"
26205c4e-1be7-4a63-a1f6-8ecbb9c77f11,95016.26,"KES 95,016"
42c2e426-b09c-4489-ab1a-5178c14e53e4,85852.18,"KES 85,852"
11591e9d-0376-422a-9a5c-aa2875515449,95211.38,"KES 95,211"
e613ef10-9067-401f-bece-46af45aaa7d0,86550.52,"KES 86,551"
90844171-d1c2-477f-8152-0cd0dcea8d48,100263.02,"KES 100,263"
b17a1611-6c61-46fc-967d-b99bd2a52b26,23041.96,"KES 23,042"
add4339b-b7a3-492a-8121-267db731e9fa,53301.2,"KES 53,301"
74509d14-ec4f-46b8-9ff3-6032d19fd1c3,83941.71,"KES 83,942"
29facb5e-c67a-4f27-9aae-b6c2d22c03d9,34637.41,"KES 34,637"
b855f3af-b49d-4228-9c17-4fa7cd9edc91,84590.53,"KES 84,591"
a84e7e5b-6bf6-41b2-992e-f3afb6f91160,106548.71,"KES 106,549"
af838fea-eebd-4af1-94b4-e1ffa69cb60f,12693.34,"KES 12,693"
acef860f-1f03-471c-a6e9-42230a6d2781,13798.18,"KES 13,798"
6d2edce1-af2b-4dd3-ab5d-8cb04b036db7,98753.72,"KES 98,754"
b2225045-203c-4be0-bdbc-12325c904263,86862.38,"KES 86,862"
557cd46f-d867-46ac-a362-2197d95c209e,10240.97,"KES 10,241"
2b90902f-341f-40fe-b98d-bbee530d02d4,69825.79,"KES 69,826"
f141edb0-51f1-4864-8944-1c7426f9c0fa,123029.62,"KES 123,030"
84985e19-b8a0-4afc-8bc3-ae2e5c442bea,80612.92,"KES 80,613"
96b5b092-6072-43be-89f3-0025f642933e,101899.36,"KES 101,899"
b83e6cee-5e85-4b0d-aa95-6855c1331ea7,26787.55,"KES 26,788"
4c481de7-9298-42e5-aea2-91628fb1e0d8,25958.75,"KES 25,959"
f417c096-1fb8-47db-abfd-3d59a55c0f12,103966.35,"KES 103,966"
a8f9d38c-f8b5-42d6-a9c5-1a4c77ab8562,80123.28,"KES 80,123"
f5299d04-25d0-4121-a9c3-7da75a8f685f,63417.56,"KES 63,418"
d03494d3-3cc7-4adb-93cb-446c13195823,113325.44,"KES 113,325"
edb1cab2-2b14-445b-b737-a2fc4628d522,77849.43,"KES 77,849"
76033e67-a7dd-482c-9f26-47f0e821d019,80371.29,"KES 80,371"
5a910282-e038-4650-aa13-69f8578417f5,81520.97,"KES 81,521"
7f4032f0-4d6d-4e0f-8538-c07f6789cdfc,101572.81,"KES 101,573"
a18b15de-e740-4c93-a3a0-1cc9ef9c6ef7,15910.83,"KES 15,911"
a385ee6c-67d1-43e8-89e4-a6230d644a1f,79874.58,"KES 79,875"
f3a5e59a-46fa-4b79-a11e-2d3dc0760b1a,77731.88,"KES 77,732"
45c21b07-9ae9-49dd-aba3-1bcd97ef3b25,64727.67,"KES 64,728"
e83bedb2-2e54-45d8-96d3-c5d461fc5080,24789.08,"KES 24,789"
b3063bea-51d9-4207-aafc-266a580388fd,13829.68,"KES 13,830"
79482d66-b53b-497b-98ed-f96dd875a787,70720.35,"KES 70,720"
889c43a9-20de-43a5-88e0-f350f91efcfe,12978.94,"KES 12,979"
5a619d91-13d4-41a4-bff0-77f19b141cdc,55793.37,"KES 55,793"
baaf9d12-2544-4946-827b-9b9333a85bcd,75109.87,"KES 75,110"
faa7f7c8-9768-4ed6-a91f-c3d21e17987e,104710.58,"KES 104,711"
f67a3004-ca0b-434b-b7d2-73b77208d494,114003.19,"KES 114,003"
991f009b-946c-4b79-9138-c2dc2911f643,17228.17,"KES 17,228"
182d0035-4c86-48e4-8908-513f0b682c15,52127.03,"KES 52,127"
84e993e2-0f2f-467e-8316-7f98b838d475,83500.34,"KES 83,500"
3eb0ac71-36d5-41a2-896d-5f8c08dfc9b0,19774.83,"KES 19,775"
be764e0d-97fe-4529-bad5-a992719e163d,79505.9,"KES 79,506"
2bf99c06-aafa-4dea-9f62-a28806e08d67,25891.14,"KES 25,891"
3c3976e6-5813-45da-8bfc-1ed751cfe5cd,56044.66,"KES 56,045"
44ad21d1-5734-4cf7-9b25-71e38860b3e8,82475.24,"KES 82,475"
c4146eea-7288-4766-a251-b38d64f0cc94,64240.24,"KES 64,240"
af9c9332-b1de-4c16-854b-d0155ddcb5a9,80543.14,"KES 80,543"
baa8258f-c712-4490-a991-b44f4bb286e4,14743.25,"KES 14,743"
3fa4b36c-f077-45e7-ac9f-3ce52fd25725,43420.38,"KES 43,420"
44a4859b-9e05-4cb9-b50b-4e8953894284,106435.82,"KES 106,436"
772978c5-99dd-4d69-ab32-7c08e509d5d8,24917.49,"KES 24,917"
c4286178-7272-41c6-8d7d-a48300c60128,87456.4,"KES 87,456"
6b5250de-b60f-4148-9a5f-cd81e356d012,29509.39,"KES 29,509"
da4f07e1-8a0f-4c49-bd17-ae189940c4f8,10822.8,"KES 10,823"
21d6f937-9d16-450e-89b4-e764c5b122a5,75841.51,"KES 75,842"
dae47807-c388-48b9-b2e4-8f343fc8365f,19672.15,"KES 19,672"
add4f8bd-4302-44b7-9004-fe648890f29d,73215.8,"KES 73,216"
a12b26b1-2332-44fe-99ba-f6320fcff6dc,62670.59,"KES 62,671"
4561c01c-93ea-49a2-bc6e-77998f973738,12692.33,"KES 12,692"
0ce06aac-35d9-4e80-bffe-41ac47d553e6,121845.41,"KES 121,845"
07598610-ce68-4656-8692-c9eaf4a3ba9d,91352.24,"KES 91,352"
64af1f49-165b-42eb-8abe-2fdf0194a633,111210.87,"KES 111,211"
831ad9c5-e871-4607-afa1-8a389fd68c01,17504.53,"KES 17,505"
ea35e6b0-1063-46e9-9463-ba099a1bfa19,19604.27,"KES 19,604"
b7fea081-a52f-42c8-a272-f6d747d909a1,18108.86,"KES 18,109"
68cabf7e-420d-4162-a3b8-6c5b0b1b3989,75238.86,"KES 75,239"
09e6de12-5392-4641-abd0-347f5bd07636,27192.47,"KES 27,192"
ad970cc2-4a31-47ab-8311-2a0ef102ffd8,72696.48,"KES 72,696"
fe86f0ae-2267-4151-a700-0d392541d8bf,26756.28,"KES 26,756"
5333f8d1-c814-417e-bd23-89f85053fb72,11308.21,"KES 11,308"
37479cff-dea5-4da0-91a4-e2b6abd7431a,31577.19,"KES 31,577"
826c8cd6-1c76-456b-8156-87dad3398ea7,34679.37,"KES 34,679"
03e80d14-cb4a-41b7-a386-10cc87eaa497,15525.4,"KES 15,525"
5182e93e-2fd4-4d3e-9144-f60dee8bb7b0,122638.2,"KES 122,638"
259fa36b-07ab-4a32-92a7-8dd20626530c,28319.66,"KES 28,320"
01a4c138-696b-40f0-9e03-575d4521f473,79506.27,"KES 79,506"
067248a7-8aff-4a6d-a92f-88d7849585fa,84395.19,"KES 84,395"
adab233f-04f7-4879-8ff3-877c56c3def2,102632.13,"KES 102,632"
52f56455-4b66-4230-9f9b-f1494b22c0a5,116937.07,"KES 116,937"
2c5d4be1-fdc6-44ce-91ab-3fc166799c60,20647.6,"KES 20,648"
da4801ae-da5e-4292-8051-a4bbcad7ff18,10875.07,"KES 10,875"
865da5b1-c9bf-42c1-89ca-b3f3e98ca387,79850.74,"KES 79,851"
81752b56-fb52-4704-bfae-0b2b2a5ad90f,57414.46,"KES 57,414"
aecbdb20-4038-464a-a85d-3dbab9ecf78e,79805.4,"KES 79,805"
4b11a918-fdce-43c2-a418-cfabf9068695,26811.31,"KES 26,811"
a32c8eb1-406c-4036-9fe4-f6192ade8b19,94171.74,"KES 94,172"
a2217719-7ae1-4402-877c-e2deea108b46,75658.71,"KES 75,659"
eddf0f2d-33ff-4c14-bbea-ecee29dd7509,58145.62,"KES 58,146"
b85c26a7-25c5-41c8-b8f5-3aac64ac6b61,121751.94,"KES 121,752"
3a75b7a9-3ecd-4de3-b839-98f8abbb7ee2,47151.06,"KES 47,151"
3eeca124-6cb3-4f2a-aa9b-e1473b8a7873,18091.42,"KES 18,091"
40fe61be-e9b3-4275-af0d-c244dcc9c48c,16757.13,"KES 16,757"
a1f19e36-a5e5-4170-8472-40d772f04ea1,68760.3,"KES 68,760"
a3fd1abf-fa21-4e32-a81f-1f0889337229,49854.26,"KES 49,854"
d61de876-d168-4678-9a73-9461ae4f4268,22379.38,"KES 22,379"
b56ab718-32ab-497b-b740-0be9a29f9fba,65180.06,"KES 65,180"
4c53f12d-6a44-46cd-9935-cd873e9f5397,17760.92,"KES 17,761"
474637cf-0225-4501-8b7b-2fa4d28c2b81,68110.82,"KES 68,111"
88d75ec3-01b1-4bd4-a8d3-2f1a0a9139ef,19593.96,"KES 19,594"
2a4710b0-8239-4c4b-8ddc-995ba6af34e3,107126.47,"KES 107,126"
eda1a057-7f97-475e-b25a-d2d21d7cb0ab,114102.56,"KES 114,103"
6c251536-f146-4a45-9f0b-ed1f55bc32eb,15407.96,"KES 15,408"
72a2f53a-a720-4fcf-a457-221d69d4eccf,96494.36,"KES 96,494"
e3377f95-4dd0-48a1-b971-24b12af0de01,111587.73,"KES 111,588"
eae92cb9-06be-43ef-afd6-8503774371f2,33251.91,"KES 33,252"
2b06df6e-111d-4358-8f56-28c82fc35f5c,10019.55,"KES 10,020"
30cf0ab4-a3fe-4d2c-9996-f639e19536b2,50970.17,"KES 50,970"
00defd90-af0d-4969-9ffe-9f65c38108f3,92809.36,"KES 92,809"
86f06fb9-1b9f-4c43-976b-64964c79e472,97613.36,"KES 97,613"
d568a3dc-35f7-4921-a099-1249e4e89982,10916.4,"KES 10,916"
44f1bde0-92f8-467a-8803-75341b42882b,116599.76,"KES 116,600"
d23072b9-507e-421f-9590-d0ccaa71cb0a,100116.22,"KES 100,116"
a995aac2-a704-4a58-a3fd-6a689e367f6d,19424.94,"KES 19,425"
888cdd76-5665-4708-a137-baaf94febaae,10092.39,"KES 10,092"
d41df619-8111-4752-8ab8-10c20b5f1daf,83458.09,"KES 83,458"
964cb252-a7b8-43ba-addb-33c44e725ea0,36054.73,"KES 36,055"
18e0babc-dd98-4675-954e-fd8ece95712d,30329.6,"KES 30,330"
7f5e6e50-e8e7-4318-91cd-907def51cebd,102886.17,"KES 102,886"
61f7e2d6-2649-4b59-bff5-c872fba2d9c5,75484.05,"KES 75,484"
d27915e8-5ed6-4d23-98f0-dc6ca041ed67,107717.44,"KES 107,717"
e199d054-cc14-4add-8769-a50f91808040,15544.19,"KES 15,544"
b13db970-6532-43e3-9176-50acb8f2d36b,90804.08,"KES 90,804"
0c1b48d0-1de8-441d-85e0-93a200d936df,20736.51,"KES 20,737"
9f3658ae-58ac-40f7-b0ac-23c6aecff6be,101681.39,"KES 101,681"
977ace0b-3831-46e0-b581-7e97b745cc57,107544.36,"KES 107,544"
6d6880e1-1952-4749-b5e8-5b0cbf4fe34b,47534.95,"KES 47,535"
e7866fb4-59bc-4b69-a2ed-4feb6c3c37da,96280.67,"KES 96,281"
faec6e31-ffbf-4f5a-8826-7d311b3e2ece,28590.34,"KES 28,590"
bd640cd7-db59-430c-a122-e88198d2e0c1,24826.51,"KES 24,827"
b64701e9-0251-4293-b2aa-049884d9fb47,122772.95,"KES 122,773"
3db31e81-a786-43af-af32-0b4b8ce857e8,84366.26,"KES 84,366"
c3081d4a-3aaa-4a39-afd5-57e465116375,10102.53,"KES 10,103"
6b36170b-2bac-4882-9e19-d8370fffa5de,33850.63,"KES 33,851"
df996247-baba-448d-9dc6-65b897a77835,19466.34,"KES 19,466"
96c550e3-76f7-4cd3-a229-efe79d536c2e,83128.98,"KES 83,129"
39df4c1c-0d68-4596-a5be-cb37a95cdac1,26639.96,"KES 26,640"
cb51d70b-1f94-4523-8ee5-1f2d413b4759,79818.96,"KES 79,819"
a4ab8f99-d013-49ed-807c-f868ae9eea77,68692.67,"KES 68,693"
836a60f0-a701-49cf-9bcf-cbd19ff1dd77,21807.92,"KES 21,808"
7d6810ca-aee8-44b7-9eef-cf22b041db48,10167.09,"KES 10,167"
1698aef6-12bb-4b9a-8808-be367ca2da21,69209.15,"KES 69,209"
8e1cdcd4-281d-4459-9209-680bd52876a6,48385.86,"KES 48,386"
21bcd8dd-7930-4092-8535-a42c03056a52,58440.32,"KES 58,440"
c665a835-0443-4b58-b7b6-7e14b4bce673,13377.99,"KES 13,378"
1d4682c7-0b18-4d85-beef-cad1cb0d4fe3,75393.7,"KES 75,394"
48e03e9e-4acd-4db9-ae44-ebebb8aa4a07,19143.56,"KES 19,144"
d004279d-ba62-4490-a0dd-676a3546117a,76595.19,"KES 76,595"
759a6ece-b81a-460b-a0e7-f1f6ab6e1115,27273.02,"KES 27,273"
6aca38d2-20d7-43cf-98f9-9e5c7cdf6fc0,83203.78,"KES 83,204"
1cb96afe-70c5-4350-8785-f1a8b756b59e,27887.37,"KES 27,887"
462ecc7f-0de2-47ea-b49e-9df01e2231c1,50839.49,"KES 50,839"
f232218e-18a4-4f62-a236-5ce5004a9de8,81362.13,"KES 81,362"
5b5b0e73-cb02-4eb8-ada4-6277edffc60c,80748.4,"KES 80,748"
1998afb5-f33d-4fbb-af41-c9a1315946ae,65956.04,"KES 65,956"
354e03b7-47a7-4f64-986f-5717a7f0fd7f,15680.13,"KES 15,680"
2dc74d15-2d02-459c-93f3-c78f06e418d8,80689.99,"KES 80,690"
07cfe48a-2ae3-4be8-97b6-b88c9d54c9f4,101538.34,"KES 101,538"
4f213e42-7a63-4e01-9029-7c125d66660b,95526.5,"KES 95,526"
e1077b3c-e6bf-4f0a-91dd-f4269bb73140,116890.49,"KES 116,890"
8401811f-51bb-4e54-aa28-c05641cbc8cd,81527.02,"KES 81,527"
2bce56e8-a103-4e54-ac2d-4c836736ad8e,97363.74,"KES 97,364"
78595dc7-aae7-4740-ab81-ce275aadd360,18103.96,"KES 18,104"
7caa84d7-21ad-478b-bd36-ae80c3f3cb1b,85923.07,"KES 85,923"
27dc07ae-c8cb-460f-9d5b-bfd2e964e522,15908.82,"KES 15,909"
f6495dea-c5be-484a-b966-61ab3e3e70df,82529.93,"KES 82,530"
c3ef7753-e47f-407d-8af7-0fa265874238,70203.04,"KES 70,203"
a128b050-680d-49dd-96db-c4d5d7d35673,12220.4,"KES 12,220"
94cf1c77-4efa-48f6-a6d2-736ae5595ef5,79009.8,"KES 79,010"
1017180a-5b23-487e-964a-ccdc0c98e5f9,26523.48,"KES 26,523"
3f12ea4d-de47-4676-b14f-ef0de25827f0,111094.52,"KES 111,095"
b1da24af-a96b-4fc1-9fdf-6c030b1e3916,24454.77,"KES 24,455"
992d3ea5-780f-4cc3-9c82-6319fbfd7400,47974.02,"KES 47,974"
18fb3b7a-0d19-4e13-b682-bf3e2d76bfa3,83093.51,"KES 83,094"
726bb181-188a-4fe1-813b-43c2276b025b,21367.85,"KES 21,368"
4bd8490e-7b47-4ac9-97b3-42a3c2feb9b5,32044.48,"KES 32,044"
ddecbfd8-162d-4f6d-9a34-89573f42f728,76467.86,"KES 76,468"
f326b522-5524-443a-b15a-485b852598b0,44768.63,"KES 44,769"
69954c0d-3277-4e75-b7c6-66b41745236e,23796.67,"KES 23,797"
ac4027ed-2935-4720-88a9-3fd465ae1847,81028.81,"KES 81,029"
9be3caf4-5a62-414d-aedd-52a2c8ae243a,18985.1,"KES 18,985"
43ab11fa-b334-4ce2-8535-02bb48b74d4b,21507.39,"KES 21,507"
e4658820-a296-4064-89b9-7f2237c4b28a,19259.39,"KES 19,259"
79b126fe-3adb-48d9-8f3e-5177081fdb68,28411.35,"KES 28,411"
138b3632-3c03-4d07-a674-5ebec1ad299c,18435.35,"KES 18,435"
9ec91a14-45f0-4a0b-87f8-a439a69aa253,89620.62,"KES 89,621"
df5000a4-7805-46a7-8dee-e6df9224d15b,76525.36,"KES 76,525"
5136107b-a782-47a4-8bf9-ea96132f0a66,109864.59,"KES 109,865"
5b15d48a-7e51-40de-a602-5218cf385d93,103978.9,"KES 103,979"
b0302f62-4a8d-4508-bbbb-e543d1a967b7,19692.65,"KES 19,693"
d0cc8bf1-464a-4676-a569-b50f1d521518,12283.59,"KES 12,284"
05c84b12-f01e-458d-880c-2e7cf4d9007a,64105.87,"KES 64,106"
7f6c78c7-599d-4507-acc8-5d28389bbcc6,29494.48,"KES 29,494"
d3fcfced-b39e-4e24-b541-0667fbfb0f97,69279.78,"KES 69,280"
83272d46-8579-4cf4-b7f5-245cd7ad5343,15429.16,"KES 15,429"
70c8257d-c008-4281-ba46-8695b6afd23d,113560.58,"KES 113,561"
a2deef21-1f5b-4e69-8783-c7aebf6fb2b2,11245.15,"KES 11,245"
edb390ab-2447-40bf-9a5d-b87b9bac9d36,111359.02,"KES 111,359"
7ca1547f-c9ee-4b63-9c81-496b96979eae,18074.37,"KES 18,074"
56265667-715b-40dd-858c-b2bae1eaab0f,28873.67,"KES 28,874"
f505c742-cc22-4444-9a37-7b2c85265711,24669.88,"KES 24,670"
50c06d55-dba3-44c9-aefa-c8fddcda92b8,12253.1,"KES 12,253"
b9fb99a3-e291-4cb8-9e1c-2ec6a2d7b4ec,115907.21,"KES 115,907"
9a795d52-9cac-4e5d-aa82-b458df651baf,27782.99,"KES 27,783"
f3f34aaa-33bf-4d95-886e-e89f193901ba,117231.66,"KES 117,232"
432e577f-fd40-4c4f-94af-1aef19d67729,54091.54,"KES 54,092"
ec832d8b-d37b-47d5-9369-0788cc03a92f,15805.98,"KES 15,806"
750f7706-7346-41b1-844f-8099995b6209,73980.26,"KES 73,980"
2bb3d8a1-b0c2-4acb-a619-8f77bada718a,81309.1,"KES 81,309"
8418d7e0-3b73-426e-86a0-297f8016e379,72038.4,"KES 72,038"
6d18c041-92df-48d5-8c28-d2333cb30b90,20017.68,"KES 20,018"
50fefb31-54c7-4e4b-807c-3d0ca1a03430,78233.61,"KES 78,234"
4129e832-0b59-4df4-82ce-437a893d0fcb,18328.36,"KES 18,328"
4c2b4f8d-a090-4c17-914c-e7eeaf0acd06,117719.73,"KES 117,720"
78782435-bcbe-4a86-94f0-3afcd8839127,50173.97,"KES 50,174"
89e28297-2dbc-4e27-add3-5605eebef1bd,107200.24,"KES 107,200"
db11f4f5-0101-4ba6-981b-ab9b86d99a34,84651.97,"KES 84,652"
e29c074e-fd85-47b2-86ed-06261d99763a,43283.87,"KES 43,284"
21dbba43-a878-4a5d-b7a1-e9591e22a798,20725.35,"KES 20,725"
44f3c71a-05d0-4814-be4e-da220427a814,104891.85,"KES 104,892"
5ecf675f-f2f9-46b5-83ea-b726dd8ec921,118177.25,"KES 118,177"
fbbeaca2-6385-41b3-9140-6e660cf18027,55579.04,"KES 55,579"
70695b87-9da1-4ca4-b31b-6870215fa7dc,54936.09,"KES 54,936"
904e87b6-b6df-457e-822d-54e63c2e44dd,12512.07,"KES 12,512"
b83ac3cf-d2d1-4735-b84a-1296ced0da0e,46016.75,"KES 46,017"
6b1e562f-8b74-4363-8113-38b1d5b190b0,50881.54,"KES 50,882"
c068af3c-4dfb-444d-925b-f1a11b693e21,81880.48,"KES 81,880"
e828a86c-8b5d-4599-878a-49869bc6d58a,20643.49,"KES 20,643"
e7bbae84-dfc8-4d76-a852-d4aa95c9bc9d,18597.52,"KES 18,598"
89e269d1-8ce2-4718-b288-f1b9bedc88f7,15460.75,"KES 15,461"
5048280d-40a5-4c85-bc27-7ff8442872be,77228.76,"KES 77,229"
ffd4bdd8-52e1-4b4a-979e-1b238d72c8c2,94875.95,"KES 94,876"
0c22dd79-9177-49de-bbb3-2cbeab719371,103464.97,"KES 103,465"
7562f00b-46e7-43e5-994d-e6c03cf5f4bd,10038.77,"KES 10,039"
e94c0303-aab9-4abe-ae64-5f41e3339f3e,57142.36,"KES 57,142"
753e88f4-4c64-413f-a962-dbb5a3701f12,13276.94,"KES 13,277"
72e4baf3-597c-47d5-b66f-a83a93b5763b,69641.01,"KES 69,641"
cb01b3fb-6f37-490b-94b6-ac2a9b70868c,15451.43,"KES 15,451"
e895dde8-91d4-429c-bf1b-a20008aa03fd,24690.32,"KES 24,690"
0dc2ca8a-f1c3-4286-a6d0-55d8642b4736,91488.18,"KES 91,488"
03e648a3-fcc4-453b-b004-379fc4914518,105116.27,"KES 105,116"
fc2632fb-d74a-4862-a2ce-7e4c4b5b01c2,88960.11,"KES 88,960"
0b78c8e7-47e3-4a20-b4da-06fb1b0e8cad,16297.29,"KES 16,297"
f20cdd98-d23a-41cf-8c01-2c7f294bd9c2,69971.25,"KES 69,971"
0363cd17-ce0a-401b-96d5-41c29388c356,24626.33,"KES 24,626"
4ebceb3b-2602-49a1-a3cd-c6f717c2966f,71462.5,"KES 71,462"
6638926c-a8a6-4536-85a9-feb7c5866383,62049.32,"KES 62,049"
4dc439be-9394-433d-9c5b-ebdf392bbaa8,110700.44,"KES 110,700"
2801a3aa-d596-4fa6-af93-b942abc1702e,10068.44,"KES 10,068"
e3ccaca8-9db6-4270-b3e8-b475aebd5906,18665.73,"KES 18,666"
5d4fe33e-de6a-4022-9d02-0333cf91b700,109259.71,"KES 109,260"
ddc3324e-25d4-4100-89ca-5b2f59d22b4e,115706.21,"KES 115,706"
b9adeb3a-2b60-4e30-b13b-03dd8d93ba86,112583.57,"KES 112,584"
5a20ea5e-08ca-443a-91f9-123aa0fdcf89,28409.28,"KES 28,409"
47da54ec-413a-4eb9-b07e-7ed5fc17846a,72060.04,"KES 72,060"
cd7dabaf-4927-4e87-8418-cde0af5eccdb,31247.86,"KES 31,248"
f8cdc069-8468-4f5a-837a-965ba7ee0bd9,66221.16,"KES 66,221"
cba0ca75-b97c-4a40-9588-881a28d5e1e7,93644.72,"KES 93,645"
b0a463ea-56b5-4a99-a02f-e39af118cd6a,26492.86,"KES 26,493"
327057a3-18a5-4458-85f5-d9502d7bb86b,109154.15,"KES 109,154"
634505f0-7a7f-43d7-83bd-a443cd56f67d,18728.76,"KES 18,729"
ad6dbb3c-f98d-4bb2-8436-ea0a8ed76413,42332.81,"KES 42,333"
93850686-8ecf-4edb-948f-7e1ef0a32f08,39712.74,"KES 39,713"
15f75b2a-fe46-4c10-9411-fa48ef4a41b4,92254.15,"KES 92,254"
ac7e86c5-538a-44f0-bc5d-5daef63226a4,26835.51,"KES 26,836"
914dd0f7-b751-4b61-a3e5-53c4db638477,102484.92,"KES 102,485"
d9f4a20f-e75d-4c14-b5ea-b34461091774,87406.21,"KES 87,406"
4f2f5e5f-9ff1-45b2-acb3-1a941a04e011,50135.74,"KES 50,136"
8e38f629-7c69-4a06-93dd-20eb947c0082,24293.86,"KES 24,294"
f1c43ea4-3158-4245-a663-a304451781c3,58049.93,"KES 58,050"
4e11c06e-65d4-4ebd-92e4-63d7a1d6c413,79753.6,"KES 79,754"
ea20f545-1e35-4d9b-bfe8-297b319822e8,119992.95,"KES 119,993"
297e0eac-b903-4806-a912-abebb2f1769c,88198.56,"KES 88,199"
c2249f07-d0e7-4f13-9216-415e3ad4f422,105396.88,"KES 105,397"
a2754b1f-e0e5-4b77-9db3-6239fcfaf956,67116.3,"KES 67,116"
e7aebf64-452f-4c47-ac18-423dcde896cf,86147.41,"KES 86,147"
bbcf5494-ba4e-4951-8458-7606c0e7af2e,21807.48,"KES 21,807"
ab4cefe3-8ee0-4809-82f1-2f2e8143c94f,41769.66,"KES 41,770"
edc103a9-ab87-431e-940d-8913909b78ba,61438.68,"KES 61,439"
b22823e7-1d1d-45e3-ae1c-96f432d3c744,70529.4,"KES 70,529"
feb4f4c3-2cf2-41e3-bdf7-7f90122b6701,28384.89,"KES 28,385"
b6b651a4-feda-4a68-90c7-0d63d802619a,94895.63,"KES 94,896"
150d8ba1-7b22-40e6-bbaf-68db183cdb32,94672.61,"KES 94,673"
6f1917f0-96d2-4fd2-b01d-2e8964de9daf,90060.29,"KES 90,060"
fbf98dec-1853-482c-86b4-df441e0e682f,28542.05,"KES 28,542"
c0d26581-f8e3-4c8b-8717-6b7ff295789e,17440.83,"KES 17,441"
d53f8d48-3340-48ad-b709-6989b2f4ec5c,73516.06,"KES 73,516"
d5a5e49c-edd5-461d-9e93-f28a24ebb236,19405.68,"KES 19,406"
f00357be-a577-4968-b62e-2b84b9fa9c6a,66953.94,"KES 66,954"
bcc217d5-2141-471d-bad5-7e37cc8490a4,24948.39,"KES 24,948"
6c60ce9e-8727-4efe-aa84-767b7f756f4b,104571.59,"KES 104,572"
7e44dbb3-55a2-410e-833d-9e9a9537d229,65358.94,"KES 65,359"
f2061904-ce66-4484-b214-27fd2de47e96,59344.03,"KES 59,344"
fc3fbaef-4c47-40f5-9066-90a714fdf5cb,106453.28,"KES 106,453"
7b7abd67-2b2b-4d03-a8f6-e0102fe9951d,10108.9,"KES 10,109"
61f9f287-89f9-4c73-a704-55f990f57966,79491.13,"KES 79,491"
133288db-2d92-43e0-8d28-b811afbec6cf,90114.63,"KES 90,115"
f35a0d52-bc43-484d-ba6c-92b6b448f866,12730.38,"KES 12,730"
985ea2b6-3042-487d-8399-2261a62b2f2d,22013.25,"KES 22,013"
8bf05c49-0e6c-4bed-8a37-06d3f2921969,36501.48,"KES 36,501"
dad79dbd-6f69-43d3-8504-194cab7852eb,10381.94,"KES 10,382"
0795a80a-0b03-4ece-9b5a-542e1e17c022,122482.79,"KES 122,483"
04c8aa18-bfd4-4c8a-89ca-c5395da86aa7,10098.06,"KES 10,098"
e5932f5b-da39-4e73-8843-1516674e1ba0,38388.81,"KES 38,389"
64b5c1e9-9887-4258-adfe-54e5e52b82b6,10086.71,"KES 10,087"
b585d494-28b1-44ba-998c-3d181f50ed87,23822.07,"KES 23,822"
53e88c34-3146-4a25-93f7-7395938cc22f,117499.15,"KES 117,499"
6546ab06-a823-42c5-9e3e-9508f39b1bb5,20048.23,"KES 20,048"
60711edc-293e-4141-a039-2ecc690437c5,24049.22,"KES 24,049"
4c5828f4-411a-405f-90bf-2dfcbea7ad6c,11243.6,"KES 11,244"
43c4896c-93a4-42d5-b6fd-5c2ac7e3070c,80039.87,"KES 80,040"
5457ba20-1147-4250-9017-fa42c05559a6,19092.25,"KES 19,092"
0395e5a9-d129-43a9-85d5-0a27eb45ab88,24933.4,"KES 24,933"
53b6c770-e46e-4177-a7dd-03914e319f74,15915.91,"KES 15,916"
fa057557-3fb0-40fd-a8b1-ebf126b4804a,107720.88,"KES 107,721"
c71fa48c-17d4-475d-8ae9-d2babfc17027,100460.68,"KES 100,461"
eeb9960e-d1a9-47e7-a7b1-509e7bf12e0d,21998.44,"KES 21,998"
ffe88546-e9a4-4c1f-b1d8-788e1cc2a645,52796.41,"KES 52,796"
22ffb991-1a6e-4e42-99f3-58f0ea84d6a8,94070.89,"KES 94,071"
37c47ba5-be5a-4b72-afc6-b80fa6b717a6,92578.8,"KES 92,579"
c1b1b0b9-e6fe-4bb1-8db8-058447db3a36,54654.21,"KES 54,654"
c3c66dbc-89bc-4187-98b7-385fc25b6a85,71571.94,"KES 71,572"
61e38145-ed85-4dab-abc1-90a17582bdc3,71857.7,"KES 71,858"
0932d161-6837-4394-9271-dd3af2edde21,82778.32,"KES 82,778"
24c753cd-335a-445d-8fe5-2d35a48f3b75,22944.2,"KES 22,944"
91ece9c6-d3f3-41a0-a6f5-26fc26a929dd,11554.03,"KES 11,554"
694348bc-dcdb-45f7-85df-a53d428b85f1,10031.13,"KES 10,031"
8e5e7cb0-38d5-4780-8719-8465049e2af2,15640.11,"KES 15,640"
7c863aa0-a420-4051-a659-744b40c728f3,102780.81,"KES 102,781"
c5f0658c-3c1f-4fd5-ad9d-a116a5b890d2,103188.96,"KES 103,189"
33f06dbb-3fcd-48d9-8aa8-64135c8a78b6,99154.26,"KES 99,154"
b9332df0-d3aa-463d-a617-87246477603d,92062.75,"KES 92,063"
4bdafefa-9983-47f1-9af0-094cb59d9454,17539.6,"KES 17,540"
e8ae24dd-89b5-4351-b89c-1b802e22d7ae,79668.51,"KES 79,669"
e0bcdacb-0b36-4201-99d8-1ac5de485d89,84604.03,"KES 84,604"
b3fbb293-147d-4abe-b796-74b6b9e31543,27175.14,"KES 27,175"
43681889-68a1-41bd-9747-ae19c1d9d9c8,111556.48,"KES 111,556"
8589c171-c1ba-4f01-9c2e-b504eb3beef5,57205.26,"KES 57,205"
98b297d6-5c8c-41a6-ba6a-f6d798a9e519,21441.94,"KES 21,442"
fe16d95c-d81c-422c-a46a-22f3e75ed5a3,85297.51,"KES 85,298"
c3c8d2e4-b36b-4cad-9775-80d7cbf54833,52765.36,"KES 52,765"
5a315bac-f7b7-4b51-8691-66d008ab51ac,91477.39,"KES 91,477"
0031f5f9-ee1f-4660-84e1-8077ab045b72,39952.33,"KES 39,952"
7d5d45e4-e0a8-4fbe-93eb-5ec3d8f67e6e,74847.82,"KES 74,848"
c7300dc2-8a38-4ec8-b0df-13a5b159156c,28426.13,"KES 28,426"
dfd3b27d-da01-4c75-9856-bd1625a299a8,34441.32,"KES 34,441"
5b4cd754-3ca3-45d0-a901-1a7fe98ffebf,29203.44,"KES 29,203"
c0180942-a91b-436c-b465-5a5ff90f6a13,17056.22,"KES 17,056"
b4995dda-9b95-472e-b7d5-2be3002a4b79,99848.15,"KES 99,848"
20813a7c-5cd2-42ae-8271-b7e6ab9a4a30,15313.61,"KES 15,314"
9998bc7a-ca94-4813-a14a-e219b7666457,52361.37,"KES 52,361"
4b493e2f-97dd-4e9f-963a-8652bf75d49c,10525.97,"KES 10,526"
f6613c75-edc5-42d4-ad2e-8f47b353506a,11635.78,"KES 11,636"
8c3b9093-46ee-48d6-9bd4-85d9c258d306,10037.04,"KES 10,037"
58aed287-f6a4-42bb-9af6-0a91e0c92169,97605.15,"KES 97,605"
cafc42f2-b6c8-4767-949a-20b3a5360556,78570.66,"KES 78,571"
a7609068-ff14-49f9-aecc-08932cb910aa,45499.86,"KES 45,500"
46079d97-8e69-470e-aa26-7b6bbc1c6127,91430.9,"KES 91,431"
08cf82cc-1d92-4860-a8f4-42587c74e033,104542.85,"KES 104,543"
b63e1296-9566-4374-a61f-940f5c7b1233,28179.1,"KES 28,179"
0200a919-3344-4ffc-94eb-bf79ca1cc39b,79431.68,"KES 79,432"
4e30f584-4e59-4d07-9fc6-2089295755f1,27378.63,"KES 27,379"
4729c9a7-9e88-4b62-b21b-9b7aa07e1575,17053.45,"KES 17,053"
eac81d8e-de29-4dfb-b1ec-0bbba51643e1,101389.72,"KES 101,390"
b57dda43-3a43-41e0-b1c8-749a68088e41,22358.3,"KES 22,358"
867d9f5c-6094-45fb-b655-fc39d18babd8,107656.26,"KES 107,656"
f1eff808-9425-4ec8-9d76-b092ae16d4d3,94002.59,"KES 94,003"
fad4028e-96bf-4426-bb45-40a3bd805333,75885.23,"KES 75,885"
8451ef00-5a99-4e4c-841c-a87cba47fdd9,65952.65,"KES 65,953"
e335b719-cdc4-40de-ba6a-cd81b8755ecd,50700.79,"KES 50,701"
e54d8b92-ecad-4b8f-8913-87d3a1fc8658,52469.99,"KES 52,470"
d704d5bf-1f07-4e28-a8ed-a9f0aebbe213,19062.14,"KES 19,062"
180d1af1-5791-48a6-83e5-45987eac5888,103277.98,"KES 103,278"
a54719df-20e0-4172-9ca8-50361660b1ac,76246.23,"KES 76,246"
3135deac-2f63-46e6-a170-94b64b907e3c,75938.5,"KES 75,939"
da47ea13-e125-4aa4-87b2-a25f31b7843d,106213.34,"KES 106,213"
a95df1b1-12f6-450e-9bb8-ddff9fd4ba80,14844.5,"KES 14,844"
38152d9a-be22-41e9-8789-71eb24cbe801,24904.81,"KES 24,905"
76cb58aa-7a14-4b66-9aa6-fc48973d0e73,102380.81,"KES 102,381"
05f34176-4229-4c46-85fe-7616545e0dfb,57206.12,"KES 57,206"
26b68035-da1b-4ba8-aaee-c78aa346eff3,65330.04,"KES 65,330"
f9950f35-b854-43ac-a468-7f0cbb6dcf27,36862.58,"KES 36,863"
81d6fab7-1c06-4fb6-820b-44bcea0f86ed,69938.43,"KES 69,938"
a574ac45-98ea-49d3-9eba-9b408a91dd0a,10048.99,"KES 10,049"
ec132e03-69d8-4fa5-ba43-6add5cabaee1,103542.58,"KES 103,543"
2cd45af4-df3d-44e9-86c6-064ec71caa84,42525.42,"KES 42,525"
9ad9f2e4-c179-42ed-aee6-a0e9f0997e47,19511.99,"KES 19,512"
ac585cae-a4c4-49c6-b521-e72c617df1bb,28617.37,"KES 28,617"
c790f495-3335-4978-9846-d5c252d3d4ac,24887.5,"KES 24,887"
e010036f-8cb1-446e-b255-d35a7ec55140,24763.38,"KES 24,763"
4fcd797c-a4e7-43da-9c2d-f99ab1a8df34,18312.92,"KES 18,313"
77663a42-fa9e-4ba8-b3e0-a9e4875af2b0,10074.78,"KES 10,075"
da94ed9e-04d0-4228-ae80-47218e397ee9,48827.12,"KES 48,827"
1f5701f0-ac17-4f08-b7a5-28ca74dc0665,80003.52,"KES 80,004"
3a806637-38ce-4298-83f6-a9389de0ebfb,89629.27,"KES 89,629"
57cd977b-b4e1-4831-8038-840fd6b118c7,96061.41,"KES 96,061"
95fa0751-3573-40d2-8f8d-14870effe801,49825.48,"KES 49,825"
bc7aca3a-c556-4a3d-a06a-9a74c90a84af,100613.47,"KES 100,613"
31181bb5-80cb-4608-9f19-975d37d6d3df,25169.36,"KES 25,169"
82aab0e7-3113-4623-9239-697eee776e25,77835.5,"KES 77,835"
a11e0794-17ba-422f-85ce-45f6269dc0fd,37415.53,"KES 37,416"
06ef1a39-d2b0-4773-aab7-63f031e66b1c,108653.22,"KES 108,653"
d50fe2a6-0740-4427-bdaf-dead3b898826,103985.74,"KES 103,986"
3c5c21b8-ca62-4b97-aaf9-38afdfd4e906,60470.11,"KES 60,470"
92ceb9df-4f25-4bcb-bc3f-1b37a1d081a5,16021.99,"KES 16,022"
f2e022fa-58c6-40a9-b5e7-84f1368a8ef6,100409.52,"KES 100,410"
a42baa7e-0e7a-4cfe-bad9-d60f0d0b6587,10343.3,"KES 10,343"
78568574-789d-4dd4-ad63-3bce81543174,50391.18,"KES 50,391"
0e306aa1-894f-402c-8345-7be4b4d1d1f3,102903.27,"KES 102,903"
b74fef2b-a597-479e-ba32-64bcf16ad989,19574.81,"KES 19,575"
9553fc19-b456-4a0a-8672-1748e8da9992,16719.57,"KES 16,720"
852e6b8b-2433-41d3-978b-44c4b23dc43e,10011.62,"KES 10,012"
eeeb9c59-8f86-43f8-b468-abca36ff3acc,104966.35,"KES 104,966"
9424dc0a-b8df-4cca-94e0-ca510778488c,65694.94,"KES 65,695"
34fadfcf-48c6-4099-a83f-06367a84b2af,96651.04,"KES 96,651"
7c78f3c0-5daa-440c-9abb-08f6056897e5,13808.16,"KES 13,808"
864f8497-49fe-453e-b3e2-aca2c5bb5283,39750.22,"KES 39,750"
10920e49-eb04-465e-9ecc-220fa6608739,27042.66,"KES 27,043"
4988765f-c1d6-4fcb-bbee-792971f0008b,17805.25,"KES 17,805"
b572746c-1edb-41b0-8710-a8ba1fd25547,81247.12,"KES 81,247"
0e704ce9-84e3-44a9-855f-c1226f91cccb,113771.57,"KES 113,772"
0075bd27-8a49-40d0-9f77-477a2756d6c6,15664.18,"KES 15,664"
720fbdfa-d5d3-421f-860f-a907a4aac978,114272.04,"KES 114,272"
7cca4e2c-3448-4812-b823-30bd9d016b06,80742.01,"KES 80,742"
deab0cd2-f26a-42eb-b41e-aad44c133b87,25646.99,"KES 25,647"
010f06d4-23e1-4fa3-a399-ef998ae7bb1b,12982.12,"KES 12,982"
77b177fb-553d-42bb-aa65-d249a124b55d,19165.4,"KES 19,165"
0447ef88-8808-455f-8b70-bd2695ae7cb4,108853.57,"KES 108,854"
59ed80f3-4e0c-4b20-956c-3129b75a1b36,11193.47,"KES 11,193"
8b86d822-bef1-4cb4-a327-211396ce5a2f,10217.08,"KES 10,217"
69a42b8c-1ec8-482a-911d-0dbd56984f1e,13882.3,"KES 13,882"
919a6dc2-ba2c-4dee-b45f-f382dd1cddde,13888.39,"KES 13,888"
efa93c26-065c-4cf2-a328-43837994aaa3,107816.66,"KES 107,817"
df3337e9-d212-4e46-8da6-c6ba4d2375be,86508.18,"KES 86,508"
b2aedce1-5db4-44cb-91d9-860a6b1cf8b3,22375.62,"KES 22,376"
40db5589-8a65-4cfa-9add-020c0d38f5db,78713.18,"KES 78,713"
1e8ab946-6d59-4af7-8d77-aa86c4748048,93047.63,"KES 93,048"
aae1f219-5caa-4bca-965f-4ff2ea10f61b,17462.56,"KES 17,463"
edf13ebb-2817-4265-9393-376961b24591,90238.16,"KES 90,238"
754f29f1-97b2-46d5-86e8-811e430df1b7,90545.19,"KES 90,545"
088b6ea8-320c-4b28-947c-6876b942e3e3,26762.0,"KES 26,762"
fe346484-a676-47a4-89ee-e9f79389ad0b,98782.12,"KES 98,782"
6cb56f33-bddb-4e4e-a940-ab56fbdcfbdb,36590.23,"KES 36,590"
f939fd76-b4c4-4ce3-8c6e-342f4a94cd0d,62145.39,"KES 62,145"
7cdf4654-759d-4dcd-960e-56a394b1a768,11519.04,"KES 11,519"
85091ea8-60a0-4904-ab58-ef8948b81210,90230.61,"KES 90,231"
7dfa8173-674f-490f-b39d-906bdef56f84,15675.61,"KES 15,676"
f70618bd-e951-40c4-8880-c88ff1c7ed2e,116170.68,"KES 116,171"
b4776825-008b-48ba-a779-c56a78d970e7,69655.37,"KES 69,655"
331e6ecc-84ed-4740-9601-6898aea39e84,21203.05,"KES 21,203"
5d8b8900-52ac-4b2b-8cba-971346b131aa,23460.39,"KES 23,460"
1eba71d0-ffbf-47fd-805c-3f6cea19d292,68440.35,"KES 68,440"
668d432e-321a-4860-aee8-7da343f38d8e,14639.37,"KES 14,639"
a8a3f7e5-1a5a-4b72-bdc6-7bf3c03607af,28383.1,"KES 28,383"
d047ed56-88b6-4c9e-bfd8-cc66b262ed47,28866.07,"KES 28,866"
8b16ef34-c1f0-47d0-9288-ac84a19e6435,85025.15,"KES 85,025"
823ad5d7-5b72-4c6b-83ce-e5b5fc4e3506,102309.49,"KES 102,309"
ed3e2a1e-314d-4f99-ba9a-c49b2dbb6ecf,22617.53,"KES 22,618"
a4a701bc-c1ff-4479-8fc9-f41d0e4a7fe9,16637.31,"KES 16,637"
7309a397-4343-496b-a4eb-1d273a1b8e23,29599.92,"KES 29,600"
0cbfb1df-64f8-4155-9f2d-89c08f55ad46,77072.93,"KES 77,073"
1a7397e6-aa69-4f67-ae21-1cc425227e64,49890.48,"KES 49,890"
459978d0-b4f1-49ba-8a7d-d96b4c566bf9,16514.23,"KES 16,514"
77281a49-d821-43aa-9030-d5f8db1755cb,10771.92,"KES 10,772"
f334c8ae-bfde-4535-8010-702584c8a53a,117780.13,"KES 117,780"
622cd623-971e-4877-b051-6cfb51954946,20445.87,"KES 20,446"
9ff56a2d-eaa7-4752-a88e-0be0067bff1b,111381.06,"KES 111,381"
1d0121f6-6f5b-498c-ade3-80f2ee103680,94618.36,"KES 94,618"
242b6d0f-1135-43e4-980f-15efe065f221,79280.41,"KES 79,280"
c528e3c4-9a51-4e49-95e8-e53b7b810ca6,80775.23,"KES 80,775"
de22f8c8-6ff7-4227-9b0f-6247cd95d49a,13197.63,"KES 13,198"
7848db62-6ba0-4a8e-b8db-75444ed1f94c,50949.85,"KES 50,950"
ae3130d5-33f5-4e2f-bdee-2a54b4b4e993,65414.9,"KES 65,415"
933b21d8-fd05-47e6-82da-a3d149034499,102201.75,"KES 102,202"
a40b90f2-c0bb-460b-b0ae-15b288854b68,18564.91,"KES 18,565"
3db63b6e-7c96-4d0c-bf84-ad81bf19a912,58422.36,"KES 58,422"
fc1b2f92-c1cf-48ed-8871-f874cb63624f,27050.17,"KES 27,050"
387226cc-4529-4499-86bb-9d3829005c61,41834.47,"KES 41,834"
a53b3548-724e-4074-a1c7-abc630cc8b34,23887.98,"KES 23,888"
aeab1813-55c2-4630-b5ad-baa14d21956c,102050.37,"KES 102,050"
bc75c2d8-6605-4a04-99be-2437e1a8620f,107472.54,"KES 107,473"
21ccab7f-3a90-495e-9ac4-4784181c8810,67164.82,"KES 67,165"
f90a80a0-3bd1-4b5f-be5f-ec15b65308d9,49488.58,"KES 49,489"
52280839-fe82-479c-be75-17a44a3501b4,10084.01,"KES 10,084"
762f03f3-d854-4b11-9cff-4f163b9c52d1,25606.52,"KES 25,607"
e381da72-21c4-4dde-8f05-3f8a51849163,89844.01,"KES 89,844"
a920b8dc-2383-4589-9f86-4408323baf0a,113950.94,"KES 113,951"
287a0e81-5d88-46ea-b3af-c6153f27084f,59012.23,"KES 59,012"
0bd97cb9-62b3-42bb-bc2a-ee15027ff1b0,75704.81,"KES 75,705"
8ef200cd-efbe-4e09-90ae-2bececb894e7,52373.38,"KES 52,373"
d140c904-9b07-47bc-9bfc-af5191a420f6,81436.86,"KES 81,437"
c5b67e1b-05ec-4d05-be43-fa2e6a7a1090,71866.47,"KES 71,866"
6bd44b8c-b571-4ed8-a05e-4b8898c92b01,14103.52,"KES 14,104"
84fb7195-2127-4e63-83db-48bd18e75d2d,100973.39,"KES 100,973"
ffe608dc-2330-4a1b-bef7-918fcbdfd5b7,99041.26,"KES 99,041"
f0f2516d-f2d5-451d-a4a8-fec122ed2a5e,17434.27,"KES 17,434"
0b16296b-5e17-490c-bdb2-fdca44ffe44d,10081.32,"KES 10,081"
596e57f3-e832-426a-a2a9-db864c25997f,106180.07,"KES 106,180"
5eeb1e4a-d849-4d55-a1d4-fba7035febab,43475.59,"KES 43,476"
ab01596d-2518-4aef-8788-ccd08e51eb81,69294.62,"KES 69,295"
4af8be48-3d2d-4b11-a67f-a33645502606,78521.07,"KES 78,521"
e9db68c7-d399-4440-b870-fa8d8616990d,21635.9,"KES 21,636"
3077e31f-b4f2-47ab-bc1a-a994128b5bdc,53747.96,"KES 53,748"
62b350aa-c721-4f5c-bd7d-13e88b548aef,66976.25,"KES 66,976"
1041bb16-30c9-48ef-abff-985621ba5c4c,22597.8,"KES 22,598"
a8d1c9dc-d9f4-488b-8daa-ac8b27960b97,23957.03,"KES 23,957"
81406692-6d81-44d1-9cd5-b0006626b745,78268.45,"KES 78,268"
193571e9-46b9-4ddf-9d2c-ec4f2a3e3e98,113553.66,"KES 113,554"
9cc7e3b3-a730-4ddb-a62d-4d0e6a9c14e6,78944.54,"KES 78,945"
d01fa235-0cbf-4f74-86ec-a2d89e314e67,28086.04,"KES 28,086"
2874e12e-f2fb-4760-b684-6887a7402b85,105446.85,"KES 105,447"
993266f2-654e-4a6d-90f4-1d3cc367fa53,26068.25,"KES 26,068"
8fb1ce7a-e2fe-45ba-a4d9-eaf018d75363,84564.64,"KES 84,565"
32e24113-a352-49c3-b2e3-e25ba0a639aa,22549.99,"KES 22,550"
852ed98c-545f-4a9e-ba27-3222f64382a5,18418.06,"KES 18,418"
6b698177-5f93-4114-84e5-94369a399d2d,41606.07,"KES 41,606"
6c3c46e0-2d47-4ac7-8e4d-00eb77cd86bc,112340.94,"KES 112,341"
b9d9c2cf-76a0-44c9-8bb2-ed3f6348815e,22402.52,"KES 22,403"
4ec40d7e-55ff-408f-abbd-87fcdea97378,116571.37,"KES 116,571"
dfcd6b7b-df71-4042-ad4b-90801d7d16c3,100892.95,"KES 100,893"
dd41fd79-aa21-4f57-a7f1-1334cb9a76ed,28078.08,"KES 28,078"
a12ca43b-beef-44d5-83fb-48b5ee135ccb,15585.57,"KES 15,586"
812a9f9e-52e6-495b-a8a0-e4a771ef994b,107979.53,"KES 107,980"
bb01a3e9-3aa0-4ba3-a931-f481ba0299e0,100022.31,"KES 100,022"
b15168f0-f358-4c74-8436-74a0158edff9,40314.63,"KES 40,315"
ee8bf275-3d11-4217-abb8-289768fbbbd4,83562.98,"KES 83,563"
ad5499c9-2ebf-4e5c-b9d5-d007cca5ae0e,122012.61,"KES 122,013"
8f6f5df5-0519-49f5-a310-c5c434495b68,13236.98,"KES 13,237"
0b3bc0b4-9c30-4dfd-a7fb-6e56ec6f4881,74058.33,"KES 74,058"
958e6e49-d9a3-4f63-a8eb-2047a2820d73,77317.87,"KES 77,318"
820bff2b-d401-42f2-827e-27e5e753f60e,10108.59,"KES 10,109"
98ffde48-3ab7-43c3-adff-ff1d073b16b8,72922.56,"KES 72,923"
244c224f-e0d4-44c9-9045-8f884615b411,38825.84,"KES 38,826"
4d3792a2-7ed6-45f8-8e06-0e751f93d43e,10088.33,"KES 10,088"
8a40850d-4681-4ed6-93d3-ccfc22a17c2e,25957.94,"KES 25,958"
9ae7605e-1974-4c71-bc6c-46665f62aca6,59975.22,"KES 59,975"
2dd504a6-d379-4f16-b444-8bfe02ebcfe6,78609.57,"KES 78,610"
055a17ce-2292-4eaa-9533-768399a4e95b,24277.22,"KES 24,277"
74c5b100-1b53-432d-9cc5-e8d2a927a48f,116594.27,"KES 116,594"
b877d090-f26a-495d-9f27-6d57ef2835f4,70911.74,"KES 70,912"
57b0093f-e8af-4040-a418-d923c6c094f7,89530.06,"KES 89,530"
a39eab54-ce65-4d4d-be71-540d4606985d,44999.38,"KES 44,999"
cf641101-0a15-45dc-b4e4-a8da2b718420,69727.24,"KES 69,727"
21a550a0-95e6-47b8-a335-a75206ae9f8e,80387.95,"KES 80,388"
1f373e8a-d8c9-47a0-8428-d2a60f130196,27293.67,"KES 27,294"
7346121f-75ea-4f86-ba89-085032b04197,88695.53,"KES 88,696"
da91a85b-44fc-441c-a1d4-46d87e07a105,18150.49,"KES 18,150"
07744b14-8d64-4c19-8ded-6a6598d9796c,26710.68,"KES 26,711"
cef91e16-655f-4e1a-8171-38fd2ae98c20,98025.32,"KES 98,025"
13897810-f31a-423d-87c3-953a747247b4,73430.67,"KES 73,431"
de1f03cf-31d2-4b3f-8aef-1967fc3e968b,76446.76,"KES 76,447"
7b9aa1f9-2d5c-452a-a62d-371ca68715ef,102921.15,"KES 102,921"
92df2bcb-e63e-45f5-9677-f1ea523e4d25,108209.7,"KES 108,210"
0371b813-4a8c-4251-a93e-435b3e750648,80757.75,"KES 80,758"
6306fce3-8f55-4a9a-b580-7f1adf16b409,46410.04,"KES 46,410"
12f82bbc-9f1f-4c65-b666-012f7a16fdde,10086.34,"KES 10,086"
0ac2326c-32ad-4d91-adcc-cfcabe30cec9,11268.85,"KES 11,269"
b2be07bc-f7ee-4dce-a733-b18fafc2621b,59156.65,"KES 59,157"
f78449f9-5c4e-4fd4-bbdd-e139f330eb83,56289.49,"KES 56,289"
e3d50d60-b878-4013-9aaa-fadaa7a62c34,80735.61,"KES 80,736"
99a6afbb-86a0-4ced-b9fc-980e94d3141d,74442.04,"KES 74,442"
ba9a46a5-029a-410e-81be-164e67347ce3,107172.19,"KES 107,172"
d4f9721c-9053-486f-9fa4-f39092b23afd,18564.13,"KES 18,564"
0feb83ec-c341-4558-b337-88ba564f1a53,62962.82,"KES 62,963"
9d581b55-48e0-4268-b65f-c671ecbbe410,65407.93,"KES 65,408"
eb5ce176-5910-4988-b4a4-93b62f4eea28,29596.85,"KES 29,597"
b26582fd-ab26-4cfe-b3f9-9d5f9b550de8,67354.91,"KES 67,355"
7247f615-7eb6-4495-a949-78f94785d8be,12798.77,"KES 12,799"
3b2cbc25-199a-493f-a0eb-7803109b7076,61276.35,"KES 61,276"
8a7c2831-1c4a-4b74-9342-5c4f23cbff51,26259.25,"KES 26,259"
514fd5f8-b455-4c6e-8bde-a4026303abbd,75712.84,"KES 75,713"
9d43afb4-1b1a-4b86-911f-66622dc0318a,28587.65,"KES 28,588"
73343b17-5cb4-4377-9ba8-a9a3dd1070b9,99250.64,"KES 99,251"
746a3c60-e1ba-4df3-9cb4-0986e2bfd824,42488.15,"KES 42,488"
b9321c38-a423-44b5-915f-30bd9b5cfa40,105399.47,"KES 105,399"
530ca42d-1552-4435-9619-2c2e0f662878,108339.02,"KES 108,339"
5dc6d993-51c9-4a48-9b9a-88cc95d8a6a0,73855.35,"KES 73,855"
50f36d17-62ae-4bc0-b5e1-0b8fbeed94ca,12094.65,"KES 12,095"
12a669db-74cf-4400-aede-9baf0d481ac9,83253.1,"KES 83,253"
298ab2aa-7b1e-4656-b824-572df016f337,50870.22,"KES 50,870"
3a0b4b8b-718a-4971-853c-39b85a7097e1,19228.26,"KES 19,228"
cb883a05-e89d-4ecd-9bfd-48eb9d54bbbc,104474.96,"KES 104,475"
bff4740f-ec7c-4be9-84e5-f17efe9cd434,20759.94,"KES 20,760"
b0115f18-577f-4c21-835b-4fcf86ecc923,10050.7,"KES 10,051"
38d7894f-568f-4956-8f23-eff8942999e8,38724.83,"KES 38,725"
85c6b627-3c2d-4a18-ace1-8475750e864e,63676.09,"KES 63,676"
e0577a80-b588-41d7-ac02-667d15ffb547,10052.16,"KES 10,052"
334e1387-7168-4b73-ad77-83f083754d7d,85461.74,"KES 85,462"
a2da9233-d749-4c46-8cd5-eb8cd7e5ffe3,73578.76,"KES 73,579"
3a200664-63e2-4a54-97f2-af235d6e1b56,37232.55,"KES 37,233"
e8da65e7-2b6b-459f-af9b-c1a57f2925e6,119288.93,"KES 119,289"
f49a46aa-d522-4c2c-90d6-5b164f15db7a,107056.57,"KES 107,057"
c9fdf7d5-0d95-42d7-b30e-8f6dc8120c56,56506.45,"KES 56,506"
ea63b62b-a52f-48da-b527-7adda8ea28db,41788.38,"KES 41,788"
d95928ac-060f-4707-a7fa-b68f17366624,29712.48,"KES 29,712"
cb90e20c-589e-4c1a-a7ce-f47ae36650e7,19961.5,"KES 19,962"
e00b6198-943a-44bf-87fe-b64748e9f2c5,96773.69,"KES 96,774"
173e3b2e-7ebc-4072-896b-f3ca84f4aa75,63956.49,"KES 63,956"
3fbeeb38-5bb8-46cb-9118-02815cb0a948,26246.19,"KES 26,246"
0a4aed95-3874-468f-8bee-4ddf181827f6,47796.32,"KES 47,796"
5a1a640c-fff0-4691-9700-b3cc723b3158,25654.77,"KES 25,655"
2826fa71-c4f8-40e0-bb23-6a5652f8112f,19802.6,"KES 19,803"
ccf0a35a-9317-4847-9041-795b2643902b,70873.01,"KES 70,873"
9fb51426-9275-4de0-9bf2-b3f6f7262037,79508.27,"KES 79,508"
4c107f0f-a3b4-413e-aa03-3cc57e167d21,12001.52,"KES 12,002"
53e7836d-00a0-4b22-b59f-9df4564095a0,13223.24,"KES 13,223"
291b5255-2735-4ccf-b33a-2413f750bdd1,90831.19,"KES 90,831"
463e5b53-6d60-41ed-b436-bcc2569077f2,15469.2,"KES 15,469"
db328b90-6e93-446c-9ab0-4b52a8057c39,87893.34,"KES 87,893"
471c122f-b3d8-434b-9a48-cdfced7b6bc9,105508.84,"KES 105,509"
abb7bda9-d21a-46c9-8158-1b40e9b1e642,21543.2,"KES 21,543"
e390a3d1-bb05-4648-84ed-1341ad6c20f2,78690.36,"KES 78,690"
aad1af30-e682-4bc1-97fa-d4ff5cc2a167,105186.98,"KES 105,187"
41df0d13-eeff-4df5-9ae9-399330074ab0,99439.68,"KES 99,440"
8d412848-4231-4317-935a-8cd348eb7b14,85340.78,"KES 85,341"
55664db6-0a82-405e-ad6e-b17ed7222aa3,19697.35,"KES 19,697"
2195a586-7c19-46ab-a346-36ea2ef5a7f6,97222.99,"KES 97,223"
2d4e1bcb-8d7a-4666-9d94-abf96bc88c0b,104701.56,"KES 104,702"
e46eeffe-84d0-446f-9304-03ac223f3749,70583.87,"KES 70,584"
d6b23d25-d029-4dea-b0f9-9419ddf6f47f,35291.16,"KES 35,291"
72b79181-40be-4dde-818f-721dabcafc0a,69115.32,"KES 69,115"
d3dc0919-926c-4e85-a663-f04bbc82d71f,49139.49,"KES 49,139"
2a09740b-2f01-4734-b83a-61b6d52c618b,13805.7,"KES 13,806"
689e8e25-80e0-497f-8c04-e9a15a85964f,88907.02,"KES 88,907"
d02d35e1-ae63-4da1-8c52-9693d3eb8181,20317.09,"KES 20,317"
852336c5-e1ec-45ff-936c-24c5ef1a9c40,122234.38,"KES 122,234"
a58c8670-7545-4316-b86d-3dec1d2da3b8,66358.83,"KES 66,359"
43204cd0-41fc-4a96-9973-28392df2370a,85198.75,"KES 85,199"
0aa0fdaa-1886-456c-8ae5-729780cd0ca1,44364.64,"KES 44,365"
df757be1-af68-4215-834b-dab98f5f6320,37936.34,"KES 37,936"
1e5d242e-cbce-4270-a961-c981c0e53efc,29452.88,"KES 29,453"
534a6b28-298e-49b9-bd44-e5e39daedafa,71497.94,"KES 71,498"
3efdeb3e-7eea-40ee-a59c-7555889e6a8d,10095.7,"KES 10,096"
9a3e38ef-4312-44cb-8ee0-04b181b50081,122176.31,"KES 122,176"
923c082d-5ce0-4b4d-9714-0a47a7d4dd1a,62121.19,"KES 62,121"
2effbd5f-e789-4ca2-a55c-381ae9154e36,11287.69,"KES 11,288"
92bbb81c-e567-462d-a50e-5a2b6e895b47,89231.64,"KES 89,232"
a2cdf6ba-6f6e-45d5-927a-a04dc43dc949,13522.63,"KES 13,523"
9bb2e497-48eb-4391-bfe1-77179b1b7d83,19573.51,"KES 19,574"
b34f27a8-a4b2-4c80-9407-7e13f4a3e8a0,10058.02,"KES 10,058"
6c859438-60c0-45c3-8d70-e422554a7047,19337.37,"KES 19,337"
ed62155a-3a8b-4536-9a6b-3f7d1abe0c68,32318.04,"KES 32,318"
79e0f28a-e98e-4d7f-9c87-2f42a0b63245,10239.66,"KES 10,240"
ffa0718d-f13a-4e66-8fee-ecf95dae0331,96485.3,"KES 96,485"
d4551b9e-34e6-4c0a-b834-0a94e139c9b8,104055.57,"KES 104,056"
a3c61938-0e4d-43de-b43c-83f083ede061,84922.25,"KES 84,922"
02963cb8-c79e-439b-90dc-206ef8bb552e,22357.58,"KES 22,358"
03e7f152-d7a9-4540-887e-a0c992e5dbbd,34061.82,"KES 34,062"
e9906584-7250-403d-9cdb-54f1c3fa5245,95777.91,"KES 95,778"
002d7cfa-f7f5-4327-a5ff-efd704ba86ba,86332.51,"KES 86,333"
e543bbeb-67fa-4479-a3ea-46546e4b1b73,14739.93,"KES 14,740"
0b9d9514-351c-40aa-adc8-a66709a0d9e5,88889.05,"KES 88,889"
7405ed1c-bb82-45eb-b374-f0cbe8eaf41a,95117.81,"KES 95,118"
58bf8582-19b7-41d9-ae11-9ce982e35c39,107566.91,"KES 107,567"
c2950f30-c89f-42a0-94a7-2f8e8764cc5e,12675.14,"KES 12,675"
fe01f625-343b-4c0a-b3ff-eedfb20635e1,113157.86,"KES 113,158"
21fea445-f9a7-4283-9896-5795cfa8e3e3,14630.46,"KES 14,630"
1e37c244-a300-45b7-8bc6-4d05f7074852,54684.64,"KES 54,685"
c5418b3e-0640-4d67-b2a5-1d5ab8dbe7d6,84749.95,"KES 84,750"
bd996298-d33f-49ff-8001-8f7a0d4b486f,26157.15,"KES 26,157"
14ff66b9-3ddb-4b7f-9cf1-025771d03177,22353.28,"KES 22,353"
3f6363fd-4e8a-4f53-ad53-90712ac8bf0f,12304.9,"KES 12,305"
8f31241b-8464-41bf-a81d-7852947ac7c5,89092.73,"KES 89,093"
a85ba609-2e92-4d71-bc52-8e9611168350,76792.35,"KES 76,792"
57b727f4-74a3-4951-b242-f228dca27239,24335.27,"KES 24,335"
820ba2c0-a80a-4d21-86ee-a4ee06f09f40,18741.8,"KES 18,742"
3598993d-381e-4132-a52b-fbc7738d6175,18870.91,"KES 18,871"
e5b54eb0-1063-4c83-ae4b-931463ae1939,89557.37,"KES 89,557"
e1eccf76-485d-47f1-bed9-2748a3098e50,76799.32,"KES 76,799"
eb1e741a-7687-465c-88b1-9a28e0db9684,108268.53,"KES 108,269"
ae9d42bb-bbd3-42a1-9f0f-9bbadf0e7868,17608.33,"KES 17,608"
169f64d2-1e7e-4b6c-9be1-91552b9a4a9a,86361.35,"KES 86,361"
93bbdb23-43f4-4f31-b9e0-b11f10416436,99558.76,"KES 99,559"
33b13bf0-3fa3-45c5-a3f3-a37a40587115,85564.12,"KES 85,564"
fd9dffb6-adc1-4ce8-a2d8-f90c442eff91,13211.11,"KES 13,211"
66e4025c-d521-4b01-a727-78dc5e4760b2,20518.2,"KES 20,518"
c7962639-05cc-4c5d-b010-3aa04ff11558,16365.12,"KES 16,365"
41469035-d65f-48cc-8e2d-08502ab3238e,118889.09,"KES 118,889"
2b3babef-5b81-493d-9a03-b3a2d4a7ba25,27892.77,"KES 27,893"
0e090a95-044e-48c9-a0d2-d94f4760b353,103133.4,"KES 103,133"
e851b735-7ea7-45ec-879e-5d1e196dd4c2,16933.4,"KES 16,933"
bdfaadd0-9236-4cb0-adbc-c37eafbe9f34,111187.87,"KES 111,188"
59ba2d4f-4685-487b-9a71-b9b9b4d278db,41193.61,"KES 41,194"
bb7bf415-8505-4b6c-815a-5c9c94974895,26815.94,"KES 26,816"
0d13b43e-298d-4522-9eec-d8098a86235c,80996.22,"KES 80,996"
ca1dd4e7-5c9c-44aa-8ac3-1d3bb67ecc63,21527.64,"KES 21,528"
71f44312-eb70-4815-bdff-a56c5d0aeea2,35451.49,"KES 35,451"
ca9e4831-fa9d-4e5b-b014-a3c5ac35eee9,94739.42,"KES 94,739"
1c899cfc-58ae-4465-a2d1-3fba0d7ec7a2,70665.64,"KES 70,666"
8af4837c-de3c-4d00-bf48-9d08f268cb54,76513.73,"KES 76,514"
2df57abb-0fe7-4548-b336-c2d4921f48cc,29609.45,"KES 29,609"
0bc4a8af-06e8-496a-bac2-c4ec74179166,16386.67,"KES 16,387"
2a583ab8-ac27-4c81-855a-949488999a1b,23988.6,"KES 23,989"
244696d2-3075-4f50-9b1e-7b56dd5702c1,102583.72,"KES 102,584"
ee942d4a-e2c3-47c4-abdc-cfe3f846bb85,71561.33,"KES 71,561"
bafa0999-be0d-4582-83d4-eb3f12459f78,25332.77,"KES 25,333"
b7dd3454-4ca1-48a3-9ae0-9bb737f37f55,25755.99,"KES 25,756"
28156f30-2c13-44fc-902f-09531cc26300,110414.1,"KES 110,414"
58e37f6f-e359-4f68-91e8-94e3360591a4,24718.46,"KES 24,718"
a1eb2ec5-f75f-4c5b-81b0-4e3f61ec9dc1,19374.12,"KES 19,374"
d4393a6f-6954-4d3b-ae55-05e0d272d590,49622.94,"KES 49,623"
59e357d0-3e76-4806-b662-b047721dee83,46221.49,"KES 46,221"
afa54710-ce36-4e98-9bed-682ef3b1909b,29547.88,"KES 29,548"
88f9ba34-b507-43ae-b479-8f91927eaff0,78973.42,"KES 78,973"
2357772e-bf32-459d-b7bd-730b8f1605f7,75642.14,"KES 75,642"
4729dcb1-0497-4321-9305-1e016d65ad6d,88158.45,"KES 88,158"
f1cefaa4-dece-49c3-98aa-61169db436ea,75032.15,"KES 75,032"
2da96a47-bbc1-4759-ba6d-f4a1869e68da,98355.37,"KES 98,355"
f4b120b3-2f46-4d19-8b0c-e70c2c8fe27e,95315.7,"KES 95,316"
e09a86e4-cd3f-4251-9310-cf7ac1f962de,21365.61,"KES 21,366"
7c9ed493-a92d-4d70-8ec4-6d2192cbd499,94026.41,"KES 94,026"
9fe50f07-34bb-4395-a964-9cfe4ba7d371,65380.23,"KES 65,380"
54388b79-b09a-4f2c-8cce-1db52fffaf3a,29473.86,"KES 29,474"
89a838b0-be00-446f-b52b-24884dd3e86b,10065.98,"KES 10,066"
a0c1deea-e501-441e-b0be-cb29b737aa75,58610.55,"KES 58,611"
5191a78d-170c-4221-9cbf-1f32eb2a1e9c,27140.87,"KES 27,141"
c602548a-5ce6-438e-b2ec-a6863d143bcb,88208.35,"KES 88,208"
dc67b927-c7e5-4d20-acbc-2f988b9a1e83,38810.25,"KES 38,810"
940fba45-908a-49de-832a-904c370b5ba7,105222.28,"KES 105,222"
da338337-714c-4960-8c33-757fd56c23cc,77976.76,"KES 77,977"
dd0051dc-b5ae-4604-94bf-c474ff17de3a,116479.29,"KES 116,479"
cc1bafbd-985f-451f-87d2-cf42dc394878,106902.17,"KES 106,902"
82147550-2af6-4f11-9f15-e54661a9f8a6,39858.41,"KES 39,858"
90146695-40c4-4e88-8aca-31bbd4a34fbe,89417.35,"KES 89,417"
1e46c673-b17f-43f7-80a6-8545e7f2f46c,58237.93,"KES 58,238"
3c2e741a-0894-4f0e-a307-128004cecee7,10152.69,"KES 10,153"
93d4159a-06db-4807-a463-ac942a9c705a,17245.73,"KES 17,246"
e3696ee7-c371-4d5f-b90b-4712183e417f,18482.61,"KES 18,483"
b4544821-c291-4dd8-a99e-c5bead1a6add,103771.79,"KES 103,772"
0c6fafa8-45ed-422c-a6de-2ca6385b49e3,10037.83,"KES 10,038"
a442b16c-4750-4a0f-8da1-e9d9032c4319,61792.41,"KES 61,792"
304655eb-f693-48f5-a07a-0b147c2be42d,116654.88,"KES 116,655"
7d2ce7c6-3a08-4e64-803f-8e3b6c1c9373,27943.41,"KES 27,943"
f7d18c93-954d-4bb7-9636-fea096f82046,19949.44,"KES 19,949"
e66354b2-a3e8-43bd-8046-8246cc3a18fa,99995.64,"KES 99,996"
fb6ec350-50ed-4850-9209-f088a79ecc5a,13533.61,"KES 13,534"
96945996-2d21-4438-8845-c318ca773d2f,32387.01,"KES 32,387"
e09043ed-46fd-44a3-948e-d13fb596ebf9,87278.75,"KES 87,279"
9b16b42a-82c5-4fc4-8857-d1f7bbbb3e57,22139.66,"KES 22,140"
9d49411a-ba58-4ad1-bd68-f22cd10cce01,86972.2,"KES 86,972"
abcfa9a6-14a5-49ce-9237-ed22cdab4b84,61052.5,"KES 61,053"
b45e3030-ae55-433f-a6aa-5155ba25d18f,78239.3,"KES 78,239"
2dcd1574-08c9-41f2-b111-c45f865194a3,87454.51,"KES 87,455"
50b7f676-9014-448f-a5ef-da6ebf82ac73,61562.68,"KES 61,563"
899f09b6-05d9-4414-8081-ca6a597ce847,95537.96,"KES 95,538"
7237b0be-c7a0-412f-9675-37159fe052a0,78763.87,"KES 78,764"
1c43c267-2aa0-45d5-bd26-3fd96f3b46e5,95315.76,"KES 95,316"
55be680b-aeb5-485d-92df-aa672cf32eb1,98725.45,"KES 98,725"
f26e1a43-ae8d-4126-a8f3-7f0aa44dc14b,94202.27,"KES 94,202"
9d5433f8-462e-492e-bca6-c0b4028ed5f6,26791.12,"KES 26,791"
d773d19d-c849-4f4f-8091-8f8e68cb19a0,59940.21,"KES 59,940"
7ea8e0ba-fb52-4895-bdfb-9daf880ab632,69509.66,"KES 69,510"
caa0a23d-b0b5-46ca-aa4c-d39187824d9a,18068.44,"KES 18,068"
00767e03-72e2-4487-b286-a18d9be5aa9e,20822.11,"KES 20,822"
28b74b49-dcff-4bd7-9297-453134167d37,33344.61,"KES 33,345"
24d53515-a9c4-46db-8b2b-157d9acc81cb,19013.53,"KES 19,014"
82f56d9d-c49e-42a3-84a8-9ff6e5ac46b6,92552.33,"KES 92,552"
a522947a-8cc0-49bf-951c-e4e4e301d7f4,110731.79,"KES 110,732"
24fa6233-d1dd-4dea-b9f0-261c59248607,20739.87,"KES 20,740"
bc622911-5a8e-4b23-af69-4e7c3c82efab,118257.2,"KES 118,257"
dd3e0b32-ec32-4d33-895f-fdbd5f7a7e31,103132.27,"KES 103,132"
0b1ec3c8-44f8-4691-9f69-56cd97da0092,26201.47,"KES 26,201"
d58e2816-32a2-40b7-9b02-439bc80aba28,21841.59,"KES 21,842"
82294cba-f30b-482d-9ea6-e75f5ab6a0b0,10246.65,"KES 10,247"
0d134cd2-5eda-4adf-801f-435bd7f7235f,18926.94,"KES 18,927"
54327724-5b87-46b2-bd5c-93c830f32544,93869.77,"KES 93,870"
2854d479-92f3-43bb-a71e-e1d1e138acec,33917.4,"KES 33,917"
f1f2031c-e536-439f-a1c4-da9551ba3913,17485.69,"KES 17,486"
f1b95ca1-f215-49c3-b1bd-97cffb73b321,66095.88,"KES 66,096"
7d5a4d73-084e-49d6-95ec-cc5e3e720953,111015.0,"KES 111,015"
821e7bf0-e0d5-4550-b813-d505d9eb2acb,85841.22,"KES 85,841"
85d2c20a-c224-40aa-9ba4-4a884b896d16,122459.8,"KES 122,460"
bfc25275-ca99-4f8c-9c17-04be02d0c78b,101836.7,"KES 101,837"
e88397e0-26fa-49d2-ae7b-27ffa9dcc9fb,16741.46,"KES 16,741"
b4e92762-d10b-4c26-b80d-4332dbe8d23f,115458.74,"KES 115,459"
a06082ac-792e-4eaf-b22e-e0a994fd38fd,24634.73,"KES 24,635"
630e9646-20dc-426e-9093-14b17e1ca140,80362.04,"KES 80,362"
c15b6d6c-c549-4518-9331-d3cde250c9a8,13325.45,"KES 13,325"
8d39440c-636c-40af-93e2-c90d799e5e9e,10865.1,"KES 10,865"
2a56bdb8-645a-41dc-926f-59261d62a461,118427.71,"KES 118,428"
313d86ed-536c-42f3-8c00-0e6712ab726b,77776.19,"KES 77,776"
461dff2f-84c8-41fd-810d-f418e94e3e79,84478.37,"KES 84,478"
986642bf-1780-4cae-b398-c0ae0ca8e442,20323.64,"KES 20,324"
05dbbc84-5a48-44ea-9d73-fba108243613,24938.68,"KES 24,939"
315ea6e8-dc2e-43eb-a555-5aca844f71be,20380.83,"KES 20,381"
966b0ef9-3676-4bca-9c03-cf4d632d97cc,60867.18,"KES 60,867"
9767b8e3-3102-4a4c-a054-3bcd6e4cb160,77451.71,"KES 77,452"
e696e283-76a7-4aa2-b2e1-7b85d6fdd531,76522.38,"KES 76,522"
d08ee81a-00ad-4837-903f-2d22a2ff84e5,13220.45,"KES 13,220"
0453afa5-a224-44af-b675-c8522da8ada8,20119.54,"KES 20,120"
ed7a6a2e-dd75-40db-a633-0ced83c0e849,42033.69,"KES 42,034"
b8ba5f97-29d3-4ab3-a83e-8172a584f7b1,52297.82,"KES 52,298"
d9e3fd42-726d-49d8-959a-55b4717359c5,21859.58,"KES 21,860"
17942d9a-0155-4119-8f3a-7decdb950906,29025.19,"KES 29,025"
06ee9b58-64d6-47a2-a9c5-5b1bb1647e35,73071.22,"KES 73,071"
ce320eaf-fb20-4e10-8650-5bfa99ae23f5,79741.18,"KES 79,741"
3af55b25-cbe9-4332-93c8-e91bd29abd5e,87181.6,"KES 87,182"
f885b00b-4fe9-4fa1-85cc-4e1225e3a91c,24258.83,"KES 24,259"
190df657-e229-43ad-8779-cbca7deb2f8e,75650.61,"KES 75,651"
e099ca3d-1b67-488f-91ab-130167ae40a6,80795.56,"KES 80,796"
72912fcb-f14b-4ec3-b53e-7786e096bc36,59132.33,"KES 59,132"
95d0f852-a75b-4108-974a-54c1ee7f6c24,105302.84,"KES 105,303"
7273a8e6-4542-49f1-b4d6-cad9090cbaf9,47139.3,"KES 47,139"
86d0275d-599e-496a-a641-1fd9205c7674,89683.39,"KES 89,683"
029ef2d6-eb47-4c33-8613-48c39e2be388,75806.75,"KES 75,807"
7b0ecc6b-037a-47b5-907d-094ad2383693,88272.83,"KES 88,273"
a8cd0243-8f6c-449b-bf71-f5169238959b,11332.89,"KES 11,333"
65e1ecba-c3e0-4cd5-b393-e6f1a8632b7b,103548.86,"KES 103,549"
6c40955c-6e17-417c-a5c4-f6dfbd392c91,119943.29,"KES 119,943"
faaac132-86cc-4ca2-a026-8a12e49f8cb2,14193.44,"KES 14,193"
a6591bef-18c7-4589-ac97-6df222ff476d,116516.7,"KES 116,517"
a3799586-f8d5-4d7c-aa7b-68cf9e251203,81672.92,"KES 81,673"
0ddddeb1-834f-41f8-bbbf-f5a35e589632,121083.25,"KES 121,083"
dbda7e15-78c3-41d7-8072-26953b421021,48620.31,"KES 48,620"
0e8040ae-9166-4a80-9add-1b6cb48aad02,68542.15,"KES 68,542"
8c5f3f0a-d5d8-420e-aae1-f57d4adf0106,13640.33,"KES 13,640"
f7045a1f-4acb-4926-ac34-2283c74a79b1,14910.38,"KES 14,910"
e5c6149d-3bfc-475e-a0d7-37b920534f0a,79642.81,"KES 79,643"
fbeb0a02-05c0-4bb1-bc5e-fc5696274020,18642.86,"KES 18,643"
839bd975-9c75-4d2f-a024-a9ee5b484dac,17897.11,"KES 17,897"
0c0e6427-5f19-47c4-968f-279fb9c60c3f,35694.91,"KES 35,695"
aee7cefe-1a38-42f4-ae03-1f12746dc8c4,19726.95,"KES 19,727"
45e96c68-79e7-4aa6-ab24-0519471fe084,24857.6,"KES 24,858"
e4292a80-4ce1-48fe-b7cc-919c53fe2fee,90022.81,"KES 90,023"
e2f17f94-95d5-454c-960e-8aade7f7d1ee,42509.47,"KES 42,509"
7e45a827-a51f-441f-99b9-385ec7e8ae82,21173.31,"KES 21,173"
a6a22e10-edb9-45a0-8ca4-15737bd9e2a9,78982.41,"KES 78,982"
860f27ab-2fe1-4f7c-ad25-fe6b99e3f264,20603.35,"KES 20,603"
dbbaec02-f6c4-4e69-a83e-34aba0220a48,105811.34,"KES 105,811"
4d51eb27-e2b2-457e-99fe-746fe7802096,85704.71,"KES 85,705"
3306323c-e792-4c4d-b8af-e67f77cb7878,42473.14,"KES 42,473"
fc88ef71-93bd-43c6-8026-2bfa6880f6a5,28126.11,"KES 28,126"
b6e85f6c-b512-4d39-a087-c735cef68acc,27885.81,"KES 27,886"
1a690d2a-618e-4ae7-bdd2-c88a70b9f550,44780.74,"KES 44,781"
6158c2c0-2a0c-47f2-814f-48b99095d33b,96137.12,"KES 96,137"
f8d9cea3-683a-415a-ad3f-d868aa9b41cf,28086.82,"KES 28,087"
fee5df33-339b-4d9f-b530-21a1c58840ef,96942.32,"KES 96,942"
2cd6c011-2024-40f4-95b0-526cd395a8c1,13622.56,"KES 13,623"
499e636e-d13c-4429-ac18-06b183db6cec,19725.53,"KES 19,726"
bba3dd49-355f-48fb-8f97-44862a3a91bc,48463.85,"KES 48,464"
68c85228-5a57-46a4-94ab-c145ae61b9c5,24062.08,"KES 24,062"
5738d8e8-dbb9-41e1-99d8-dddfd3b55573,15326.59,"KES 15,327"
566e4750-2991-497f-9b51-66de71303045,44791.39,"KES 44,791"
a0a0034c-0bb8-4648-8f5d-1ef13e54c9e3,79254.55,"KES 79,255"
4a8e9b1d-1316-4cb3-90ef-f4d40f9a2d3e,22688.03,"KES 22,688"
b0863617-9f67-4f2a-af73-40adc44b6b3a,90920.68,"KES 90,921"
3a56f6b2-a649-4d4d-86d5-104c08b0fe5b,66193.82,"KES 66,194"
56a80b5c-81eb-4465-9d46-a004d1ee8578,120023.99,"KES 120,024"
3a41d06f-25e2-4f63-838c-5e89d6128a30,95241.05,"KES 95,241"
ec68c936-1999-47e3-b0a0-796d44dcddc4,10389.28,"KES 10,389"
cf4337fa-8a0b-4164-98a2-91f449945ee5,102591.79,"KES 102,592"
6b8782a8-f024-4bb0-933a-9d659c43e8ab,96115.97,"KES 96,116"
560881e9-e43f-413f-8a5f-e6b0c46c2053,88146.09,"KES 88,146"
883dd95c-c77b-4a3f-aca7-4a3b30209182,101293.01,"KES 101,293"
c2c7db68-031d-4a08-9fe3-3bc9d5c8be70,59394.51,"KES 59,395"
a3c3006c-34f2-4211-b3a6-5f82d7cd012a,109253.09,"KES 109,253"
4296c9d1-87df-44a1-9b5d-949428c69828,74158.96,"KES 74,159"
f8331723-5ed5-40d1-a89b-2f84be7d3f77,50338.41,"KES 50,338"
e7dd03d6-8ddc-45d0-80e1-96560e077c15,20458.06,"KES 20,458"
fe1fa92b-c9a9-4c42-8065-1c433eaf7e1d,70346.24,"KES 70,346"
ba7f433e-ae24-4bc6-9b15-89509ce66fcb,22895.06,"KES 22,895"
5539300c-53b3-4b67-8c43-e66a285f8b2a,16478.62,"KES 16,479"
60b7fa78-3c1d-4ba4-90aa-bfb8a180b439,96982.34,"KES 96,982"
7110df7a-c395-4eca-8f97-197337647aa9,103974.65,"KES 103,975"
c4c1c1da-3f82-419e-8ba3-9ac507deb7cf,16471.34,"KES 16,471"
3759a671-e824-4dcd-82ac-b09ea836e0c6,72552.23,"KES 72,552"
dfdfecab-8312-431b-b9d2-3af4ce8ec88a,44787.04,"KES 44,787"
0cbe107f-04c9-4481-a0d2-92b99a045e4d,103433.45,"KES 103,433"
4637cc82-c590-458e-bae6-031f859670ef,24724.31,"KES 24,724"
abb4f3d9-7277-4acf-9305-3faf68e1c1b7,96928.56,"KES 96,929"
902ebe08-a4da-4c3f-930f-acfe06e62586,72403.74,"KES 72,404"
58b8df66-b34d-4c15-83a4-ebb9928f066d,98836.47,"KES 98,836"
7b13380f-aae7-4305-b961-ebbaa3fd4669,26256.18,"KES 26,256"
b01a5239-13d8-4aed-865f-06b9139d0cd9,72004.43,"KES 72,004"
efe3afb9-b52e-4e13-b592-cce07349d944,95192.12,"KES 95,192"
2be9d668-41aa-47a4-af95-df35e0c3e013,15709.05,"KES 15,709"
8680c3b2-79a1-4c16-96c6-be87581bf332,84636.84,"KES 84,637"
04d39c20-14f0-48a2-a828-ce4a88a30cd4,97606.64,"KES 97,607"
43438156-d5d5-4b6c-811a-36c9eed5e297,91419.78,"KES 91,420"
f446b1a6-9353-477b-bee9-eb7901f25b06,31198.57,"KES 31,199"
f9791c2b-1a4c-4f02-a4a8-ab3c91f9bc77,117070.25,"KES 117,070"
eb85853e-0290-4717-9f9d-bdcac5ae42f8,90751.58,"KES 90,752"
0b8b2530-b81d-48dc-a2f2-e47d0b0dc9d5,22329.53,"KES 22,330"
249b0ff6-5900-43dc-b5cd-6bfdc03f1d1b,113810.46,"KES 113,810"
480d6370-b471-444e-94b5-0bb6326c6737,100036.12,"KES 100,036"
2e9125e6-e9e9-47e9-acff-ebe0d1a598c6,87747.3,"KES 87,747"
3063eb15-474f-4316-bc79-a704e67437dd,64582.17,"KES 64,582"
82595d55-05a6-4545-a5d7-ed295734fa4d,82497.39,"KES 82,497"
8ba55406-1bb7-42cb-88be-01f359d5c481,58649.91,"KES 58,650"
42c81222-3367-4948-a44a-655e6eb91a4d,115911.64,"KES 115,912"
6fc3c6ce-7450-4dfb-96c1-9057b29dca66,10909.62,"KES 10,910"
59f70efc-eb1a-4c1c-9166-24aa415a8ba0,10589.92,"KES 10,590"
bfd2d9be-7add-4b5c-bf76-937453628bcf,68192.51,"KES 68,193"
db69236f-596a-442b-a8f3-8df53fceac01,95744.36,"KES 95,744"
498d1840-bf91-4371-99f8-335c350f6231,85996.78,"KES 85,997"
8c74a592-41c3-480b-9244-894ced44776b,46918.94,"KES 46,919"
09443641-b025-4940-94f1-3778436a5f8a,78329.8,"KES 78,330"
c927252e-d389-43b3-a0a6-80aa1fb14ee6,12912.86,"KES 12,913"
eea54c31-0c2e-4d4a-b03d-2d1d1c63bdec,41168.39,"KES 41,168"
59ca2cb2-975e-4a13-a594-98fe5a9b48fd,77754.38,"KES 77,754"
869f4d9d-7b32-4a87-b8c4-7ed1699c7f43,90583.84,"KES 90,584"
3673d35c-3ca9-4e0e-9d1b-7a1f9d1f1fc8,105994.14,"KES 105,994"
08ced9bb-f104-4e94-b845-3affcdd3211d,89274.11,"KES 89,274"
dbb6d96d-bfed-4328-8459-0f969c7de780,107073.5,"KES 107,073"
018267ff-925a-4195-be73-e3f17af276ea,82298.51,"KES 82,299"
06588f1b-7886-4378-9232-75618eddf08b,71031.56,"KES 71,032"
dee77fa5-ce91-4094-bdd4-325cc31b94fe,21446.73,"KES 21,447"
d682c2e5-63eb-452b-bb59-8ef470938f0b,107282.83,"KES 107,283"
de1639e8-ade8-4a92-814b-1d9039af548c,15010.8,"KES 15,011"
5306791c-9a0e-4b12-b758-75740ff40907,22516.6,"KES 22,517"
1225e01e-9898-474e-83b7-b6d56bc09367,23173.32,"KES 23,173"
efc7f4ef-40bc-4df9-a303-0b5161b61a70,108807.23,"KES 108,807"
86237033-4d13-4b31-b6b3-09299eadce44,107012.62,"KES 107,013"
1845c752-709b-4ff8-9553-c56de7c049a1,72775.92,"KES 72,776"
8efde179-2afa-4842-b18f-2719d0e7df79,111523.66,"KES 111,524"
b48dee23-ad22-4393-a7f0-2749a423b611,16906.12,"KES 16,906"
fdaedccc-33df-446b-89ea-6db45317a30d,10049.14,"KES 10,049"
88b65e1d-51c3-4daf-b099-6884b5f22252,90779.0,"KES 90,779"
5d0705b9-b286-4713-8e6d-b5f524f43966,24571.71,"KES 24,572"
2aae9a5f-793b-44f9-88b0-c12cb47b16ee,120141.92,"KES 120,142"
7d5f7f27-656b-443a-9934-3548c41716cc,82729.63,"KES 82,730"
21553fe4-53ad-4d08-8e90-700870ecc995,48205.78,"KES 48,206"
9809d069-85ca-453e-988d-f5710b05eb8f,75478.67,"KES 75,479"
0af89955-e285-4839-b608-cf62847bdc36,18834.3,"KES 18,834"
f2a91211-5a94-40cd-ad20-7b40228874e8,28464.96,"KES 28,465"
3c4bf696-2362-47cc-a0f1-dc12d980397c,27467.31,"KES 27,467"
c120e8da-08cf-4e05-8281-6b073c0f601c,24962.16,"KES 24,962"
fdf12ef6-85cb-4cad-a5a6-2b798db3fbb0,67739.44,"KES 67,739"
1dfa50ba-1648-45da-ac24-f4af5b4995f9,98256.89,"KES 98,257"
1398d261-38a9-4ad4-9e00-58ef0c9fd705,81515.49,"KES 81,515"
318a24ea-78c8-47ce-b3cb-4518be10ae9b,55267.16,"KES 55,267"
4e534153-81a7-49aa-930d-33db0e23432e,10946.12,"KES 10,946"
c514f56f-06e2-4d13-8d66-4b426456d179,19376.43,"KES 19,376"
e4a88e9b-0982-48b1-9fd1-8a175d90f92c,28825.11,"KES 28,825"
7902521d-aca6-478a-959e-c3c93a362204,57928.54,"KES 57,929"
fcb435cd-8ebc-480e-9f34-ddaedb747f04,101283.32,"KES 101,283"
9b45bc5e-dc54-4d96-b897-1aff7eb06d73,74748.08,"KES 74,748"
3df2cf96-0611-427d-ac9d-f7b25c93a2d3,10062.99,"KES 10,063"
ef10bc94-cf64-4a4e-a82a-0a6ed0bc629a,105808.5,"KES 105,809"
e0c55eed-6c71-45d8-9fa2-1fb62ef2376d,82114.8,"KES 82,115"
fc12c746-8e2c-4fa7-a0e1-de5cd0347f9d,22989.5,"KES 22,989"
59e0a3f1-9fe2-4c93-95e9-3a6586b3f926,80384.43,"KES 80,384"
db7fc547-090c-43d9-894f-14f804d10048,100529.2,"KES 100,529"
0bdaeb61-423d-4056-9d89-53c4b82d40a4,108276.81,"KES 108,277"
297fb920-66da-4f11-817d-5a28d076ddcb,51040.25,"KES 51,040"
4ea39d46-9518-4b1b-8358-04ac73dab6f5,39078.73,"KES 39,079"
2ce72125-7e02-4ab1-ac4a-1f8612f07609,77548.12,"KES 77,548"
0553720b-9dcb-4ed0-a6e5-73cdc19d899a,75954.23,"KES 75,954"
befa5599-4782-4dff-94b0-4f756055e065,71915.17,"KES 71,915"
da342f53-70f7-4895-a0a4-b4c58f41047a,53802.01,"KES 53,802"
066756d5-2999-4879-8f87-85cfa2cf4983,107001.07,"KES 107,001"
224a1e0f-ec9f-4e94-b2ef-59de3c90d890,93946.25,"KES 93,946"
cc38087f-a72c-49cb-bba4-e24d623cca98,75515.78,"KES 75,516"
6f0bb9f5-fba6-4408-b54a-d6751bc5ace2,105420.18,"KES 105,420"
d747d3a6-c60a-44d2-91a6-ac925beef2df,89107.3,"KES 89,107"
968d796c-d4ae-454a-9850-de32552c79b0,101342.64,"KES 101,343"
0cb8ff71-3b13-4b4a-ba44-e951abea06b3,82790.52,"KES 82,791"
30c59ed2-e77c-4929-a717-90d6d27d97d4,115217.3,"KES 115,217"
ce38fc50-11c6-4efe-8336-801b390ead40,10069.93,"KES 10,070"
97ba7890-994f-43c6-8be6-2c6eb9b2fea4,111557.36,"KES 111,557"
697a1d37-90b3-46a0-85d6-fad47fb87ee2,56246.15,"KES 56,246"
99d4ccf5-6d56-4902-bad7-57b60ce9e314,33184.99,"KES 33,185"
a6944980-f905-4120-ba9c-b69bb069a9b6,86394.24,"KES 86,394"
bb8f50fb-9d4e-482c-a227-04c3d62f9cda,16165.08,"KES 16,165"
2c4ee2c0-6efc-4897-b98e-8176c4327314,63527.84,"KES 63,528"
404021dd-04f1-425a-973d-0a896b313c49,62375.07,"KES 62,375"
e0658a30-6a93-4a40-bcb9-5a788b1b677b,86967.16,"KES 86,967"
28c080a7-01d5-47d7-a526-e1ec765263ae,10788.84,"KES 10,789"
fe8c13e6-cd3b-4339-8abc-b27af13d42e6,113125.29,"KES 113,125"
a8b3194c-9767-43fe-90eb-47891d6eecff,15596.38,"KES 15,596"
9682751a-7c1a-461d-998e-e235953a478d,72957.91,"KES 72,958"
73e25980-50c0-48b3-9719-f804602629b1,23786.68,"KES 23,787"
05902839-b934-4afd-be7b-ca01b40619b3,77158.46,"KES 77,158"
699652b6-816d-4152-8f07-40f072b943f3,102788.22,"KES 102,788"
e4530d88-68a2-444c-8a90-5b04714401b1,13203.04,"KES 13,203"
ac373775-b7e6-47a3-b33d-9ff8a03835da,44205.8,"KES 44,206"
51f2e68c-4373-42ec-b906-e2f7732b02be,81420.25,"KES 81,420"
2b5ab731-8afc-4e8b-a41a-225b80327c59,43845.36,"KES 43,845"
aa7fd32b-628a-47a0-a4e2-97e99e620572,51380.99,"KES 51,381"
76719804-d364-4041-9c4d-42af9f15614b,101098.21,"KES 101,098"
40659617-21ca-45f2-85bb-a3c7ba04c537,85726.89,"KES 85,727"
adad162b-c811-4235-a92a-8f9450190b87,78994.77,"KES 78,995"
153960dd-bfaf-4796-8c9c-25f5d9d506e1,94748.36,"KES 94,748"
30b685ea-935a-45a9-b409-4bcaec0c1378,17425.8,"KES 17,426"
399d6068-b51b-4a33-b07c-7fd5d69f12b3,34043.02,"KES 34,043"
24eda88e-4a16-4456-8715-951005520036,109838.91,"KES 109,839"
0736c199-adcd-4323-a3fa-a85e61878831,118424.18,"KES 118,424"
67f2e045-dd22-4362-814f-514af2943852,21916.92,"KES 21,917"
8be7755f-243e-4291-b009-f0798dcf74fe,47241.16,"KES 47,241"
f1dabca4-41c0-4a0b-a7ab-711e3f7c39d8,22487.07,"KES 22,487"
137a4dc7-0f61-42c4-a6e2-607c678507b2,78416.13,"KES 78,416"
2b9f4d65-6d79-4d36-b3ba-1b8c0a942aa3,61165.41,"KES 61,165"
978b8e67-2a5c-43a4-9f81-e617de0cb711,84466.86,"KES 84,467"
d4ce2cd5-0231-404d-993c-2287762bb9da,95340.71,"KES 95,341"
984c6e11-d066-40c0-81f3-0d060ab630c0,24143.69,"KES 24,144"
ebd090d1-0e64-4d6d-bd8b-1c9bce4cd8cd,18667.8,"KES 18,668"
67bf844f-0893-4f03-8013-a62f61c1e9d1,10068.56,"KES 10,069"
58efcd19-e506-441f-adc9-0bc41b6ff1a6,79696.65,"KES 79,697"
92eef6f9-7bb5-4033-afc0-0a8b1928019b,80890.26,"KES 80,890"
e915cf2c-e3f2-478a-8e6c-386bfed81f91,22353.63,"KES 22,354"
b4d207e5-f167-46f1-82cc-c9822d4ff9b9,72192.03,"KES 72,192"
c3fc745d-97cf-4c7f-92c8-11e65273c4cb,79518.43,"KES 79,518"
959542f8-1bfd-46b5-8f27-b06ea6e043dc,29715.17,"KES 29,715"
5d88e47e-a78c-473b-b7e6-8c1db581e953,28191.43,"KES 28,191"
fdbc20ff-ee9c-49b0-8727-f6406e23421a,26038.28,"KES 26,038"
3958f461-6aaf-4b25-8bc6-8e4ff063f886,35134.59,"KES 35,135"
411bc82c-5a41-4e16-977f-20296ce39798,24999.72,"KES 25,000"
1cf38908-8ae8-4add-ac4d-823f3ea97b71,21812.96,"KES 21,813"
302e19bd-7b61-4031-a60b-b2a770adbf78,95202.35,"KES 95,202"
eb2eaa6c-7577-4fc6-ba90-d3b38b76739a,75938.6,"KES 75,939"
701ae3dd-c041-4bd7-8022-b8634af9df57,96233.64,"KES 96,234"
55f6d7fe-d8db-4d6f-8400-a340cdfe83c1,37670.83,"KES 37,671"
badcb495-57b0-4f78-bef9-2c52a2bd4e56,77218.98,"KES 77,219"
e360c116-e10f-4125-baeb-d3940391a848,29101.09,"KES 29,101"
e95b7881-3806-4ff0-a29e-44fbd274ee4a,10009.9,"KES 10,010"
b26320f8-010b-425c-8b88-1166d871c7ae,18656.01,"KES 18,656"
4f67ac20-444a-4e8c-ad41-ca047ac6b922,26430.64,"KES 26,431"
1750b976-4fa3-4e5b-ba91-4002f162b0c7,96074.83,"KES 96,075"
e4f83742-7200-475a-be08-16f98ea8454f,54951.98,"KES 54,952"
4e695a04-8ea0-4afb-93ab-9d6989cd3b1f,92403.88,"KES 92,404"
f2e4bed2-3100-4f6a-8240-11b9ed0f064e,29708.08,"KES 29,708"
a16e2164-640d-40c4-82f1-1b6e25a1a926,16735.2,"KES 16,735"
f1c19b02-881f-459e-bcf7-85df716428e1,10104.27,"KES 10,104"
231b7bac-1d74-4e90-aa87-aceea93cd6dc,91974.47,"KES 91,974"
9d9dfa01-7a3f-4cc7-92a8-85d211c8ee75,50992.54,"KES 50,993"
a6cde5bb-1c08-4373-92bd-7d21cd12eb5e,82744.63,"KES 82,745"
e146b9e2-1808-40d1-832a-97d7347a6c4d,10128.49,"KES 10,128"
a424a38c-49c8-4660-8949-30b9da96d770,66649.27,"KES 66,649"
1ea228ec-6a3f-4c15-9a68-34c356e81584,94373.71,"KES 94,374"
17f37dde-3a1f-4326-aa28-2e6fc50194a1,10147.3,"KES 10,147"
2b98e6e7-577a-4064-8273-583a14fec238,96577.97,"KES 96,578"
6fe4dac5-9259-4d54-ba60-eadf39ec59c5,26820.71,"KES 26,821"
0a6eadf6-a2f8-4fef-9a96-a0e9a7356ad2,18631.38,"KES 18,631"
87d4f1bc-74f2-4e8c-b532-3a67e6eb7233,25860.61,"KES 25,861"
06dfa055-7ce9-4f88-8e55-87c8efd4f151,103221.97,"KES 103,222"
7b887269-1874-42a7-84e2-5b22fa41d44f,101705.57,"KES 101,706"
fc64ecbb-b6b2-4c9f-b605-70afb561689b,14723.95,"KES 14,724"
30083838-514d-4b65-bc50-6d8511573998,97409.87,"KES 97,410"
83cfba84-0277-401a-bec4-5f8504cf78e1,22423.14,"KES 22,423"
4f8f26ed-b009-4060-b6b8-e8a18ab669fa,13886.26,"KES 13,886"
5fc68934-d501-4c32-8976-19bbda5ac209,58932.25,"KES 58,932"
3c918d31-f635-46fe-b959-c4bbb652c828,12637.97,"KES 12,638"
132c28d5-10ad-4eb0-9c03-e1d5343560a3,76989.56,"KES 76,990"
469c07c0-c636-41df-b8f9-cbfdaefdd526,20840.71,"KES 20,841"
cfa36ec8-0955-4aca-916c-56e1ecef0135,93985.22,"KES 93,985"
b8a2ed3b-d55f-4f84-bba9-1c35d34d2360,100283.14,"KES 100,283"
1f14a79c-f943-41a7-8c5a-f922a4811cea,27595.72,"KES 27,596"
3d04824a-78d3-462a-bd7c-88414d47826d,76577.32,"KES 76,577"
182c4767-0024-44f4-81fc-8b46073c0eaf,102541.51,"KES 102,542"
e462105a-eb50-4b95-9206-3e67d301ce40,97786.67,"KES 97,787"
4c6c186d-228e-4c52-8208-051e7ea9ec9f,93494.92,"KES 93,495"
bb4d20b9-0673-4075-8281-db7c46835724,92578.82,"KES 92,579"
a1b0682c-3413-4371-9ccd-1922e21efed5,90863.98,"KES 90,864"
7d8167d1-f6ac-4eb2-8bc0-0f0852d10a00,82181.44,"KES 82,181"
7adade5f-4fbc-4748-832c-de84e2a7f4ec,14363.83,"KES 14,364"
e79ded9a-cfc4-4694-86c2-86178f9eefd0,61230.26,"KES 61,230"
fad4a54f-2d83-4489-a1eb-fba9da3443e7,66604.45,"KES 66,604"
17245624-cf18-4d7a-89f0-72690e92b333,18090.11,"KES 18,090"
38a15abe-7aca-4061-9e69-5dd8cceb9145,29167.3,"KES 29,167"
a7adb198-2246-4a70-8ae0-cae776873321,46996.89,"KES 46,997"
d74c60ed-ac37-4897-82ea-9827d194d2de,25772.83,"KES 25,773"
4b3855ae-8fcc-4b6b-b81f-13c9e7ba25c9,118118.69,"KES 118,119"
91d1e0a0-d026-406c-9ebd-0eb77aadb07c,51296.39,"KES 51,296"
ad0cd324-05da-475b-82fa-f15d7237d70a,90504.3,"KES 90,504"
c570137b-1d28-4806-89a7-5acbac6f3759,20547.92,"KES 20,548"
c7545918-375a-44bc-976b-bd707171693f,23001.58,"KES 23,002"
be00242e-26d5-4aa5-9389-4c658c733788,65396.29,"KES 65,396"
5210b409-b400-4d18-8896-f7d8ab32d4d6,15069.47,"KES 15,069"
a4d377f9-61b6-4ead-b173-5fcfa742473e,107514.07,"KES 107,514"
8a45549c-c84a-4eb5-82c0-adfec2d85d6c,10223.5,"KES 10,224"
a035ded6-4c99-4c1a-85be-b8f1c3b85d2b,13359.2,"KES 13,359"
9cdb2266-b097-456e-acf9-cf156c366226,72325.64,"KES 72,326"
8d855806-6784-4c71-b147-5212262ba72b,92087.97,"KES 92,088"
fddd8468-3f82-43ad-9513-9a107b527618,52528.44,"KES 52,528"
6c0a6ad6-da8f-4279-8529-f3ba125379a8,20296.63,"KES 20,297"
1df746e5-625f-4b91-8ed2-ed5ac8289e45,77955.06,"KES 77,955"
7c5887a0-129e-4752-9140-f35d45a552d2,77728.88,"KES 77,729"
e3634340-93e5-4c47-9133-8191bc4062d3,20880.48,"KES 20,880"
82936ea3-09b5-4b49-a0ed-c275eb3647e4,22832.7,"KES 22,833"
0cb1859b-c1cf-4377-bfff-667e31a3082a,38016.19,"KES 38,016"
a8372e25-7f5f-4e52-9f0a-ee205f035162,69097.62,"KES 69,098"
08c0ca4a-5cf5-4fa3-8159-8374a25f24d3,78523.37,"KES 78,523"
29cbf9a0-69a1-41e2-bdf6-a60f20cc7f6a,94345.04,"KES 94,345"
3b90488c-ae07-4b45-8500-0034e922ed06,100236.02,"KES 100,236"
5f5a39e0-29e7-49c7-ab14-f389f397d95c,22113.48,"KES 22,113"
0429ac41-03f7-459c-bb6a-7a6acf19f029,94854.12,"KES 94,854"
726215b8-7816-4385-8c7a-fd12aabec5b7,120602.39,"KES 120,602"
2462f873-df9e-47ad-8166-d73ca279f6fb,13951.5,"KES 13,952"
f72dce11-e742-401f-b67e-f017f3d39941,91561.49,"KES 91,561"
d9114620-828d-4e56-ab07-77a5e0dd9fd7,105814.9,"KES 105,815"
aaabaede-de01-4eed-a24a-e044c12ca89f,60249.17,"KES 60,249"
4e9da820-9127-4cc6-becc-857bc8674528,90670.81,"KES 90,671"
94af27d0-6eb1-453d-85b1-dd84478e0e90,50057.68,"KES 50,058"
b0af9455-6303-4237-ad41-8ef96d1e2cbc,98278.17,"KES 98,278"
4531fd97-b507-44ee-8d4a-056e8ad94d5a,104421.41,"KES 104,421"
50ae0753-10d9-474e-a32b-e0995294c3e1,115337.56,"KES 115,338"
fc062c20-c34f-4ed8-85ed-f566c25381bb,17310.08,"KES 17,310"
df932beb-734f-467f-844a-e4e418994acf,118998.83,"KES 118,999"
1417868d-b85b-42a2-96b3-2ca736a55882,96619.02,"KES 96,619"
1a2a525a-583f-4aa9-b0e4-1ad66af98339,11602.28,"KES 11,602"
30e73066-df22-4a01-9f33-cab328036895,23171.21,"KES 23,171"
3503acd6-915e-4210-abfb-60131ecee9c2,19239.9,"KES 19,240"
1d79059a-2717-47e1-88aa-25d6e4d1edca,16297.99,"KES 16,298"
74d7e5eb-1c81-482e-97c9-39e3e81d145c,81696.29,"KES 81,696"
67c37dd8-35ef-4009-8ce2-e4118284ecfb,10056.98,"KES 10,057"
02a23a0b-79c7-41f9-a860-37171f2f3855,14455.82,"KES 14,456"
86682203-5301-458f-a09c-54518a59d963,26323.64,"KES 26,324"
5bfe3639-bb00-4f23-bdfd-d84260e9928c,80597.06,"KES 80,597"
5456febc-bb01-40ad-8b6d-522310824490,22168.34,"KES 22,168"
385ffa0d-7004-4d5b-b503-f2ef50acdb4d,10148.79,"KES 10,149"
a7043ad5-cf2d-4ffb-9fcd-92f9f775f156,11589.62,"KES 11,590"
5d1ecb07-6536-4a9b-9547-be5e3f7d5f5b,19629.38,"KES 19,629"
ddcc29bc-41bd-4146-9cd8-102d19f41a35,10078.58,"KES 10,079"
bb9ad464-1696-4499-bca0-9ae23ca4c90c,30221.22,"KES 30,221"
72531326-b304-41b4-81c1-495b5514ace4,96340.89,"KES 96,341"
6aa024d8-ba37-4996-93ea-20d7bdc5406b,97228.17,"KES 97,228"
462f3e44-0e12-4027-9fcb-742d7d36331d,51430.03,"KES 51,430"
9ba172fe-2a65-44a1-8b62-1aaa10d9aa32,13566.9,"KES 13,567"
9fe3f05d-6c5c-40ea-a3c6-2fe6b6a03008,81216.02,"KES 81,216"
0e4815b8-1301-4749-b7a4-3b203a1ccaeb,94485.75,"KES 94,486"
9e0c8808-5ff9-4c85-8646-c1d2a3312370,67421.03,"KES 67,421"
56b54440-cdf1-4760-94b8-4a05caeca120,58276.52,"KES 58,277"
b8eab745-fac6-44af-948a-edd4598e7ea7,46864.8,"KES 46,865"
36080d37-937f-46e4-814f-6a73f4c9eb82,89573.65,"KES 89,574"
651ef377-817c-427b-bb14-a89027e5e9ac,10047.49,"KES 10,047"
5e340b6d-d3d9-4ed2-a6da-c9e0a98896b1,117859.56,"KES 117,860"
191b7feb-086e-4c96-97b3-b9973a75aaed,38813.18,"KES 38,813"
055b5566-70e5-45fa-b4a2-2172872192da,10414.77,"KES 10,415"
e5acdae7-939a-4734-b4cc-91687779d187,107477.81,"KES 107,478"
9f7b8521-d21d-4270-a275-405efa4c8d2d,102539.15,"KES 102,539"
b1fc010c-1b48-4cd2-a1f5-a8f3415d0749,51755.78,"KES 51,756"
00957140-b633-46c4-8c8c-563dbb334968,103658.34,"KES 103,658"
2aa8df5a-9db3-4176-bb1e-459255a98d99,115555.15,"KES 115,555"
50084cd0-d0a3-4170-8af0-84419d937b56,111591.83,"KES 111,592"
a6f1743d-a9ab-43d5-9868-ae1c6f5fea9e,78413.7,"KES 78,414"
59b121c8-9df0-4633-82a9-2f67cbd536da,10857.45,"KES 10,857"
f24c8293-7739-4c01-9984-31323fdd307f,109609.79,"KES 109,610"
a9b9bfc6-1bf0-4d52-b380-42599fcd931f,79266.05,"KES 79,266"
eb290dba-fc2e-4a74-93ef-a963d2ab64d0,21900.96,"KES 21,901"
d6af28a2-62a8-45be-87a0-f4c7e3c01d07,51428.45,"KES 51,428"
f7b59e82-c377-41b3-a7c4-f76c26329c5b,79381.03,"KES 79,381"
57a35599-a86c-4e4a-9fa9-814012a11c29,39673.72,"KES 39,674"
9a8958ce-665a-4927-830a-7df8c07f2210,114269.42,"KES 114,269"
3e753059-d410-45d8-978e-64a956afde9f,109321.59,"KES 109,322"
b88e4aa1-95e8-4f5e-ac86-18566c33e1e7,94388.01,"KES 94,388"
327e4594-b436-4335-b596-334c549351ee,87526.8,"KES 87,527"
19b4b4d2-399d-4a3a-99a9-30e71197beed,13750.31,"KES 13,750"
25369554-2211-48e1-a823-748ea0aae3e8,121440.91,"KES 121,441"
0f9ff328-edae-4cc1-83ca-2bb26ea766b1,107211.98,"KES 107,212"
d3db1098-a00c-4594-a58b-8e2a180032fc,21674.23,"KES 21,674"
ef31fbf4-4d76-4ce2-97bc-8301c2c8249e,61887.24,"KES 61,887"
25c72ec1-e8af-4f61-bb89-8de4f0e60374,118890.85,"KES 118,891"
a471ddf9-2e6e-4395-b19b-9c42e4f0f4e7,22549.35,"KES 22,549"
8fe22bbd-36ca-4998-884e-db2ef01a3fa5,115519.64,"KES 115,520"
ee529081-7c58-4eb7-8fbb-90da0c927556,23186.78,"KES 23,187"
c6b1ac8d-66a2-4f67-aae2-4d6f0afebefe,118389.54,"KES 118,390"
a0995c41-bcfd-4b71-915d-daf3d0d10866,89380.2,"KES 89,380"
cb951056-d1c8-4d31-beef-7bd35dd8f108,12693.66,"KES 12,694"
260d5d8e-bb33-4030-b9f3-c046edd4dd17,26525.34,"KES 26,525"
a02abf7f-d194-43e7-9a80-d54d00e2215d,25742.08,"KES 25,742"
6e0871ad-1885-4ab4-a99d-0373b3c15ded,115996.95,"KES 115,997"
e04745c3-e2bd-427c-acb7-81c3d92ecab7,31497.46,"KES 31,497"
8053283e-8925-4822-898f-43dcca4aeb93,80597.36,"KES 80,597"
71318cb0-5a79-4f5f-94f8-43d67e2a501f,50322.29,"KES 50,322"
c9389183-856d-44e5-bd99-5072c3c66a8a,17182.71,"KES 17,183"
7f829d96-1dd8-42d1-940f-fd3e657e5407,77800.73,"KES 77,801"
1f60abbe-2a86-4ef7-9495-45004c99856c,28467.68,"KES 28,468"
4f9801fb-8ce2-42cc-a017-d77180905e41,44960.0,"KES 44,960"
7fb2ea23-04b3-43a2-9ba2-bc6258fadad2,84820.94,"KES 84,821"
5bf1c1e3-87e1-4643-b76a-f17d72c25cf8,95124.99,"KES 95,125"
75b03911-359d-460a-9725-32f46cb1e1a1,50977.53,"KES 50,978"
b29b3a70-6eba-4e95-bbe9-de8ac8daabaa,30763.55,"KES 30,764"
2a8124f2-153d-41ff-b5ed-386afa128e22,101620.11,"KES 101,620"
7e2480ad-a398-476b-945d-dd98d2e7362f,85081.57,"KES 85,082"
855e0e76-05bc-41a0-a9a5-ed192f37f6c9,64327.67,"KES 64,328"
8c255a11-0e6c-4453-98be-7c50bf24162e,117844.46,"KES 117,844"
5f089ebb-e6d2-4003-8d91-f5ef4abaffb6,89988.29,"KES 89,988"
7432204f-fdf2-4a52-bad3-27c23fb52b70,75204.61,"KES 75,205"
b02e2a06-a60a-4d91-a368-c0c829db8226,68653.43,"KES 68,653"
ae13393e-2f91-4e97-97a2-0aecbf8cb167,49406.04,"KES 49,406"
f38ba60a-026d-4afb-80ee-258bd9977747,15124.81,"KES 15,125"
92aa184d-b666-4683-81ab-ca5801f60ad0,24215.92,"KES 24,216"
716a84b9-8312-486d-bbc1-d494128341a0,94037.97,"KES 94,038"
c8ee055e-a5cc-4fa4-9c15-d5df965af27b,18329.43,"KES 18,329"
3cafaaa9-01fb-41b7-a7d8-86a0a2365f54,14091.34,"KES 14,091"
32fd9df8-a3f6-4596-8561-264fc5fea4e4,14153.43,"KES 14,153"
171b2f5c-c1ff-41e4-a028-e0e691850981,13783.25,"KES 13,783"
adaa8057-7102-4393-8768-b7c62027712f,38197.86,"KES 38,198"
d17174f1-7844-478b-8e50-5be58854edb7,32539.63,"KES 32,540"
b54cc0a5-126d-44b1-b4ed-79edd1389dca,40112.48,"KES 40,112"
5d4b6ef3-0632-4c92-bca0-b3f5d9714b83,88494.14,"KES 88,494"
4bef862d-8c41-4b4b-a377-1ef2c08fa633,71980.83,"KES 71,981"
689c5eae-f6c7-4946-b4ee-256545bc3cfb,71684.71,"KES 71,685"
60018b20-40a8-4c53-82e3-002ee639646c,91983.02,"KES 91,983"
d93fa3db-e988-4cc2-bdb2-f4ca93bb7c36,20997.06,"KES 20,997"
eedb42b3-6f70-4da6-b32d-fa1fc3dfb498,13781.94,"KES 13,782"
8dd88f7a-99f6-43b7-81b5-d051b298d55e,16942.29,"KES 16,942"
9bbc8c16-bc98-4366-9024-94c8ef5b7e76,77649.3,"KES 77,649"
d6835ec7-2acb-407b-8d0c-454773dbcd5b,79175.23,"KES 79,175"
16e943f8-5857-498a-8faf-aca48d71de77,110390.21,"KES 110,390"
36e74d06-3ba9-4fc7-846a-28926028da58,69295.58,"KES 69,296"
2589d6fc-1a5f-4308-9401-d643cd6fc702,11919.2,"KES 11,919"
ecf0d9cb-4aa5-489b-b21b-7a2b01c9126c,92191.98,"KES 92,192"
906a0d07-cb97-477b-b0e2-b0a31923167f,79092.68,"KES 79,093"
24bb8acd-fe6c-4b26-b980-2caa7e5ba2a1,61499.17,"KES 61,499"
0f1a1648-fec0-4765-90d3-70774359a664,10013.72,"KES 10,014"
7b808e44-5425-4461-a8a2-b650ecdf345c,30785.39,"KES 30,785"
deb5b82e-68af-4fab-9ca4-79b0a72b9c26,10056.35,"KES 10,056"
903c490d-5d6f-44c4-8f48-0d2d30200be8,121139.75,"KES 121,140"
17ee17fe-f588-4d87-9f23-9931cb4fb212,21762.27,"KES 21,762"
5abd299b-0360-45f5-95da-35940bbbb970,18431.83,"KES 18,432"
ed9cfb18-a529-437f-9d32-863ed3255d41,48014.8,"KES 48,015"
86e1422d-d1af-4655-89c7-afafd5a27eae,68723.4,"KES 68,723"
54433e10-8492-440c-a84b-f29f59e0dbad,21839.4,"KES 21,839"
9e20d1b9-3214-4c7c-92d2-5a787cfdceba,73470.05,"KES 73,470"
15967a8c-b15d-4470-8fdd-0dcc98f6489e,29517.98,"KES 29,518"
c209e400-8f34-4093-bee7-4e06cca91f97,87372.67,"KES 87,373"
ea8a4115-3d75-4259-bfaf-372f7f2930b0,23480.27,"KES 23,480"
a97371d0-176b-4a9a-8f9a-ddf915f264f5,103958.73,"KES 103,959"
17ee58bf-27fa-4e46-94c7-72f1c2e314af,49910.9,"KES 49,911"
2b4a5bb1-bbbf-41ca-be88-c94f6ba98690,11264.77,"KES 11,265"
a16036d1-0d5f-4c3d-8538-8fad71f94888,26648.98,"KES 26,649"
5d6715af-4179-4150-8bc4-4f65063fc14a,50994.96,"KES 50,995"
8bae2952-055d-4cd8-a557-0ac3abc54f43,32079.97,"KES 32,080"
b26fadc3-6246-4a76-a7db-108b8d917a0d,10050.71,"KES 10,051"
e34e2b8c-0666-420b-8dd4-947e5604dfb4,10916.91,"KES 10,917"
da37e78c-28a6-4f25-81dd-61187ca8e6f4,81616.29,"KES 81,616"
cd3fe2a7-768f-4a04-9652-cdc78607868d,31555.67,"KES 31,556"
c967a580-a75a-47e0-8143-c699751e1758,29118.74,"KES 29,119"
0359aad2-a598-461d-827e-79744bde0a37,77034.02,"KES 77,034"
9b04d8db-eaa7-4b46-b437-7c69a58d089a,24702.41,"KES 24,702"
f544eba4-f7e0-4e71-9b13-e7fb2a3e0276,96161.9,"KES 96,162"
dca50b53-ab16-4f0a-809a-9409f4783f46,35990.57,"KES 35,991"
840956ef-f471-4527-9c82-0bab599569d0,68005.7,"KES 68,006"
a26a08e1-be13-4742-b06f-fbfde305478e,18559.79,"KES 18,560"
929132f1-4622-403e-83e7-063b27e3ca97,60674.78,"KES 60,675"
104d10a3-a7b5-4505-af93-65872d9dd15f,20320.75,"KES 20,321"
1d9775c7-4501-4410-992a-6cc3681a1fee,20152.35,"KES 20,152"
13daa4d2-1b7f-4317-9517-c9481ee1c9bb,27382.73,"KES 27,383"
763063e5-9ab9-4efc-bdbf-eda35d354b51,12634.07,"KES 12,634"
8cf3b47d-bddc-4aff-911c-8595be9d3fc2,74265.19,"KES 74,265"
8e478da0-89aa-435f-803c-1cc19fc4fdd8,110300.33,"KES 110,300"
e69fe156-0f0a-4c67-ada8-ed3854ddfda6,99751.44,"KES 99,751"
0ccd2184-5d4f-464a-bdd0-d60bf0c226fa,115009.08,"KES 115,009"
0f036624-017a-4a17-894a-34a4c1f240b0,69655.35,"KES 69,655"
76b54657-15f7-4306-87f4-b40281cf5825,28584.92,"KES 28,585"
2c01d275-a62d-4996-adfc-b3ca43c4abf4,19834.15,"KES 19,834"
cdc4b69d-7298-48e5-83f0-9aa3e4841ebb,65886.09,"KES 65,886"
8a1a1eef-56e5-4638-aa03-682bd6083f21,59078.27,"KES 59,078"
85e96af2-5181-4c70-b78d-4cb3b4b1e390,71010.88,"KES 71,011"
eb5b2761-5cfc-4cbf-bfca-9c8a2c63c9dc,83039.55,"KES 83,040"
268a3806-dc19-4586-a9e4-8f70c0eda3af,22780.05,"KES 22,780"
aeb9db9d-3ad8-4a5e-b6ea-fdff0cefe9fa,39021.2,"KES 39,021"
f0be2e67-a387-4d21-b55c-84cc9f69be45,72050.54,"KES 72,051"
933e9eb8-881d-4e0c-b158-29d6c7a99f69,98503.88,"KES 98,504"
df582c2d-23f0-4c74-a13a-b84914675c14,94395.56,"KES 94,396"
86f0274c-cb3b-45ff-82b3-62a6c4b0bf91,13538.63,"KES 13,539"
5d9eb078-49bd-460e-a09b-ea50e7339080,12050.94,"KES 12,051"
28913e67-49ad-4d22-99e0-8283ad009b66,42022.05,"KES 42,022"
97aded80-6690-4822-a6ac-1cbb8da8517b,12060.87,"KES 12,061"
9ec3e2ed-92b2-4323-bcce-10f8ce2d74f3,29645.28,"KES 29,645"
18bc172a-b748-448e-9df1-a0f43f933855,116564.84,"KES 116,565"
ef59d810-0c06-4482-8f45-8ebab8a0610d,97677.3,"KES 97,677"
f1e3491c-fcae-449c-b130-520ede2c39a7,68844.42,"KES 68,844"
c5761ed3-fae8-4c2e-873c-e688b1d0c9a5,20270.89,"KES 20,271"
954cf7bc-27a0-4a59-9001-3a9e7c0686cb,53287.44,"KES 53,287"
8062860c-7c68-47c5-b6c3-b0432696373b,72641.55,"KES 72,642"
7f5c0d96-080d-4ecf-a7a8-28148d1b3494,64503.75,"KES 64,504"
a3942d22-3bdb-4d8d-9aac-897da80fb6d9,121543.17,"KES 121,543"
6560129f-4f28-4dd0-af7b-99d45e1f5542,10187.07,"KES 10,187"
3fb0c512-41db-45c0-bee7-c531f03432f8,21785.84,"KES 21,786"
d7c8a9e8-1d54-48a6-bef6-b903bd65604e,67836.02,"KES 67,836"
a98e53ca-8459-43bb-b997-046d7a45b7bf,23435.03,"KES 23,435"
7651c9c3-cd11-4632-a969-d2674ed7a4b0,84043.01,"KES 84,043"
6c1e484a-8559-4d6c-80e3-879f39dd4ba6,95001.33,"KES 95,001"
b83aacfa-58eb-439f-b088-3f89b34c7eed,23060.52,"KES 23,061"
2857bb58-63ea-4292-894e-8e49ac05a561,76840.7,"KES 76,841"
d28d8507-c2a2-481b-bb4a-54cb7e7f0d43,29632.42,"KES 29,632"
13280353-a133-4a51-bcfb-2be462a5a61a,65627.0,"KES 65,627"
eb90a300-efda-41d1-bab8-d3ebfcb1a870,91386.94,"KES 91,387"
3ce30ed9-f532-4c12-9352-98ec2632c489,46851.04,"KES 46,851"
a29d2149-2984-4d57-8652-5a0b1b65332a,12781.27,"KES 12,781"
bc897a6d-71be-4869-94ec-fb046dc41b51,23776.83,"KES 23,777"
5c02755d-d78d-45b7-a8d8-66621f12f33f,36034.71,"KES 36,035"
94d5a91c-06e1-4bfe-9d88-0da4a8b7a2be,11699.07,"KES 11,699"
6a9b25e1-0539-4a02-8b99-c6c65d9289c2,97093.36,"KES 97,093"
f627ebe5-8b99-46db-8864-ec7b36b98e0f,89725.22,"KES 89,725"
3ceb694e-2035-4ec9-bc3e-61f2e29ef357,19468.61,"KES 19,469"
c6c26c81-0017-4a17-ba1d-c1836d47bf23,22972.99,"KES 22,973"
1a8b55fe-6782-46f3-bdfd-eb39b45fe5f4,26217.8,"KES 26,218"
eaa877c5-1338-47e4-85f0-32b910759cff,114605.59,"KES 114,606"
3dc4eda5-577f-4a84-8964-cf54a30e3eef,17543.88,"KES 17,544"
f021159b-8f26-4d55-b89d-f71d08a26245,55436.68,"KES 55,437"
df0adacc-23b0-4d86-bec3-bf37adfe82ed,16256.65,"KES 16,257"
3bda2020-13a0-4ffd-aaaf-9198147f3c30,28518.44,"KES 28,518"
bca885ff-b80b-42cd-ad47-32c60c9872e5,32305.48,"KES 32,305"
d54baf66-1ed3-44bb-a7fc-3789dc4ad543,44896.02,"KES 44,896"
4511bd50-7871-40b6-8c00-ea5378ffe0d0,49713.55,"KES 49,714"
40b9234b-9ccf-43e8-9982-5fc5b2053991,114733.11,"KES 114,733"
8bc439e3-086f-4af2-8c69-e1f6a327e4af,10069.26,"KES 10,069"
f35d57f8-91bf-4e90-bcd9-5bf9fa98549e,48109.43,"KES 48,109"
09b3eb02-569f-488c-a571-3863bc216296,102925.78,"KES 102,926"
8b40c0db-b4c8-43c7-86d7-70ad8226be22,92854.72,"KES 92,855"
36f9e33d-99b0-483e-ab11-4edd846fb970,18389.19,"KES 18,389"
03ce4f19-cf16-469b-af13-10fb3913c97f,66192.73,"KES 66,193"
c917ea51-c9c9-44e8-a82c-03b525020fc0,77722.15,"KES 77,722"
a898f763-1499-4ad2-b01e-fcb2e94d44c6,12419.7,"KES 12,420"
8df73b36-6682-4eb2-b9d6-96e662891ad5,28598.7,"KES 28,599"
11b07843-1bc0-4e88-8e13-ca2823e8147c,82769.32,"KES 82,769"
f9fc0920-c818-4872-8b0a-14e9a771ccf2,24924.36,"KES 24,924"
c3a8aec9-d900-432d-950c-1fc7d098612d,16709.15,"KES 16,709"
07fc0b70-7b64-4033-9f01-7aa9b174b403,32767.06,"KES 32,767"
d768a325-6cb2-4b8b-8bda-2121618cc80b,49827.87,"KES 49,828"
e0a51f1e-7b7c-414e-ad1a-d22017bc26e4,35965.31,"KES 35,965"
248b6973-db26-4475-bdff-76afc7a1841e,115849.09,"KES 115,849"
b35259ac-27b8-4ff8-a0a9-2e4040a7d527,104522.63,"KES 104,523"
282be212-a34d-4052-b8df-67f9ea063166,61357.73,"KES 61,358"
43774a4e-a1a4-4835-bb7f-dd6b358ce1c5,22790.12,"KES 22,790"
4724da8e-8d90-4da0-bdab-809fda791b91,29400.37,"KES 29,400"
230b9c0d-2099-4c15-bcb5-9894b604c794,103968.51,"KES 103,969"
800d210f-6427-4260-8931-b3be28e9cfb2,21436.08,"KES 21,436"
59cc378d-b4fd-422a-90ee-8e4e0a194399,21048.55,"KES 21,049"
671e355a-bc37-42c2-9570-e2ffe584e306,70340.29,"KES 70,340"
f811159f-99a5-44e3-9546-511b73dd99c1,23437.47,"KES 23,437"
132c7c99-39b8-467e-b05a-490cf9288243,94779.88,"KES 94,780"
66919503-86b2-44d7-900f-1dadd1881212,95230.8,"KES 95,231"
59134536-6685-45af-913b-990fefc63c9a,97337.52,"KES 97,338"
6f3be786-ddea-4e4f-b0ee-e93ccebdec9e,98277.91,"KES 98,278"
4e7247e8-d61c-415a-9113-b7c0c64a689c,10891.8,"KES 10,892"
a31783c0-89bb-45fe-910b-f6bea28d13ea,42940.77,"KES 42,941"
058116e4-1d0f-4c5b-83bc-df3c87c0b29b,76680.83,"KES 76,681"
685df69c-10b8-4180-931d-4e2f447f2eee,90173.29,"KES 90,173"
60e93be9-f4cd-42c2-b5c3-5f500ef527a4,72381.35,"KES 72,381"
3b934157-382a-4564-adcb-764bc88e90fa,77631.25,"KES 77,631"
3ab94b32-493c-4237-ad9c-efd57efdf00e,20603.86,"KES 20,604"
8052b9b4-dafa-4665-9b5b-30d9b24be2fc,87882.42,"KES 87,882"
397a8a20-be9c-48b1-8414-553a82ec9a68,26502.71,"KES 26,503"
1cb7bf28-8fa5-425c-8f6a-04820005d0d4,11345.13,"KES 11,345"
072401a4-9ab3-4093-8677-6affa38f6802,91397.3,"KES 91,397"
ce50cc7b-2181-4285-81bc-a4672db0f582,29795.36,"KES 29,795"
c02b60ca-2504-4057-8eff-09d7481244f0,23773.03,"KES 23,773"
b927b2b6-7581-4066-b88c-d0c8ef3c47b8,20017.15,"KES 20,017"
d4969903-5eea-4de9-aeff-44a89e9bbaf5,98117.97,"KES 98,118"
6a913a12-af1e-4538-8ae5-6cb46049a9a1,15617.87,"KES 15,618"
f9bd319b-e30b-4f45-8cb8-dfa7141c09c8,60671.65,"KES 60,672"
0ae14c5d-43e0-4a1d-9712-d596681bb8b2,91162.54,"KES 91,163"
69a8b16f-2dd5-4bc7-8669-498177e1bd96,19465.87,"KES 19,466"
5673ef86-ab97-4394-9e96-4a842dc08f91,80040.11,"KES 80,040"
a57eeed9-7ff4-4e68-8d4a-472a3a32e452,10046.75,"KES 10,047"
dac340b2-a54a-485a-8184-18153b2ad96d,56562.75,"KES 56,563"
0e5bdb04-2cdb-41ee-87c3-84bd1415954a,45604.38,"KES 45,604"
6b0723d5-61ee-4456-8a31-90a93e46d7f6,72441.97,"KES 72,442"
98d7434b-c416-4680-b254-eff823c8ee61,110047.31,"KES 110,047"
ef016279-58a2-443e-be61-a2836bb43dea,103000.32,"KES 103,000"
ea467ac6-6d28-4258-820a-e1d1faa5992c,67574.16,"KES 67,574"
b4c3c2c9-6a13-4da3-813e-7639ad3d88d4,75625.79,"KES 75,626"
5950d181-82ac-4b38-b283-18d8d4c1039a,100308.17,"KES 100,308"
aea5856d-a5be-4290-8850-1242b4812e55,104771.04,"KES 104,771"
9972d71d-34df-4325-bbee-f38138d76f70,116613.55,"KES 116,614"
e589b460-ce41-40f9-8371-de6ba0e15a92,63082.21,"KES 63,082"
74b9804c-cffc-4a6b-bef7-2f6272019952,93722.0,"KES 93,722"
8b060e76-4279-4cd0-aa93-25cb4b91a83c,92615.21,"KES 92,615"
e5294059-3502-44bd-953d-ce9ec7929828,90006.83,"KES 90,007"
50489444-8dfe-4a0c-a33c-e7f8eb4f951d,54721.9,"KES 54,722"
229d0db1-ca00-492f-a8a0-64de6c49b260,102959.8,"KES 102,960"
8827a508-bbbd-48ff-9edf-7ff6dc5059ba,112463.54,"KES 112,464"
7baa0a8a-0857-4128-b8c1-f816e79e3a11,11249.47,"KES 11,249"
7f35c763-dee1-48ad-9e17-8d45def5efe3,104256.36,"KES 104,256"
b09a46b9-f97c-4299-82ec-243556dbf927,37745.05,"KES 37,745"
f7e584d8-fdd9-4eb3-8e78-e2afc23fcb60,29922.84,"KES 29,923"
4785ee8e-d3c9-4759-865a-174429e1c977,73648.87,"KES 73,649"
48b3cc58-0a13-4a0f-b847-996b46122086,23238.91,"KES 23,239"
00b4afd6-c214-44d7-9b3e-767cd39f31b9,72698.79,"KES 72,699"
d3aef235-71e4-4416-9d96-f79b29f16e4e,30385.06,"KES 30,385"
1bc2302c-a133-431c-afa2-c9f38f4919c7,12714.7,"KES 12,715"
ea04f9a3-56fe-4bb1-a689-06accad1ff67,26571.94,"KES 26,572"
5079d57a-1934-489d-b3b6-0974aae6434f,105856.25,"KES 105,856"
a41868eb-6ffa-4688-ac2b-b276f4a659e1,66804.51,"KES 66,805"
db1ca3b1-781d-4b45-8093-12fb9d6787b9,11354.58,"KES 11,355"
2ece8af9-7eb3-4870-b086-d13990b14860,11079.36,"KES 11,079"
820444b7-b498-4c51-a545-5ded3c5741f8,56203.74,"KES 56,204"
6ef3dc48-4d3c-4580-a74f-42120882d759,31854.42,"KES 31,854"
bec5b97b-4418-4d54-a716-39c7509bb77b,122334.48,"KES 122,334"
3d135d7c-55c3-4d4e-9aef-104eafef71b1,58773.48,"KES 58,773"
010b4071-2e9f-49e4-bad2-4f06cd615028,26838.92,"KES 26,839"
fcf4405c-0e46-48e0-bc85-c81905423ded,30607.73,"KES 30,608"
b41b5759-2690-4a00-bae4-57cd16aa8999,14185.97,"KES 14,186"
e94890a5-e472-43c1-b823-a9f73bfa7a16,68159.65,"KES 68,160"
db2d656e-8b16-40b1-84f3-1bdddcd419f5,11237.75,"KES 11,238"
57f81915-f537-441e-97b2-fe21216d16ae,104828.01,"KES 104,828"
24189b35-cb45-41e5-94dc-7eaec8d36eba,36222.12,"KES 36,222"
9a09ca57-6e0c-4423-a37c-c7a7332838ba,13695.13,"KES 13,695"
867666f3-608e-4a29-95fe-d983903f9b0c,110639.48,"KES 110,639"
0f08d105-e53f-4dae-be0e-7fc743c7e291,56105.06,"KES 56,105"
27343bc3-69eb-4528-9249-d4e19f8a0920,105995.24,"KES 105,995"
f96a8391-618e-42e6-9bf1-8a37210198e1,89741.39,"KES 89,741"
ad4a9332-ebf0-4f49-985c-e6f83336fbf7,51836.32,"KES 51,836"
f31c30f8-12fe-4adf-9ab6-007a1bad23da,64825.36,"KES 64,825"
7dc95ee7-af2f-436b-a280-4405c034b5e3,18113.28,"KES 18,113"
5ade8899-5a2c-4c3c-8115-c630d8538806,10097.87,"KES 10,098"
2fea2845-46cf-41ff-a70b-eda8945756a2,17762.53,"KES 17,763"
cba87d1f-2256-4c77-926b-28a17a0d3776,85633.38,"KES 85,633"
1ccf386f-a2db-4c65-a050-3bddfaf78805,27031.5,"KES 27,032"
b1f7c506-020a-4980-8b0e-2fa4b29edf63,76288.41,"KES 76,288"
6ac4e167-4abf-4ea0-8d28-b5804a020907,50518.9,"KES 50,519"
7cb208d5-afa5-4c3f-b957-f076d6325a50,94615.19,"KES 94,615"
9c3a3a00-616b-44ec-9fb9-8e1d2952b9da,114586.11,"KES 114,586"
9f0fd6b5-1a81-4909-b327-847e0f03bd35,103434.28,"KES 103,434"
b09793e8-988d-411c-b40e-29e0893bd967,21842.33,"KES 21,842"
ccb073a8-c7e0-4081-876d-c59b246de22d,49973.95,"KES 49,974"
8f3dd330-a55d-42d2-8aaf-f1b5e1cda2a6,18869.08,"KES 18,869"
6a0a337d-0391-434d-a7fd-6a745102e886,97713.93,"KES 97,714"
16f57a4a-e4c7-4ada-bd87-f5727feaf1c6,87607.46,"KES 87,607"
733781c7-10e3-4ee3-aba1-ad4d7a5006e6,100006.96,"KES 100,007"
561c6152-d12e-442e-ad40-c216a5bce66a,69567.35,"KES 69,567"
cc98dcba-0dca-4c67-8baa-ffcf575aa580,80590.4,"KES 80,590"
2b19fd48-7d50-46f7-a737-25073e96bc89,97827.68,"KES 97,828"
b4310ed5-5e5e-4632-b119-84eff0dca405,10090.84,"KES 10,091"
29807897-5628-4dc2-a7f4-61e23921b1cf,90626.36,"KES 90,626"
e7e070be-c0fe-41c6-aee1-d15de78bd186,49046.7,"KES 49,047"
d1d6d154-19d8-49e2-8fe5-f2a23ea4f1f6,103980.37,"KES 103,980"
d487ff38-e15d-470b-830b-cb166b1a0208,64896.31,"KES 64,896"
e360dac6-1e0c-4690-a115-b01fbe5e3b9f,25562.8,"KES 25,563"
c79df9bc-73dd-4bfb-8a03-6be5663944a9,119146.7,"KES 119,147"
d6551f51-ab2e-4593-bfd1-751d374b7f9f,97895.97,"KES 97,896"
0c49b950-99a1-4652-9685-0b5d22e2ebd6,80338.46,"KES 80,338"
73be6f42-c844-427a-bf76-e98cace3e17c,77974.32,"KES 77,974"
cc9d6081-73f1-4e69-ac85-117cb0d43ca7,19857.02,"KES 19,857"
c99336b2-6acf-4a45-91af-af46c7832496,114717.65,"KES 114,718"
e7f53b48-201a-4a85-bddf-8805fe560790,10042.85,"KES 10,043"
7ae53294-3085-43a3-8546-250fe4239ee3,11305.11,"KES 11,305"
fac2988e-4685-499d-9603-33816b028b6c,14922.64,"KES 14,923"
a2099999-d5f1-45f9-9ad8-e5dd7fb57eda,36622.24,"KES 36,622"
a22c9f84-200e-4160-9408-40ae6ba931be,83501.42,"KES 83,501"
fe530bb5-d31e-400b-b342-acb4fb39acaf,90802.16,"KES 90,802"
2882d04f-1e4f-4b6d-9c71-7a9352569261,70879.28,"KES 70,879"
9fdda37d-0890-40c5-99f0-72947edae2c7,26250.01,"KES 26,250"
1df29d6a-0eae-4f1a-84c1-4f9ffe374820,103722.73,"KES 103,723"
52b0248b-3f70-41d0-ad49-6aaac1dd55b7,27270.46,"KES 27,270"
30d4f812-0c0f-4b8d-88a0-7e09c63bff5d,69518.2,"KES 69,518"
a212c26e-7c1e-47e9-a185-6378bc5d923a,109424.36,"KES 109,424"
46a868e6-5967-4112-b187-be407d1523d5,67257.56,"KES 67,258"
f97be9be-2648-4f22-a273-63bdbc5ba357,57464.99,"KES 57,465"
1cfa013b-8a76-499a-bd16-e139da9d374f,25444.52,"KES 25,445"
62c3c88b-50bf-4c19-b0b0-0f91cdc9535a,93253.54,"KES 93,254"
fcf4d3b5-15be-411c-a984-395c9e4a9ea0,62635.83,"KES 62,636"
b14a6460-7474-4787-9736-3f9c3adc6615,20563.19,"KES 20,563"
fa9e841d-31b2-4bf4-97ef-b3eb1f737100,78685.45,"KES 78,685"
7839ca36-eef9-436c-88ec-cdbe6291212a,16251.72,"KES 16,252"
85c2e9ef-828d-41aa-af64-9619bc8c721b,16160.08,"KES 16,160"
8134de1a-b1dc-4c68-aa14-f106d7854cb5,121961.36,"KES 121,961"
e38a336e-218c-4522-be14-83d4f9009aa9,28214.04,"KES 28,214"
6bf242fe-69eb-409b-8e39-21306b556fa3,36427.24,"KES 36,427"
b140948d-d7a6-4553-9e9b-1652c8551df5,97394.86,"KES 97,395"
abfbeeb4-bc73-417b-8a45-b8570dcff813,66471.78,"KES 66,472"
c0bdae51-8db0-40a4-bc79-bb8290187199,25387.25,"KES 25,387"
72253b0a-7260-44a6-a095-936834fdff8d,71359.77,"KES 71,360"
9c1a8d39-ef59-4a42-90c8-62306b746946,55079.79,"KES 55,080"
513369f6-4a42-481e-8ce6-0aa51a13dae5,11929.1,"KES 11,929"
0efad256-cb2f-445a-b063-3cfcc283ae18,20547.93,"KES 20,548"
63dde152-1375-44d2-aa0b-0efa8b386307,14440.75,"KES 14,441"
ebe2d5c8-9e54-40e4-932e-309a278954e5,41714.51,"KES 41,715"
32c075e0-7f0b-404c-b95e-be7209666465,79380.14,"KES 79,380"
00a30da1-0e95-479d-9c06-46897ff1e8c7,37985.79,"KES 37,986"
6aa3533f-dbd6-40bf-a3fc-8e370e147bc5,24973.67,"KES 24,974"
54b1b3a8-1165-414e-800a-896b51aca64b,52456.12,"KES 52,456"
9baada5d-f798-4d2c-85aa-bba38fefae13,100876.84,"KES 100,877"
e719ba61-81c2-4fec-afe0-8ad63451a109,104681.88,"KES 104,682"
cc336b30-edc2-4de0-b633-de9038d23f39,110364.37,"KES 110,364"
b41adcc8-f9b1-4d7d-a86f-7104a5b34c78,16807.03,"KES 16,807"
a7182c81-4d0f-477d-bbf6-2397a9fb01a6,104527.65,"KES 104,528"
b7b4e2b0-bedd-4b83-ac46-0608c47956c5,52540.03,"KES 52,540"
ace2cfef-fddd-4542-96db-2bffa1461541,32032.77,"KES 32,033"
d97f7762-c3c5-4237-a99c-fcf28cf3990e,29406.13,"KES 29,406"
b5a03361-f8ba-4112-a004-46ffa3902730,111326.28,"KES 111,326"
064f33a9-26bb-4d5f-bd99-48fe5b31f8df,10073.56,"KES 10,074"
7b253f4f-6431-41cc-abbe-9e27618514dc,35505.36,"KES 35,505"
03541eae-944d-4d3b-9da5-c662f21f77cb,14026.78,"KES 14,027"
79ac9119-f4e4-49b3-b33f-53714983853f,104747.25,"KES 104,747"
098675ac-0dee-41a1-b815-113f8d2b1564,10022.64,"KES 10,023"
fb1a8fde-4fd5-42f3-8877-fec19dcae1dd,99224.22,"KES 99,224"
7f86cf7d-2dc9-4b94-9afa-e0a959908c38,23155.6,"KES 23,156"
28adb1d5-2421-4a73-b0ca-4df2465a5edd,27822.31,"KES 27,822"
8ad2f847-9f73-436e-88ee-bb99758a52e2,89837.95,"KES 89,838"
67da0d94-50df-47d7-8f92-c99314454301,10764.04,"KES 10,764"
955a4304-2f41-44e8-8d68-437374e1036e,22292.37,"KES 22,292"
70599a6a-3123-4163-a1b7-b576d9dd1ef1,13521.68,"KES 13,522"
def83718-105d-4889-ac67-eba72fd27ae3,89950.41,"KES 89,950"
9f53685f-d6a1-463f-95bf-128c6b50aba7,22310.67,"KES 22,311"
a2dfa1fe-3027-4c12-99ce-cb623b3fcf12,26337.76,"KES 26,338"
cf137fb6-043d-419a-9228-7ca45058c0fd,21569.43,"KES 21,569"
6e6712b6-bf07-4105-969d-a17213ec2138,95771.54,"KES 95,772"
08df48f8-76bd-48ce-8bb2-406c4dffa10e,10069.39,"KES 10,069"
f28724c2-80c5-4004-a546-33ca8025589e,66396.0,"KES 66,396"
e3c3da05-d2bb-4ad2-8b20-3b1c3b341a6d,99206.15,"KES 99,206"
b2edfdca-f0f7-4b26-888d-bb6de057d674,21490.59,"KES 21,491"
974c8941-7505-447b-86f0-5fcc87a22475,119159.66,"KES 119,160"
f6b2a94c-7f3c-45aa-bb3f-559fd6f96cb7,84047.18,"KES 84,047"
db016ab2-edfd-422e-a8a1-74750f981641,31806.71,"KES 31,807"
8670fc9b-5939-40d7-a751-e15d248259cb,116001.25,"KES 116,001"
1a1a8caa-e674-466d-a35d-4b1ab003451b,79627.98,"KES 79,628"
3c830e1f-a66b-4a51-86ce-8510d21695c0,15396.08,"KES 15,396"
fa30a0b9-8a53-4683-8ea7-62604ff8bc3d,67310.19,"KES 67,310"
66a8f305-349f-4350-b846-b347ac5ba8d2,60357.03,"KES 60,357"
8030b6c5-4900-4da8-874a-5847cf14a047,118879.86,"KES 118,880"
93ac6dfd-b02a-4720-9058-8e44c63a97a0,17574.7,"KES 17,575"
03c8c6a4-ab38-4702-98ce-f4a2eae6bdff,29998.97,"KES 29,999"
e04a3d28-58c2-4038-b791-60403f3923a7,87239.3,"KES 87,239"
c1aa97e0-8493-4df9-a860-2096a8a55f7d,104437.04,"KES 104,437"
adece3f7-1b8f-4490-9499-0c37d15a3e21,75612.47,"KES 75,612"
4d513cc8-1b9c-4255-88c1-d5f79c207e6e,13708.06,"KES 13,708"
4aa4b5f3-5419-4f60-ad5d-8d94b0aa73fb,110994.47,"KES 110,994"
784870a5-e699-41ec-8cb2-027f72ec656f,89288.95,"KES 89,289"
70a8b6c6-7682-4e53-80e9-849409e8d152,80474.86,"KES 80,475"
02876141-136a-4029-a658-436927bdfbc6,67797.8,"KES 67,798"
274c348b-392a-4018-8d0d-c06e350da0f9,54269.76,"KES 54,270"
0cce0c07-dc6b-4599-961e-33fa2afa3908,90097.24,"KES 90,097"
fa1b5e5b-7862-446e-96fe-ac96fcac4df0,27317.65,"KES 27,318"
a398822e-bd1a-46e5-8138-c2edc3ded369,91763.7,"KES 91,764"
159eeff6-cf26-4aae-82b6-0f92a51a639e,70739.89,"KES 70,740"
c8b08bc9-3b9b-4bc9-962b-c08c41412ef2,82783.7,"KES 82,784"
5f9d2282-8c17-443f-8d0c-c346fedf5b12,108378.68,"KES 108,379"
2bf60200-44b6-4aac-a631-54333edf1d74,57164.72,"KES 57,165"
c95d8edf-4ea5-44ac-9665-f1abb7c1d003,76749.38,"KES 76,749"
b5b1f54e-6fbe-465e-b375-8dd99608c99c,121388.8,"KES 121,389"
1b3f4c08-8443-4ffe-a78e-ea69cc13c141,100083.77,"KES 100,084"
729265f4-f407-4567-b7b1-bcd1cc70df4f,13945.15,"KES 13,945"
8a9ffe0b-65a5-464f-bb9c-ff1f9341ff17,80915.29,"KES 80,915"
d3a772ce-4df6-48bd-9b77-3e451810f320,103510.64,"KES 103,511"
f08db506-4eb7-4444-bd21-4a09cd62d7fb,24741.33,"KES 24,741"
82c1121a-fedf-471e-9d7f-9c5537337768,106991.74,"KES 106,992"
3c3b2d93-ebca-4515-9f69-346fe678eee4,114558.46,"KES 114,558"
b1232c57-e8c8-4f34-a41d-48d80484f350,12384.84,"KES 12,385"
179fee4f-b705-4c9a-9013-3d1fb6c4289f,24000.98,"KES 24,001"
a897f542-48a1-4bc2-bdd3-06ee7a2b1837,22876.19,"KES 22,876"
306b358e-8a1b-424f-8915-ce48a4f4eb9f,80735.25,"KES 80,735"
3d6fd0fd-7e24-4728-8411-46d0b3703676,114454.81,"KES 114,455"
08d712b3-43b9-46c0-9505-30fd859e5fc6,99103.26,"KES 99,103"
d5b2b4bd-ebd0-4385-a70b-572712dd4960,11320.56,"KES 11,321"
3341a7c8-4b07-4f3f-a3b6-8d6dda4c42b5,16901.86,"KES 16,902"
65bd26e0-3689-4148-b09c-e8f38b93099e,15896.98,"KES 15,897"
17397e54-4a7b-41e7-bc9f-59bf1cddea50,97281.93,"KES 97,282"
48d9927b-3c98-4f75-b354-f8c86af424ed,111389.2,"KES 111,389"
a2a3bf5e-01f1-47bd-a076-6366481e3235,14455.35,"KES 14,455"
bfa10361-9ab3-4588-a70c-6f8379e273e3,101859.83,"KES 101,860"
6935ddcf-1d57-4b3b-84cc-707cefbb160c,12744.64,"KES 12,745"
5cf843fe-3730-4668-8ea8-45c2d9b93fea,10209.52,"KES 10,210"
121b827c-6101-452c-a854-57dc0544be72,81602.0,"KES 81,602"
a15abdcc-52b0-4ac0-ab4b-db8f161c8939,13789.29,"KES 13,789"
058c040b-c575-4c2f-aee0-3a0609de37f3,70565.07,"KES 70,565"
8d0739f0-fd4c-47bc-814e-7ca4091b88d3,93729.51,"KES 93,730"
8c101ca4-b15d-43ad-9b83-6fbe1b091fc6,40659.66,"KES 40,660"
13421acf-28a3-4da5-91f5-e8318ece9f21,113946.22,"KES 113,946"
f8251c67-f189-489d-91fd-d789e129865f,70175.57,"KES 70,176"
45a4982f-b2ad-4970-9e06-ad4aee959c9f,44689.14,"KES 44,689"
0a880f19-7b2e-4dac-a0a1-b6969ce3c486,47988.22,"KES 47,988"
f72f5faf-7c0e-4bc0-a1a7-1a2e559b172c,27444.63,"KES 27,445"
48292b44-fedf-48a0-a049-9639a9ed1075,87896.37,"KES 87,896"
2e1fb807-017d-4d02-aef0-13b72a3bff9b,121012.59,"KES 121,013"
2b2bad93-8f73-443b-9726-0dcff750d2a0,14614.43,"KES 14,614"
d3fb1959-4785-4624-8990-718a24eea581,45421.44,"KES 45,421"
9ff9bc7f-25a2-4cee-89c8-91fafb66cc88,99237.35,"KES 99,237"
e92d8166-4ca2-4810-b7ae-121e084eec4a,20078.56,"KES 20,079"
9f5367ef-7c63-4049-aa1e-2e670c94f17e,94760.25,"KES 94,760"
9f33c24e-8caa-475a-afac-7f0f1bd367e6,87514.75,"KES 87,515"
6671a4c5-46e8-4982-9ebd-e716dd78b7c4,10044.88,"KES 10,045"
ff15215b-3685-43a2-b199-95642f7e5ad1,28220.13,"KES 28,220"
f30fa6d0-b450-44ef-8a73-831f5d6fdf06,10124.17,"KES 10,124"
23636a81-8bb5-4874-8021-de9157d83b4c,10911.87,"KES 10,912"
bbf01a0b-5b2d-4433-b3cf-5bf8871b60d6,116643.72,"KES 116,644"
f5c26053-0dca-4d57-a2fa-605a7f7abd21,94447.27,"KES 94,447"
65efe5bc-7bb8-4c85-962c-75a12e256037,26339.4,"KES 26,339"
b54819b4-36b0-48db-a006-b3920fb160fc,15627.78,"KES 15,628"
24d85d51-18ae-4200-91a3-01af0fbce1cc,56261.68,"KES 56,262"
c5c582a7-5eef-4710-907b-47d699b8615a,10086.88,"KES 10,087"
38f61bb9-6b87-4c91-8f2f-e33121d52c71,115620.91,"KES 115,621"
33cd6f38-fe91-4b14-87d1-f189463e0f6d,21895.15,"KES 21,895"
ce0252b4-be65-436b-aedf-6112741ea5f9,51788.51,"KES 51,789"
1fde9b6d-511e-4fd5-8a05-b9123e450390,105433.24,"KES 105,433"
528a8b68-ffbf-4c9b-bf22-f67d36f8e01f,81861.38,"KES 81,861"
e059b445-81e5-432a-a8b5-6ce874cab7c3,107483.6,"KES 107,484"
90b26e59-38e2-48b4-891c-8cff31f644c4,30157.04,"KES 30,157"
aaa3c726-f46b-456a-978a-4c4bf2cc63ba,66130.64,"KES 66,131"
a4fd2c8a-324e-4769-a8d0-9303b448ca41,15310.31,"KES 15,310"
d4232177-aaf6-40d9-8fd9-a6722032fa77,120263.13,"KES 120,263"
3d1cc88d-b96b-4c9c-b0ab-2b9947af46c6,79878.25,"KES 79,878"
c672fa29-a2bf-4917-9d9c-b863686dc438,62452.11,"KES 62,452"
b1014a27-44db-4e14-aed9-d858f80c042f,10029.89,"KES 10,030"
c4a544f8-231a-48a6-9bd5-bcb2eec5333e,15675.41,"KES 15,675"
c68735c7-9b61-465c-a008-72c7b3ac1547,104843.76,"KES 104,844"
19a05ddf-ed23-4d99-961e-b58a7275d0f1,28615.79,"KES 28,616"
ece7d9b3-9751-49d2-9357-cc2bc6bd409e,50749.61,"KES 50,750"
88b54313-eedf-4f39-8c9e-feb716e1d799,100531.85,"KES 100,532"
9866ef32-ebad-4967-bf16-4ccc6c0ae703,113982.77,"KES 113,983"
a92f15be-a2bf-4646-a570-49351427a340,80984.49,"KES 80,984"
42c31b5e-67a4-4c0c-b838-9c2a47b1b4bf,114819.62,"KES 114,820"
d042de16-c8fc-4d9e-ad28-15ca0b3251ec,88222.33,"KES 88,222"
8a411bf5-f03f-4c8a-8304-bee090e1c8d9,12152.28,"KES 12,152"
8c16062f-06cc-4e0d-aa93-4713779792fe,23726.46,"KES 23,726"
118d383c-e42d-49e6-8ee2-f871f85bebad,22552.9,"KES 22,553"
dbca80a9-91b5-4371-a5e9-12dfcc2c0ae9,61410.6,"KES 61,411"
be695476-fb6a-4695-bb25-fe7232945957,35948.09,"KES 35,948"
16996176-dc89-4836-9447-6f7d4dc55845,17673.05,"KES 17,673"
4b0c925d-2b37-4e78-a0e1-04fabb54fc4b,22310.31,"KES 22,310"
a9a02232-5735-4c24-b7a3-103a7accaa23,28684.68,"KES 28,685"
e27a6ba1-4087-4457-9ed7-edc5ee9fc88d,13970.87,"KES 13,971"
62f532d2-a30f-4b60-8cf6-422f3172a552,105779.55,"KES 105,780"
7d461749-d7b9-4dfe-bc17-bbc48e6deade,17868.12,"KES 17,868"
6e41f225-5ec4-4e18-bf0b-956c764f1672,10939.51,"KES 10,940"
b02af61c-f6e7-4f61-a13f-1a6e4a7bd61a,10082.85,"KES 10,083"
082e0956-9285-40e0-8043-a517e8bd6a19,18737.23,"KES 18,737"
91f43f98-4803-4080-9e0f-2247201147bb,82495.71,"KES 82,496"
b76dfa3e-e684-4512-ab3a-7e4473e31838,103231.14,"KES 103,231"
7632c1c4-cf07-41c5-ab1d-ea2358c611b6,89025.22,"KES 89,025"
3dca631e-b46d-4c4f-84f1-d6bfc12046a9,49269.6,"KES 49,270"
22eeb60c-a10f-4713-bd1f-c0ca80c4a688,69344.97,"KES 69,345"
31eff708-df62-44af-8405-c3132ac7fccc,89437.21,"KES 89,437"
20b85889-8ae2-4019-843b-54589b07dbd0,99218.51,"KES 99,219"
5ef5ae15-02fa-4609-8242-5a4a17b1182a,14566.07,"KES 14,566"
0b51f9a8-738d-4652-a7d4-6b2c16c9e95a,69881.99,"KES 69,882"
1a2b6d09-932a-4c21-84ad-bbe85f0e8852,28728.31,"KES 28,728"
4bb76635-e6a2-46d8-97c1-d9e043578761,28705.88,"KES 28,706"
1eb8a7a9-0413-4a56-93cd-e01369bf9845,107852.27,"KES 107,852"
304a0949-3546-45e5-be6c-a2211c1e68c9,57549.51,"KES 57,550"
a17119d7-6751-4fc4-9680-b751931c8129,27353.31,"KES 27,353"
68584f1e-e5f1-44d2-bf1e-590e34cbe5ac,56993.69,"KES 56,994"
80a99d86-d611-4ce4-875f-58d668e7303d,96232.67,"KES 96,233"
642bca39-6dd9-4a83-802a-2d14674912d9,23321.87,"KES 23,322"
6c48267d-d919-4b9a-9958-69207447e3c9,12493.15,"KES 12,493"
18e48cdd-d8eb-4c37-bd79-509079317ebe,27100.63,"KES 27,101"
347b1ca8-eda5-4655-a795-4cc8225cdace,110092.33,"KES 110,092"
b2c4646f-b35c-4202-9315-da6acca583db,118236.41,"KES 118,236"
ffb5a002-d5dc-4e87-99e1-b15283ad0cfc,12467.08,"KES 12,467"
e4ab9724-7745-443a-835e-074b666533d8,83210.08,"KES 83,210"
6ba2eea2-50de-4f8c-a54d-b255c64be070,10284.59,"KES 10,285"
33013f0e-917c-46b7-8fdb-53231f3a141f,62675.98,"KES 62,676"
b6a3bb8e-1a73-4ce2-8048-297cbb576f56,121150.56,"KES 121,151"
ac268c56-d608-4beb-8959-d31b1da3bad0,67105.63,"KES 67,106"
0a6524e8-0c92-4a85-b599-a5da7a0b6f2d,22158.44,"KES 22,158"
1973ab7f-48e4-4dc5-ac3f-3cd8c29b8df5,72913.72,"KES 72,914"
d6b42e66-bcff-4775-863a-fd13b5001620,86961.34,"KES 86,961"
9bd19c69-551e-4af1-934d-207d3eee6544,90573.13,"KES 90,573"
94aa1fae-e849-405f-9eaa-be4f5a3cfe6c,111034.92,"KES 111,035"
1fbff51b-377c-462f-9c27-1698b922ea31,10359.73,"KES 10,360"
bcdba946-4ec8-44c3-a8ea-debb59c4de01,25467.59,"KES 25,468"
a3f51c36-d20b-4bb2-ae4d-3b33dd96edd7,90663.25,"KES 90,663"
70cd3ccd-010a-44ee-8126-e0e6a94817ba,17062.44,"KES 17,062"
8b5cbf1a-d092-4a50-8af0-9bb65548633a,87543.42,"KES 87,543"
02d6e34d-7506-4a9f-8034-bfc72a66955c,110302.11,"KES 110,302"
6276be67-a749-46c6-924f-d5d2c28cf7a7,101872.32,"KES 101,872"
a85e0410-2a2d-4d21-8641-20f53650c077,16249.23,"KES 16,249"
8472d7a3-ff83-4a28-9d07-7790905671be,81219.5,"KES 81,219"
bc1d1aa8-39e2-4152-a726-2a36dec599b0,10103.84,"KES 10,104"
486f846d-7cf4-4a22-b415-a59746c43391,23281.57,"KES 23,282"
28b2dfac-5126-47de-891c-c68dcc447569,119701.14,"KES 119,701"
b3274d20-968a-4616-9872-9a879289f7d8,50072.5,"KES 50,072"
8a48b5c4-76ac-43e1-8396-486becc54119,61009.08,"KES 61,009"
cdd074ab-0526-412d-8f9b-e7d3eeec6085,101052.94,"KES 101,053"
a1b278e8-28e8-4bb7-a07d-44f662b4caec,83155.69,"KES 83,156"
21955db1-c05d-4f06-9f2e-fdc57bf8ba5e,102666.35,"KES 102,666"
642c393d-c63f-4862-95aa-fbe0025a2b0f,30176.62,"KES 30,177"
a881d7de-1992-4663-b1eb-5a4f69944162,101013.52,"KES 101,014"
d76d5935-d0e7-4014-a889-02479dcb94f6,57588.1,"KES 57,588"
b86ca5b8-7696-4191-86e3-9c1e7df33a2f,72760.68,"KES 72,761"
b98bf5e7-0edf-49fc-9016-d20a644d7318,52555.86,"KES 52,556"
8f8f6de8-5b1b-49c4-93bc-0b5a77bcfd20,91032.16,"KES 91,032"
2be93d71-9024-4994-a525-1f96866731fb,33855.01,"KES 33,855"
afe146b4-c111-4c51-87bd-f651d605bb52,32239.3,"KES 32,239"
a2226059-d8f2-43db-9d41-7349572de271,11960.01,"KES 11,960"
8489cd4e-702d-44a8-9070-807fcaec590f,17995.02,"KES 17,995"
bece76fc-f501-45b6-9448-405a8583c1a3,12573.68,"KES 12,574"
9a6d1e3f-3557-4ee7-97ce-758419184684,29292.43,"KES 29,292"
1c9a4ed0-0b07-458e-964d-a88ab99db5a4,105246.34,"KES 105,246"
bdc27f84-07f1-4ab0-a2c1-3eab18646b37,15698.17,"KES 15,698"
bdd6e6a9-20ed-4b1f-a1de-63f794dc5721,83344.78,"KES 83,345"
1c69c622-8e22-4620-957a-1d51405f05f0,24487.8,"KES 24,488"
e6d2b7bc-0c27-48c2-84d3-59238fd077cb,10013.24,"KES 10,013"
3010a0bd-96f2-4f2a-99ab-64ffdc856520,102698.79,"KES 102,699"
d104f05a-6f30-458e-a7a8-65519643313d,29148.15,"KES 29,148"
02287d32-fed6-48ad-9c51-3c31cdc0173e,18556.4,"KES 18,556"
dc2d3996-94b6-4d22-a8cf-b6020d9510a9,88087.44,"KES 88,087"
13b08141-8753-40eb-b06e-8dda999bb382,65995.47,"KES 65,995"
20e8d27f-6278-460b-9e48-220e09ddcae8,118951.46,"KES 118,951"
93fabc40-8af1-4e7e-baa9-9b6672833340,16154.81,"KES 16,155"
4d6db10e-e187-4781-8e2a-f87bfb45d112,115585.73,"KES 115,586"
12bcf53a-c7ff-4f6f-b7ed-d7916249ca4f,32557.4,"KES 32,557"
ebe9ab4d-d413-4a74-b037-bc0d8f9333d0,24213.08,"KES 24,213"
4c850841-cfa9-4e47-b51f-cc835e7ce550,92657.09,"KES 92,657"
e911cdba-a208-4c0a-91c1-b3f45716a847,19430.51,"KES 19,431"
500c59c5-631a-42d3-8982-5fbc2e52f706,104177.64,"KES 104,178"
2b530926-1813-4925-86d2-4deea1ed348d,64773.89,"KES 64,774"
0a76d820-db69-4280-ab4d-325ec5895afe,15926.05,"KES 15,926"
0d7b7d7a-26eb-4451-a4d4-50b22270f145,17528.88,"KES 17,529"
4bd1a2d7-acef-474c-8fc6-7ab780c13d58,27483.97,"KES 27,484"
f333d26d-f972-400d-8453-06567bd247e6,23320.93,"KES 23,321"
150d574b-1dc8-4ba6-8677-9a14295bc4d6,10080.09,"KES 10,080"
20108f5a-2cb0-4344-ab10-3d76b271bcdb,29532.51,"KES 29,533"
355bdc5c-c501-4696-8f86-4755b705eb55,117048.22,"KES 117,048"
ee9238ab-4e76-4e7f-ac6b-0872d09c07b8,20542.13,"KES 20,542"
c2f25a82-303e-4688-9959-899a47ebf5fc,86953.81,"KES 86,954"
209f21ac-270a-42c3-b837-fc01620a5a1e,72072.75,"KES 72,073"
5e325c12-b1df-46de-bec7-dee718bf3012,72898.15,"KES 72,898"
b1fdce48-b208-473e-82df-4b39a5dd84c0,24809.09,"KES 24,809"
bc8ba281-d249-45ed-893e-8aa41e7e0ac0,14386.43,"KES 14,386"
b8605ffe-2ac2-4466-9ee1-9d951c5c9616,105933.47,"KES 105,933"
dc2bbaa2-eefc-4490-abaf-ee1b26c8f1cd,37482.32,"KES 37,482"
3755875a-2d12-448d-87cf-af9a7f72ca7b,12578.65,"KES 12,579"
cd273466-144f-48a5-ac5c-a28a1097a1d5,10014.93,"KES 10,015"
6350b69a-d990-4d75-939b-68fc9aa49f86,16073.28,"KES 16,073"
d52140d7-3f99-4aa7-8c80-1e485f473a9d,94906.3,"KES 94,906"
a13c9848-7086-4957-a817-05a8dfa80e57,23888.74,"KES 23,889"
45638de1-fa94-4802-91da-04ec8df23886,109557.4,"KES 109,557"
9ae09a1e-b241-4661-83c4-81c932d960d2,73476.67,"KES 73,477"
0223c3af-e460-48fb-9511-09948a89fe3e,92624.37,"KES 92,624"
93a34898-ea8b-440c-8fd9-32abace01d52,25788.86,"KES 25,789"
3929789a-4654-4f23-8a17-20c880219511,84763.83,"KES 84,764"
0d15207a-a631-408c-9476-3fcd0c2d0977,80799.38,"KES 80,799"
19c4595a-5ac3-4794-84b0-57a82dc202e9,101171.9,"KES 101,172"
1010f72d-b042-4a14-a01e-cf236f9bdc94,91591.35,"KES 91,591"
b6ef0de5-3c21-4f52-8a2f-6f9860bb6d38,107156.19,"KES 107,156"
c2a94139-2e33-436b-8a46-352d7c62ec6d,61610.3,"KES 61,610"
490adda9-c36f-4f1c-92ec-970d41400b85,51722.9,"KES 51,723"
f7cdd666-b8d1-4a6c-867c-6fff80748cea,96897.48,"KES 96,897"
46986e85-3762-4ec7-a9f4-b0fe9946f0ab,74523.76,"KES 74,524"
d6ea62e0-85ad-4e37-b813-299f48337fa2,23913.18,"KES 23,913"
70308121-9546-48b9-afae-1976fa9b6fee,45870.49,"KES 45,870"
04ba5ac0-c215-48e9-878a-47d7b18d3bda,10182.24,"KES 10,182"
9c2dc7f9-04f5-436f-a105-de42f4aefd64,120054.05,"KES 120,054"
56906525-4e93-4c37-91d3-473e759b3d70,58701.67,"KES 58,702"
d368ea83-80fd-4cb7-9ff4-cb1a2d76e8dd,55764.32,"KES 55,764"
229a92e6-074d-4ce3-b309-949b2cd83889,119258.53,"KES 119,259"
e74ce2c2-8a33-4c91-ac06-3ce318f9e547,75120.54,"KES 75,121"
8ad624c6-a41f-45f1-9486-b33a26ea6e49,107929.22,"KES 107,929"
f98a50d6-3488-425c-8edf-4be9517696d3,25933.62,"KES 25,934"
766581b8-517d-44b2-8bfe-35ac1c51046e,118126.91,"KES 118,127"
759e8d91-8b02-40a9-8284-f206491e9774,24498.92,"KES 24,499"
38004b4e-364d-40f8-b91e-785f52977ea3,10798.07,"KES 10,798"
5b20c594-a07e-4491-a350-a649b605baf4,103117.22,"KES 103,117"
4758160a-bd02-4d5f-8807-3a4f98481c38,100000.37,"KES 100,000"
37738d15-656d-476e-b2c1-5419991251ff,19041.74,"KES 19,042"
14bf7d08-8175-492d-874d-748dad9a8bf6,28684.11,"KES 28,684"
a40717ab-6aa4-4747-bcac-cb68e6d898c1,18407.97,"KES 18,408"
f3bb52f9-531a-4b0b-964b-cd681fb08e29,10036.47,"KES 10,036"
5d75fb30-a6f4-4eaf-986a-2edfe2391fef,29386.84,"KES 29,387"
9f3983b8-73bd-488c-ae6c-b63bc159659a,44701.43,"KES 44,701"
2ad4f92b-b44a-4222-8222-196693abc022,74939.9,"KES 74,940"
0769293c-1160-444c-afe3-7c928ee436d2,85074.74,"KES 85,075"
1d41b941-8645-4ef2-9ba7-4109d8b53645,47545.36,"KES 47,545"
704bc3fa-dad9-4e6e-ab1a-63b3f9e0db2e,80668.19,"KES 80,668"
c4170602-0f29-4fff-9f0b-29892365f549,13706.22,"KES 13,706"
bae9a12f-b6fe-4cea-ac70-f0bc32209263,67203.28,"KES 67,203"
c92149af-9b78-499b-9f4a-61e0ac41643f,89954.95,"KES 89,955"
7fd20fe5-8cd5-4f6d-bb76-061800a1ed61,42425.66,"KES 42,426"
95641832-a46a-4201-aa7a-14b24e42de59,10059.05,"KES 10,059"
2f813885-7a72-4a0b-adfd-9af59e9f6ec6,16075.04,"KES 16,075"
67977a27-30b6-4077-807c-ea2d0ad55053,21498.55,"KES 21,499"
7516e307-12b3-4bb3-853b-43e2b7c615cb,18066.7,"KES 18,067"
0be69c6a-42e2-48ac-9ee9-0160c0af53d8,14368.51,"KES 14,369"
ccb71690-468c-4c8b-93f7-2ec306cf4ec7,70296.12,"KES 70,296"
41dd5dd0-9fa9-4cbe-8653-db3fe53ef451,25695.11,"KES 25,695"
696ad8bb-29ff-4402-8b75-b8597312da16,48395.45,"KES 48,395"
f75d8bd7-35ae-48c6-b711-2bb53d22add0,14214.72,"KES 14,215"
e361b57f-bad2-4cb5-a424-a47f008e9189,18307.71,"KES 18,308"
8f74154e-b7b4-445d-afb6-0fffe3631d8b,122617.7,"KES 122,618"
2ae9538e-12ae-42ff-8445-2def7756c1c7,24888.4,"KES 24,888"
b0058c3a-9d31-4e35-af69-b93a25427f2f,12767.8,"KES 12,768"
c297b912-d186-4250-b189-9b39115bd622,29295.59,"KES 29,296"
3cbaee74-c143-4352-9f20-34194f8f4c5b,108790.11,"KES 108,790"
11b9fe17-1941-435b-b2b2-b26a99b43fe5,98414.94,"KES 98,415"
cce5eeb6-20d1-47d1-8b6d-9dd7ed9c8135,10147.97,"KES 10,148"
9898b0ff-0d44-4cc1-9beb-5aafe8355844,90816.83,"KES 90,817"
afc81d06-e0d5-4e79-b4bb-5d7b607a5a72,25987.07,"KES 25,987"
9d0eccb1-c1fd-41f0-8f62-68a6e90129d4,104911.19,"KES 104,911"
fe1680cc-a258-441d-b805-ba7f950ec406,28189.57,"KES 28,190"
2bb97109-ab7e-4871-ae7f-ae15aa486551,75012.72,"KES 75,013"
46381d38-83e0-4a0a-8443-e636fcbd5965,71004.16,"KES 71,004"
7ad84f7a-9fcf-41b6-a6d4-07d0c2285f19,69631.88,"KES 69,632"
f1506122-243d-49e3-8353-9ac49d2165c6,102120.74,"KES 102,121"
a4aa0325-b219-449f-bfc1-903602af7cb2,31076.19,"KES 31,076"
d1bb6024-942f-4054-a60f-089300272f6c,69069.74,"KES 69,070"
9f7b6960-49b5-4eb9-8e81-c4747acdbba2,41004.76,"KES 41,005"
c9e7bcbf-cded-43db-9fee-cfea7a2f7cfe,74904.69,"KES 74,905"
c227219c-1900-4698-9263-3f6b806a9045,20246.42,"KES 20,246"
2bf9ad99-7882-43c9-bd3a-67e67a13aa3f,17059.03,"KES 17,059"
783d87ba-c129-4fa8-9a78-91ca1b985b2f,28864.13,"KES 28,864"
f87f7acf-e876-47c1-8e90-a1c8bb0812a4,22109.98,"KES 22,110"
06ec6a3f-e946-44a2-bbc9-eaa71e4770a6,104737.96,"KES 104,738"
dea1bc84-fe21-4703-9ebc-6bfb73479ac7,44529.91,"KES 44,530"
3cb287db-7ad4-42a5-91bd-d74fdd2a7cac,29644.56,"KES 29,645"
8bb13706-5702-4839-8985-ceb72938cb08,19340.22,"KES 19,340"
dc0c3f43-46f1-4805-b71a-9c8eef259deb,56110.55,"KES 56,111"
8626283c-dde8-4fca-87c8-3fe557b4013d,24767.49,"KES 24,767"
ed9681fd-b22b-4b29-b4e5-7e76f77b70d2,16583.68,"KES 16,584"
b40f6a50-6917-4739-881b-d4a44b0a8d3f,54533.29,"KES 54,533"
49d6999d-f0b6-47a8-be07-39c44c37618b,81764.05,"KES 81,764"
6bfd127a-b746-4cc8-beb4-973826e685fe,29352.31,"KES 29,352"
3515f1cc-6c80-47b6-aa9d-79df390676fe,95769.38,"KES 95,769"
17261318-d238-405a-b475-1834bcdf5862,40555.11,"KES 40,555"
4d0c2d5a-d858-49ea-8572-4973566daa21,96396.2,"KES 96,396"
536d659a-db37-4469-b4c2-e0f2db239359,84216.91,"KES 84,217"
22718cd5-83a0-4576-a5bd-27e5ff07627c,25005.52,"KES 25,006"
1654c6b7-3812-4bd2-b37d-93cf3989b152,24479.43,"KES 24,479"
cddcd819-5668-46cb-bfa5-7f60b6d28064,84075.6,"KES 84,076"
e6241f3b-29b1-44d7-8748-412bdc669660,26291.08,"KES 26,291"
8a3afdd2-79d9-4310-8b2c-73d51d52d6ba,54927.14,"KES 54,927"
f6119e0e-79a8-47bc-bdf8-9cf020119641,20919.47,"KES 20,919"
d316dd70-4829-4e96-9b4b-ae984d3f7c50,22198.94,"KES 22,199"
e7685d88-ce3a-46d6-ba77-439d77597bad,40793.38,"KES 40,793"
b480d64d-22db-4a04-9a16-02ef55a4dbe2,98569.69,"KES 98,570"
911297df-346a-4e47-8393-8f8f19c98b5d,101591.56,"KES 101,592"
d29f968c-99f3-4ce4-8a4c-36692b7c79dc,103707.85,"KES 103,708"
e88c7fda-cff9-4874-9e9c-b7ada572c547,12377.42,"KES 12,377"
f3c72097-dddc-4061-9896-55cff91c2e50,91784.18,"KES 91,784"
5ceac4e1-7dbc-4a2f-9e3d-f22195a3951f,35629.29,"KES 35,629"
5cbbc9af-e3ad-4dfd-99e0-993a56551234,27297.95,"KES 27,298"
c16d18f6-db1c-4f24-b939-fcc55acaa532,26084.81,"KES 26,085"
3a5ed91d-ae63-4607-b3eb-2b43b4574756,71210.74,"KES 71,211"
2d3af162-0e38-4257-97cb-961295bf7298,68108.01,"KES 68,108"
5d861b8b-69b1-4d6d-9376-3d5c6deb63ef,19696.72,"KES 19,697"
2013ae10-dd4a-4745-a173-1676633debb4,79438.82,"KES 79,439"
d46967db-41f2-43f0-8e3d-468d63181cd1,97060.73,"KES 97,061"
5d32b48f-3247-45d1-b0ba-1eb7a65111a6,96624.09,"KES 96,624"
c874a76c-2ee8-42c2-8874-a35d9441ef42,14511.67,"KES 14,512"
990540df-05fb-4c0c-bbfa-9494ca486bd3,98699.3,"KES 98,699"
495d033b-0cf0-43e5-a0d1-292184278f57,54612.67,"KES 54,613"
d9188152-472f-4cfc-82c9-6f769afbd5b1,11015.34,"KES 11,015"
07ae56c2-fdd0-4576-92a8-2a5b17dbb65d,66626.22,"KES 66,626"
a94d4cc3-7cce-47e7-8cd6-9cf072e478b5,21932.09,"KES 21,932"
0c72e945-336a-444f-bd16-54e8a4982eb3,28194.81,"KES 28,195"
9b361b77-57a5-49ce-8580-8eee3c0078bc,20681.8,"KES 20,682"
6788d217-f9d1-4efe-983d-433233092169,20529.72,"KES 20,530"
50ebf236-17ab-4a6a-8915-f144aab5ad17,103951.7,"KES 103,952"
d722163d-2779-4ada-8cbb-0c8e01b17668,100565.45,"KES 100,565"
b74b7f8b-3c2a-4394-b844-06a38a618cdb,96555.05,"KES 96,555"
210f3f05-1c28-49d9-b1fc-adbadbadabc0,81592.2,"KES 81,592"
78da0bf0-0769-4b42-ab0c-ee7a5cbc6b31,14047.6,"KES 14,048"
27f3101f-a309-45ba-872e-3ac4235b1670,63272.67,"KES 63,273"
108e8fe9-8bb1-4f68-af7f-f184686714e5,91122.48,"KES 91,122"
4e1b6900-b02e-4acd-ace5-ec8d75d832fe,69674.53,"KES 69,675"
2f8edf7e-5581-4de1-b243-eb55dc1b12ac,103598.39,"KES 103,598"
900474f2-b242-49da-a0d4-66ac231edd3c,23514.0,"KES 23,514"
4219cebf-7f9d-4ff3-a7fe-989d3e363028,101764.8,"KES 101,765"
69403921-9dcd-4750-a427-e40305cf5f2d,102869.47,"KES 102,869"
769f168e-b768-4d03-8008-aec479712c75,25188.15,"KES 25,188"
a8502065-baf8-4a02-9f1b-5f8a894a4da9,77922.64,"KES 77,923"
1672a64a-fe51-4ac8-b983-e401cb5c7024,22613.07,"KES 22,613"
f70e3c62-8845-434c-80a0-855565a037c9,78352.92,"KES 78,353"
aa3b2a23-fb59-4b51-8e27-4ec349057423,88850.82,"KES 88,851"
0d9659ca-0fea-43cf-9f3e-523f89afd6bf,71694.09,"KES 71,694"
