member_id,default_probability,risk_level,recommendation,membership_months,loan_count,repayment_rate,status
bebc2037-5cdb-4862-a35f-8c8c18be85f8,1.02,VERY LOW,APPROVE,34.166666666666664,2.0,1.0,Active
ff25e319-3862-492f-a081-d9825eac3217,0.54,VERY LOW,APPROVE,1.2666666666666666,3.0,1.0,Active
9fbb1990-eb75-4154-bb79-0aa9793a02ad,88.23,VERY HIGH,REJECT,26.033333333333335,3.0,0.3333333333333333,Active
5754fa8f-4d7f-43cf-a428-7a2b5544a0e6,0.0,VERY LOW,APPROVE,25.133333333333333,1.0,1.0,Active
3705166a-a09f-4bff-b11c-97b57f04b8ff,1.07,VERY LOW,APPROVE,-0.4666666666666667,2.0,1.0,Active
6fd3bf71-587b-4d38-8325-b65f33332f61,80.55,VERY HIGH,REJECT,0.6,5.0,0.4,Active
e74ae304-6e21-4e53-a3ef-d8983749f7c3,0.0,VERY LOW,APPROVE,25.5,0.0,0.5,Active
4dfb387e-3ab2-4c58-a349-a9aee194383a,0.0,VERY LOW,APPROVE,15.6,0.0,0.5,Active
33f1e106-b042-48a4-a6d2-28d4ac7e52b7,0.54,VERY LOW,APPROVE,15.2,5.0,1.0,Active
96623150-2e40-4a24-b984-51faf5401dcb,86.16,VERY HIGH,REJECT,7.5,4.0,0.25,Active
abf4c7f1-5041-4136-94ed-3fc23dde8718,0.0,VERY LOW,APPROVE,24.1,0.0,0.5,Active
fc21648e-c52c-4b63-8410-36d880c4f39d,0.0,VERY LOW,APPROVE,17.866666666666667,0.0,0.5,Active
18418cb6-4ad1-456c-a153-95cef13be730,0.0,VERY LOW,APPROVE,12.733333333333333,0.0,0.5,Active
55fd505f-a67f-4d2c-b77b-7adb6c120fcd,89.14,VERY HIGH,REJECT,32.666666666666664,4.0,0.25,Active
ba123f7f-07de-424c-8291-311406c71949,0.0,VERY LOW,APPROVE,17.666666666666668,0.0,0.5,Active
280e1524-c2b7-4e09-91ab-795c9a2daf5a,88.84,VERY HIGH,REJECT,24.333333333333332,5.0,0.6,Active
c128220a-ae45-4864-b5f3-b93011f1dc96,78.78,HIGH,REJECT,28.366666666666667,2.0,0.5,Inactive
8be84676-3b9d-442a-afc7-7358a23d9a3a,81.55,VERY HIGH,REJECT,13.066666666666666,4.0,0.5,Active
a3e2c744-98cb-441c-926c-be769fe0cfb2,89.65,VERY HIGH,REJECT,0.5666666666666667,5.0,0.6,Active
85fe2153-7903-4d63-ab8a-f648421536fa,0.0,VERY LOW,APPROVE,7.9,0.0,0.5,Active
15e8141c-7cfe-41cb-80c2-e4ee226ac359,0.0,VERY LOW,APPROVE,2.3666666666666667,0.0,0.5,Active
fcf20822-2807-4a53-91d4-a3ddcd7fbf20,93.61,VERY HIGH,REJECT,21.3,5.0,0.2,Active
4c933093-48f6-45e8-9159-c258c2ee4302,0.0,VERY LOW,APPROVE,1.8666666666666667,0.0,0.5,Terminated
20899283-d1a8-4118-8a98-593fba3914dc,86.87,VERY HIGH,REJECT,31.066666666666666,5.0,0.6,Active
eca22886-32ce-49f1-9f5d-86d28c39677f,0.0,VERY LOW,APPROVE,30.566666666666666,0.0,0.5,Inactive
72705f24-6a28-4768-8d4c-e8969d268a93,91.16,VERY HIGH,REJECT,27.666666666666668,4.0,0.5,Terminated
24f8a449-c8a7-435c-9ba5-9001bc7afc29,0.0,VERY LOW,APPROVE,5.033333333333333,0.0,0.5,Terminated
592f363f-6c40-414e-9fb6-81b3df68862b,77.13,HIGH,REJECT,11.933333333333334,4.0,0.5,Active
38c44d3e-e981-49e6-92bc-5aaf72fa52d6,60.9,HIGH,REJECT,8.333333333333334,3.0,0.6666666666666666,Active
0547dbb1-691a-43ff-8b96-807933eb00d1,0.0,VERY LOW,APPROVE,-1.2333333333333334,0.0,0.5,Active
28b0685d-544e-4851-8b45-cd456282c00e,51.29,MEDIUM,APPROVE WITH CAUTION,21.366666666666667,4.0,0.75,Active
7592c58e-4a3a-42d2-8071-cfd95d086d2f,0.2,VERY LOW,APPROVE,32.233333333333334,2.0,1.0,Inactive
4ea1298c-2a7e-4451-a618-4de4585b3b63,80.79,VERY HIGH,REJECT,30.233333333333334,2.0,0.5,Active
3a2a19bc-4a2e-4ecf-a9e3-4989fbefecf0,0.76,VERY LOW,APPROVE,26.666666666666668,4.0,1.0,Active
a690f234-bcca-491b-b4e1-abf55a3df905,68.73,HIGH,REJECT,24.466666666666665,4.0,0.75,Active
2c1d8afa-0157-4995-b76f-eea54378101b,77.05,HIGH,REJECT,23.766666666666666,3.0,0.6666666666666666,Active
27131f1e-3758-4095-999e-27069f3b59b6,72.75,HIGH,REJECT,16.2,3.0,0.6666666666666666,Active
9fd810a5-dc29-4d9b-a811-a413bfa13307,0.0,VERY LOW,APPROVE,26.1,0.0,0.5,Active
cc8f8b07-8879-4d00-9165-cc3333432fe5,0.0,VERY LOW,APPROVE,27.066666666666666,2.0,1.0,Terminated
b894f2c2-75bd-4ee4-86c2-d8fbb879b9a8,0.0,VERY LOW,APPROVE,17.3,0.0,0.5,Active
f6693cf4-ec8a-4cc6-bb0b-5c450804bb53,0.0,VERY LOW,APPROVE,14.1,0.0,0.5,Active
08eb280f-7b57-4d30-b606-e8057a3dc91c,0.0,VERY LOW,APPROVE,12.133333333333333,0.0,0.5,Active
19900b67-cd8f-44ad-b7ba-bfbada8d5b1c,0.0,VERY LOW,APPROVE,3.6333333333333333,0.0,0.5,Inactive
e603ca4d-7119-4156-a0f2-336ecbc26105,78.66,HIGH,REJECT,6.266666666666667,4.0,0.75,Active
0eab2c8f-f3cb-428c-9625-2de7188ffa78,63.75,HIGH,REJECT,27.233333333333334,5.0,0.8,Active
28b012a2-8682-4fa3-a842-43c78abaf7a5,1.04,VERY LOW,APPROVE,15.1,2.0,1.0,Terminated
f2406c7d-5932-4589-816e-0d11c7ecfe5d,90.59,VERY HIGH,REJECT,18.766666666666666,4.0,0.5,Terminated
c4bb8841-c789-443a-8ae0-d58d7aaeaab4,61.49,HIGH,REJECT,34.53333333333333,3.0,0.6666666666666666,Active
957776b5-bbf3-420e-9755-8a662a472641,81.02,VERY HIGH,REJECT,1.2333333333333334,4.0,0.25,Inactive
f30342e1-4fab-4ea4-8304-8cb6d584b280,66.36,HIGH,REJECT,24.433333333333334,5.0,0.8,Active
dba285fe-c331-4afa-a936-2a9dddc6dd61,0.0,VERY LOW,APPROVE,14.4,2.0,1.0,Active
3a3c1a9d-78cc-41dc-8c3c-45cbd80cc123,0.0,VERY LOW,APPROVE,24.0,0.0,0.5,Active
8ec85ff7-cd5f-401c-bd57-1a419d83761a,80.63,VERY HIGH,REJECT,26.666666666666668,4.0,0.5,Active
ecb13ef7-4c3b-46ec-aeaa-995539869a0e,0.0,VERY LOW,APPROVE,12.233333333333333,0.0,0.5,Active
40c5457e-889d-4afa-ad45-cd1e2c8536cd,0.0,VERY LOW,APPROVE,21.733333333333334,0.0,0.5,Terminated
bcb551f8-c2d2-44df-ac6f-cf64e98cf82c,0.42,VERY LOW,APPROVE,21.6,2.0,1.0,Active
e138bf5c-8007-4c7a-9dcc-19f75ccdd900,71.86,HIGH,REJECT,-0.9333333333333333,2.0,0.5,Active
fd4f01d4-5053-43b8-95a3-b8b2e1253be3,0.0,VERY LOW,APPROVE,15.033333333333333,0.0,0.5,Inactive
ca13733b-11a0-42a4-bbc1-56b0c0e385ec,0.0,VERY LOW,APPROVE,27.233333333333334,0.0,0.5,Terminated
8344a503-5d7f-470f-a033-2bc73d4ab76b,76.97,HIGH,REJECT,24.566666666666666,3.0,0.3333333333333333,Active
144ec220-08ea-4f82-8649-1c7732e6cb9e,0.0,VERY LOW,APPROVE,14.2,0.0,0.5,Active
3f76559a-d0d7-47a4-8899-7b8f3a62e6d5,88.21,VERY HIGH,REJECT,27.933333333333334,5.0,0.6,Active
c65d6d02-0717-4c4b-a375-82cd76b2eb91,82.64,VERY HIGH,REJECT,7.166666666666667,3.0,0.0,Inactive
79300afb-2e5b-462b-817e-1b5c77e4ca56,0.0,VERY LOW,APPROVE,17.3,0.0,0.5,Active
00d4686a-5112-4cf2-908b-fafe9a4b635e,0.0,VERY LOW,APPROVE,16.566666666666666,0.0,0.5,Terminated
3db29de8-0535-474e-b63e-ab8d005eb757,79.14,HIGH,REJECT,31.9,1.0,0.0,Inactive
4e14a624-54a2-400e-81a0-dc892f58be85,0.0,VERY LOW,APPROVE,4.566666666666666,0.0,0.5,Active
54c34092-6906-4f2e-9d8c-8ea236116e99,0.0,VERY LOW,APPROVE,2.7666666666666666,0.0,0.5,Active
656e888f-9469-44a8-b624-381e5da79456,0.21,VERY LOW,APPROVE,24.1,1.0,1.0,Inactive
af0aec4a-7dc8-4235-8338-ec6a39525170,0.17,VERY LOW,APPROVE,19.033333333333335,2.0,1.0,Active
57f64e0f-dd8f-4074-a3d3-0f284b4ba93c,0.0,VERY LOW,APPROVE,24.0,0.0,0.5,Active
61352fe6-c6f5-4e46-a28a-03dc3f20e985,78.15,HIGH,REJECT,22.466666666666665,2.0,0.5,Terminated
9aa2abe8-9549-4f31-b9db-d6b876cce707,0.0,VERY LOW,APPROVE,27.833333333333332,0.0,0.5,Active
fb6e5505-50d7-4b92-a325-a419c941411d,74.8,HIGH,REJECT,15.6,5.0,0.8,Terminated
070e9012-66da-4af2-964f-f2c3a2e0c51e,0.0,VERY LOW,APPROVE,0.7,0.0,0.5,Active
82cfc0d2-1084-41c8-864c-a2a9a064e053,70.01,HIGH,REJECT,23.433333333333334,5.0,0.8,Inactive
23994116-2318-4d19-bc44-187154042bf2,0.0,VERY LOW,APPROVE,2.433333333333333,0.0,0.5,Active
28bbd75a-bc32-407f-9649-cc374d75088b,72.18,HIGH,REJECT,4.533333333333333,1.0,0.0,Active
a840e9fb-27ab-4c6b-99a3-3e06ac77d0cb,0.0,VERY LOW,APPROVE,2.966666666666667,0.0,0.5,Active
7a5b2a76-d949-4c1f-aa39-390839011f13,47.85,MEDIUM,APPROVE WITH CAUTION,8.8,2.0,0.5,Terminated
2a307f97-7c8f-4ce6-a2f6-f0b0049458d6,65.97,HIGH,REJECT,24.466666666666665,3.0,0.6666666666666666,Active
bf23eb0d-4c32-4fa4-a890-91438552721d,0.17,VERY LOW,APPROVE,20.0,1.0,1.0,Inactive
b8de2666-0fcd-4110-80d3-02e88eae4147,0.0,VERY LOW,APPROVE,21.533333333333335,4.0,1.0,Active
0141d30e-fcf0-4d70-8215-5d68bf9129af,65.84,HIGH,REJECT,29.7,2.0,0.5,Active
b4cd7f9f-3365-41be-876d-e39bc4bd01d2,0.0,VERY LOW,APPROVE,25.5,0.0,0.5,Inactive
f91f1abc-64d2-433c-9d40-3dceae239a5f,32.0,LOW,APPROVE,6.9,3.0,0.6666666666666666,Active
8f26a0e3-52d3-4b48-bf04-dd783c2d3499,3.35,VERY LOW,APPROVE,31.933333333333334,4.0,1.0,Active
03c24346-4f40-4fb6-9e44-ec7846aac44a,0.0,VERY LOW,APPROVE,20.233333333333334,3.0,1.0,Inactive
012d4d32-8f96-48c2-8441-2615d0086c95,63.93,HIGH,REJECT,33.03333333333333,4.0,0.75,Active
d8915646-22ef-490b-8ecb-6a61bebc8181,1.76,VERY LOW,APPROVE,5.5,2.0,1.0,Active
e07d1cb1-a5e8-4db2-a627-e35e04ee7e03,0.0,VERY LOW,APPROVE,1.1,5.0,1.0,Active
6795e5d9-52e8-4dad-a6a4-147ef027c4c3,0.0,VERY LOW,APPROVE,30.533333333333335,0.0,0.5,Active
a1f35f1a-de63-4e84-a9d0-3d487fa5b1d7,0.64,VERY LOW,APPROVE,31.733333333333334,3.0,1.0,Active
14f138b6-0ebb-44e2-8d7d-d1df2f4fcb45,89.38,VERY HIGH,REJECT,32.1,5.0,0.6,Active
e0d8526f-52ea-4a79-857a-07ad85403174,0.42,VERY LOW,APPROVE,31.466666666666665,2.0,1.0,Active
daf3a067-38f0-472b-9215-d1481fa9c1f7,0.0,VERY LOW,APPROVE,27.633333333333333,4.0,1.0,Terminated
534ba15c-7dfc-4ee4-9501-0ff2f5839bbb,0.0,VERY LOW,APPROVE,34.7,0.0,0.5,Inactive
568b49ae-9d1c-4bb1-9c8d-b93b6a2c24d6,54.86,MEDIUM,APPROVE WITH CAUTION,10.866666666666667,4.0,0.75,Active
743ed9e5-da72-4bf0-ba60-f56c3020402b,0.17,VERY LOW,APPROVE,14.666666666666666,3.0,1.0,Active
912da90e-14be-442a-be37-e7bf8e7f2843,52.19,MEDIUM,APPROVE WITH CAUTION,26.5,2.0,0.5,Active
f6ba99da-c23f-4ab6-908b-7372bdd52a5c,81.4,VERY HIGH,REJECT,31.733333333333334,5.0,0.4,Active
7e3e24bd-d50b-4ba0-adbe-dce43b47f15d,0.0,VERY LOW,APPROVE,3.566666666666667,0.0,0.5,Active
9afbaebc-3c96-4a9c-99bf-f4a8b1b7067d,55.76,MEDIUM,APPROVE WITH CAUTION,4.0,3.0,0.6666666666666666,Active
818997f6-f0d1-4380-af39-d37e119c69d4,69.72,HIGH,REJECT,33.6,3.0,0.3333333333333333,Active
d6bef8f7-8702-4f16-a0c5-4b98bed1f2cf,71.37,HIGH,REJECT,22.6,5.0,0.8,Inactive
ed9c0225-9354-44cf-a905-c34d0c4a2b32,90.49,VERY HIGH,REJECT,25.366666666666667,4.0,0.5,Terminated
e2e8c8bd-0e41-4659-826a-914336f19b17,65.41,HIGH,REJECT,20.7,3.0,0.6666666666666666,Active
8813c8ae-bfe8-4152-8e19-d07e23a2bf98,77.9,HIGH,REJECT,21.866666666666667,5.0,0.8,Active
a565c1f1-5f6d-495f-b964-c7039fe6b48e,65.84,HIGH,REJECT,-0.4666666666666667,1.0,0.0,Active
71d698bc-92dd-4310-800a-6cff5d402c40,0.44,VERY LOW,APPROVE,28.733333333333334,3.0,1.0,Active
795e8d37-036c-4f25-822c-e4c77517c357,0.0,VERY LOW,APPROVE,28.366666666666667,0.0,0.5,Active
1e09352b-194a-4cd7-80d6-ffdd3715d38b,71.71,HIGH,REJECT,28.7,5.0,0.8,Terminated
cbbfa4e1-9e86-491f-b9f2-aa5c22e1ac25,0.0,VERY LOW,APPROVE,19.3,0.0,0.5,Terminated
1a6a9c4c-0162-4185-8483-55bcc9ebdd5b,20.25,LOW,APPROVE,12.933333333333334,1.0,0.0,Active
ce289794-198d-4361-9782-902114a62fc1,0.27,VERY LOW,APPROVE,28.766666666666666,2.0,1.0,Terminated
ccb79973-e5eb-4fd7-b9f1-3760492cd83e,0.0,VERY LOW,APPROVE,16.233333333333334,0.0,0.5,Terminated
63ceb789-0c8f-4d02-ad4b-b6d0d9c976cf,75.48,HIGH,REJECT,7.4,1.0,0.0,Active
69c2a278-57e0-4822-a5cb-0a6a103efdb4,59.37,MEDIUM,APPROVE WITH CAUTION,1.4,1.0,0.0,Active
7980970a-e440-49ac-b47a-c653f0bbdfe0,0.0,VERY LOW,APPROVE,9.666666666666666,0.0,0.5,Active
85f6f110-8b58-4ae8-8687-2006a330d5a4,62.13,HIGH,REJECT,34.0,4.0,0.75,Inactive
3c61d233-c2ed-4a3f-a7c1-ec4606c8025c,92.61,VERY HIGH,REJECT,17.8,5.0,0.4,Active
7a624aef-ec37-44d1-b8c1-ba37fc9ad2e6,0.0,VERY LOW,APPROVE,20.9,0.0,0.5,Active
c436bb47-bb22-4a87-9818-a0ccc9496ff2,48.0,MEDIUM,APPROVE WITH CAUTION,18.5,4.0,0.75,Active
7de41c6d-6663-42a8-9adf-0bd3ef51fcb6,0.0,VERY LOW,APPROVE,10.833333333333334,0.0,0.5,Active
35a0271d-6521-44d4-a855-8d96b68f1c58,0.27,VERY LOW,APPROVE,2.466666666666667,3.0,1.0,Active
b7756bce-f4ac-423d-be5e-d30ace0522d4,0.0,VERY LOW,APPROVE,-0.1,0.0,0.5,Terminated
2fe27ded-4508-4363-b622-628b72e46b2c,0.97,VERY LOW,APPROVE,1.5666666666666667,3.0,1.0,Terminated
2bbceb3a-28db-420e-8ecc-14f6f6dc13ce,0.0,VERY LOW,APPROVE,31.266666666666666,5.0,1.0,Active
3f1622c0-11bd-4a80-9e06-84b804208352,0.0,VERY LOW,APPROVE,23.966666666666665,3.0,1.0,Active
00f319bb-6449-4654-b3da-43cbfbd3eadc,0.0,VERY LOW,APPROVE,19.9,0.0,0.5,Active
8f9a616f-9870-492d-91fa-12ae6e359e35,88.12,VERY HIGH,REJECT,24.6,3.0,0.3333333333333333,Terminated
cb148168-fd96-473e-bfac-b6a8c9ea39c4,0.0,VERY LOW,APPROVE,20.133333333333333,0.0,0.5,Active
0d3eac8d-4ff0-42eb-b978-e3986809baf5,0.59,VERY LOW,APPROVE,17.3,2.0,1.0,Active
eff49e0a-5604-4216-b2a1-def3012e8412,0.54,VERY LOW,APPROVE,32.266666666666666,5.0,1.0,Active
f863580e-918f-459b-a68f-06228184c666,86.43,VERY HIGH,REJECT,28.933333333333334,2.0,0.0,Active
b75ae72e-8913-4bdc-91d7-a0cb546bed1d,0.0,VERY LOW,APPROVE,32.166666666666664,0.0,0.5,Terminated
11645781-3767-42e1-b656-91a15f736a5f,57.7,MEDIUM,APPROVE WITH CAUTION,-0.6,2.0,0.5,Terminated
810e95e7-2620-4a93-a7c2-afc4750fdef6,0.0,VERY LOW,APPROVE,0.1,0.0,0.5,Active
f206f65d-f830-436c-a565-cf6ac5097b0f,0.0,VERY LOW,APPROVE,18.833333333333332,0.0,0.5,Inactive
f2171a0b-7be3-4f84-addf-a5e9d92b13fd,0.44,VERY LOW,APPROVE,28.166666666666668,3.0,1.0,Terminated
4df400fb-eada-4005-8b38-66799fe261db,1.18,VERY LOW,APPROVE,1.0333333333333334,1.0,1.0,Active
e02403be-b3de-4bcc-a273-22033dadd6e3,66.16,HIGH,REJECT,30.9,3.0,0.6666666666666666,Active
f3a88df0-01f9-4a35-9cf2-630dad59bbc8,0.17,VERY LOW,APPROVE,25.466666666666665,3.0,1.0,Terminated
d2148bae-2e8d-465c-9ad6-dbacf822e0cb,0.0,VERY LOW,APPROVE,11.766666666666667,5.0,1.0,Active
8eac2bc9-8850-48db-aa4a-a2e4f13d5cf8,0.0,VERY LOW,APPROVE,24.0,0.0,0.5,Active
d0ce84ef-437f-44a4-8235-21a209cccbe4,0.0,VERY LOW,APPROVE,10.166666666666666,0.0,0.5,Active
d7b1c4f8-c7ad-45ef-ba4c-578d63d62912,82.75,VERY HIGH,REJECT,10.0,2.0,0.0,Active
26205c4e-1be7-4a63-a1f6-8ecbb9c77f11,64.31,HIGH,REJECT,0.4,3.0,0.6666666666666666,Terminated
42c2e426-b09c-4489-ab1a-5178c14e53e4,46.66,MEDIUM,APPROVE WITH CAUTION,32.36666666666667,3.0,0.6666666666666666,Active
11591e9d-0376-422a-9a5c-aa2875515449,83.07,VERY HIGH,REJECT,8.3,5.0,0.6,Active
e613ef10-9067-401f-bece-46af45aaa7d0,82.67,VERY HIGH,REJECT,16.9,4.0,0.5,Active
90844171-d1c2-477f-8152-0cd0dcea8d48,73.36,HIGH,REJECT,15.8,4.0,0.75,Active
b17a1611-6c61-46fc-967d-b99bd2a52b26,0.0,VERY LOW,APPROVE,13.333333333333334,0.0,0.5,Active
add4339b-b7a3-492a-8121-267db731e9fa,91.55,VERY HIGH,REJECT,33.4,3.0,0.3333333333333333,Terminated
74509d14-ec4f-46b8-9ff3-6032d19fd1c3,85.2,VERY HIGH,REJECT,32.53333333333333,5.0,0.6,Terminated
29facb5e-c67a-4f27-9aae-b6c2d22c03d9,0.17,VERY LOW,APPROVE,3.6666666666666665,1.0,1.0,Active
b855f3af-b49d-4228-9c17-4fa7cd9edc91,66.07,HIGH,REJECT,4.3,4.0,0.5,Active
a84e7e5b-6bf6-41b2-992e-f3afb6f91160,61.45,HIGH,REJECT,8.0,5.0,0.8,Active
af838fea-eebd-4af1-94b4-e1ffa69cb60f,70.3,HIGH,REJECT,12.3,1.0,0.0,Active
acef860f-1f03-471c-a6e9-42230a6d2781,0.21,VERY LOW,APPROVE,18.033333333333335,1.0,1.0,Active
6d2edce1-af2b-4dd3-ab5d-8cb04b036db7,0.0,VERY LOW,APPROVE,21.9,2.0,1.0,Terminated
b2225045-203c-4be0-bdbc-12325c904263,74.24,HIGH,REJECT,29.066666666666666,4.0,0.75,Terminated
557cd46f-d867-46ac-a362-2197d95c209e,0.0,VERY LOW,APPROVE,12.3,0.0,0.5,Terminated
2b90902f-341f-40fe-b98d-bbee530d02d4,86.93,VERY HIGH,REJECT,31.833333333333332,5.0,0.6,Active
f141edb0-51f1-4864-8944-1c7426f9c0fa,1.76,VERY LOW,APPROVE,11.3,2.0,1.0,Active
84985e19-b8a0-4afc-8bc3-ae2e5c442bea,80.15,VERY HIGH,REJECT,28.866666666666667,5.0,0.4,Active
96b5b092-6072-43be-89f3-0025f642933e,0.0,VERY LOW,APPROVE,15.266666666666667,1.0,1.0,Active
b83e6cee-5e85-4b0d-aa95-6855c1331ea7,0.0,VERY LOW,APPROVE,8.233333333333333,0.0,0.5,Terminated
4c481de7-9298-42e5-aea2-91628fb1e0d8,0.0,VERY LOW,APPROVE,18.933333333333334,0.0,0.5,Active
f417c096-1fb8-47db-abfd-3d59a55c0f12,0.0,VERY LOW,APPROVE,27.633333333333333,1.0,1.0,Active
a8f9d38c-f8b5-42d6-a9c5-1a4c77ab8562,45.91,MEDIUM,APPROVE WITH CAUTION,12.6,4.0,0.75,Active
f5299d04-25d0-4121-a9c3-7da75a8f685f,76.24,HIGH,REJECT,28.1,2.0,0.5,Active
d03494d3-3cc7-4adb-93cb-446c13195823,0.0,VERY LOW,APPROVE,1.1333333333333333,4.0,1.0,Active
edb1cab2-2b14-445b-b737-a2fc4628d522,68.91,HIGH,REJECT,17.666666666666668,4.0,0.75,Inactive
76033e67-a7dd-482c-9f26-47f0e821d019,0.83,VERY LOW,APPROVE,22.2,4.0,1.0,Active
5a910282-e038-4650-aa13-69f8578417f5,90.7,VERY HIGH,REJECT,13.6,5.0,0.6,Inactive
7f4032f0-4d6d-4e0f-8538-c07f6789cdfc,62.74,HIGH,REJECT,6.866666666666666,4.0,0.75,Terminated
a18b15de-e740-4c93-a3a0-1cc9ef9c6ef7,0.0,VERY LOW,APPROVE,27.366666666666667,0.0,0.5,Active
a385ee6c-67d1-43e8-89e4-a6230d644a1f,0.0,VERY LOW,APPROVE,29.866666666666667,1.0,1.0,Active
f3a5e59a-46fa-4b79-a11e-2d3dc0760b1a,45.79,MEDIUM,APPROVE WITH CAUTION,24.166666666666668,3.0,0.6666666666666666,Active
45c21b07-9ae9-49dd-aba3-1bcd97ef3b25,80.06,VERY HIGH,REJECT,2.7666666666666666,3.0,0.3333333333333333,Active
e83bedb2-2e54-45d8-96d3-c5d461fc5080,0.0,VERY LOW,APPROVE,13.233333333333333,0.0,0.5,Active
b3063bea-51d9-4207-aafc-266a580388fd,0.0,VERY LOW,APPROVE,29.133333333333333,0.0,0.5,Active
79482d66-b53b-497b-98ed-f96dd875a787,67.49,HIGH,REJECT,30.766666666666666,3.0,0.3333333333333333,Terminated
889c43a9-20de-43a5-88e0-f350f91efcfe,0.0,VERY LOW,APPROVE,27.933333333333334,0.0,0.5,Active
5a619d91-13d4-41a4-bff0-77f19b141cdc,0.97,VERY LOW,APPROVE,17.9,3.0,1.0,Active
baaf9d12-2544-4946-827b-9b9333a85bcd,0.17,VERY LOW,APPROVE,14.333333333333334,3.0,1.0,Inactive
faa7f7c8-9768-4ed6-a91f-c3d21e17987e,77.08,HIGH,REJECT,13.466666666666667,4.0,0.75,Active
f67a3004-ca0b-434b-b7d2-73b77208d494,0.0,VERY LOW,APPROVE,15.9,3.0,1.0,Active
991f009b-946c-4b79-9138-c2dc2911f643,80.34,VERY HIGH,REJECT,1.3333333333333333,1.0,0.0,Active
182d0035-4c86-48e4-8908-513f0b682c15,89.38,VERY HIGH,REJECT,16.066666666666666,3.0,0.3333333333333333,Inactive
84e993e2-0f2f-467e-8316-7f98b838d475,1.39,VERY LOW,APPROVE,31.6,5.0,1.0,Terminated
3eb0ac71-36d5-41a2-896d-5f8c08dfc9b0,76.74,HIGH,REJECT,31.366666666666667,1.0,0.0,Active
be764e0d-97fe-4529-bad5-a992719e163d,61.57,HIGH,REJECT,3.8666666666666667,4.0,0.75,Terminated
2bf99c06-aafa-4dea-9f62-a28806e08d67,79.25,HIGH,REJECT,32.166666666666664,1.0,0.0,Active
3c3976e6-5813-45da-8bfc-1ed751cfe5cd,0.17,VERY LOW,APPROVE,24.866666666666667,2.0,1.0,Active
44ad21d1-5734-4cf7-9b25-71e38860b3e8,88.26,VERY HIGH,REJECT,28.266666666666666,5.0,0.6,Active
c4146eea-7288-4766-a251-b38d64f0cc94,59.63,MEDIUM,APPROVE WITH CAUTION,2.466666666666667,2.0,0.5,Active
af9c9332-b1de-4c16-854b-d0155ddcb5a9,75.72,HIGH,REJECT,23.066666666666666,2.0,0.5,Active
baa8258f-c712-4490-a991-b44f4bb286e4,0.0,VERY LOW,APPROVE,28.7,0.0,0.5,Active
3fa4b36c-f077-45e7-ac9f-3ce52fd25725,0.17,VERY LOW,APPROVE,0.16666666666666666,2.0,1.0,Terminated
44a4859b-9e05-4cb9-b50b-4e8953894284,77.77,HIGH,REJECT,22.066666666666666,5.0,0.8,Active
772978c5-99dd-4d69-ab32-7c08e509d5d8,69.54,HIGH,REJECT,6.333333333333333,1.0,0.0,Active
c4286178-7272-41c6-8d7d-a48300c60128,70.45,HIGH,REJECT,4.366666666666666,5.0,0.6,Active
6b5250de-b60f-4148-9a5f-cd81e356d012,0.0,VERY LOW,APPROVE,34.7,0.0,0.5,Active
da4f07e1-8a0f-4c49-bd17-ae189940c4f8,0.0,VERY LOW,APPROVE,20.9,0.0,0.5,Inactive
21d6f937-9d16-450e-89b4-e764c5b122a5,80.78,VERY HIGH,REJECT,13.7,4.0,0.5,Terminated
dae47807-c388-48b9-b2e4-8f343fc8365f,0.0,VERY LOW,APPROVE,15.666666666666666,0.0,0.5,Active
add4f8bd-4302-44b7-9004-fe648890f29d,0.17,VERY LOW,APPROVE,28.3,2.0,1.0,Inactive
a12b26b1-2332-44fe-99ba-f6320fcff6dc,77.51,HIGH,REJECT,16.8,2.0,0.5,Active
4561c01c-93ea-49a2-bc6e-77998f973738,0.0,VERY LOW,APPROVE,29.833333333333332,0.0,0.5,Active
0ce06aac-35d9-4e80-bffe-41ac47d553e6,0.27,VERY LOW,APPROVE,8.5,1.0,1.0,Active
07598610-ce68-4656-8692-c9eaf4a3ba9d,0.0,VERY LOW,APPROVE,15.566666666666666,1.0,1.0,Active
64af1f49-165b-42eb-8abe-2fdf0194a633,0.0,VERY LOW,APPROVE,2.9,4.0,1.0,Terminated
831ad9c5-e871-4607-afa1-8a389fd68c01,0.0,VERY LOW,APPROVE,14.533333333333333,0.0,0.5,Active
ea35e6b0-1063-46e9-9463-ba099a1bfa19,79.4,HIGH,REJECT,20.7,1.0,0.0,Inactive
b7fea081-a52f-42c8-a272-f6d747d909a1,0.0,VERY LOW,APPROVE,33.5,0.0,0.5,Inactive
68cabf7e-420d-4162-a3b8-6c5b0b1b3989,0.0,VERY LOW,APPROVE,27.2,1.0,1.0,Active
09e6de12-5392-4641-abd0-347f5bd07636,0.0,VERY LOW,APPROVE,12.233333333333333,0.0,0.5,Inactive
ad970cc2-4a31-47ab-8311-2a0ef102ffd8,0.17,VERY LOW,APPROVE,5.333333333333333,2.0,1.0,Terminated
fe86f0ae-2267-4151-a700-0d392541d8bf,0.0,VERY LOW,APPROVE,10.733333333333333,0.0,0.5,Active
5333f8d1-c814-417e-bd23-89f85053fb72,0.0,VERY LOW,APPROVE,23.7,0.0,0.5,Active
37479cff-dea5-4da0-91a4-e2b6abd7431a,75.9,HIGH,REJECT,23.866666666666667,1.0,0.0,Terminated
826c8cd6-1c76-456b-8156-87dad3398ea7,84.86,VERY HIGH,REJECT,2.566666666666667,5.0,0.4,Active
03e80d14-cb4a-41b7-a386-10cc87eaa497,0.0,VERY LOW,APPROVE,15.333333333333334,0.0,0.5,Active
5182e93e-2fd4-4d3e-9144-f60dee8bb7b0,0.52,VERY LOW,APPROVE,0.6666666666666666,1.0,1.0,Terminated
259fa36b-07ab-4a32-92a7-8dd20626530c,0.0,VERY LOW,APPROVE,34.4,0.0,0.5,Active
01a4c138-696b-40f0-9e03-575d4521f473,90.09,VERY HIGH,REJECT,21.366666666666667,5.0,0.6,Active
067248a7-8aff-4a6d-a92f-88d7849585fa,74.28,HIGH,REJECT,15.866666666666667,3.0,0.6666666666666666,Terminated
adab233f-04f7-4879-8ff3-877c56c3def2,72.13,HIGH,REJECT,-1.5333333333333334,4.0,0.75,Terminated
52f56455-4b66-4230-9f9b-f1494b22c0a5,0.0,VERY LOW,APPROVE,19.366666666666667,5.0,1.0,Active
2c5d4be1-fdc6-44ce-91ab-3fc166799c60,0.0,VERY LOW,APPROVE,32.03333333333333,0.0,0.5,Active
da4801ae-da5e-4292-8051-a4bbcad7ff18,0.0,VERY LOW,APPROVE,10.933333333333334,0.0,0.5,Active
865da5b1-c9bf-42c1-89ca-b3f3e98ca387,0.0,VERY LOW,APPROVE,9.7,1.0,1.0,Active
81752b56-fb52-4704-bfae-0b2b2a5ad90f,0.17,VERY LOW,APPROVE,29.033333333333335,1.0,1.0,Active
aecbdb20-4038-464a-a85d-3dbab9ecf78e,74.45,HIGH,REJECT,22.933333333333334,3.0,0.3333333333333333,Active
4b11a918-fdce-43c2-a418-cfabf9068695,0.0,VERY LOW,APPROVE,27.266666666666666,0.0,0.5,Inactive
a32c8eb1-406c-4036-9fe4-f6192ade8b19,46.79,MEDIUM,APPROVE WITH CAUTION,17.633333333333333,3.0,0.6666666666666666,Active
a2217719-7ae1-4402-877c-e2deea108b46,76.67,HIGH,REJECT,33.53333333333333,2.0,0.5,Active
eddf0f2d-33ff-4c14-bbea-ecee29dd7509,0.17,VERY LOW,APPROVE,24.333333333333332,1.0,1.0,Active
b85c26a7-25c5-41c8-b8f5-3aac64ac6b61,1.04,VERY LOW,APPROVE,12.9,2.0,1.0,Inactive
3a75b7a9-3ecd-4de3-b839-98f8abbb7ee2,87.81,VERY HIGH,REJECT,15.333333333333334,4.0,0.25,Active
3eeca124-6cb3-4f2a-aa9b-e1473b8a7873,78.0,HIGH,REJECT,25.866666666666667,1.0,0.0,Active
40fe61be-e9b3-4275-af0d-c244dcc9c48c,0.0,VERY LOW,APPROVE,32.833333333333336,0.0,0.5,Active
a1f19e36-a5e5-4170-8472-40d772f04ea1,78.63,HIGH,REJECT,26.366666666666667,2.0,0.5,Terminated
a3fd1abf-fa21-4e32-a81f-1f0889337229,82.92,VERY HIGH,REJECT,33.0,4.0,0.5,Active
d61de876-d168-4678-9a73-9461ae4f4268,0.0,VERY LOW,APPROVE,-1.6333333333333333,0.0,0.5,Active
b56ab718-32ab-497b-b740-0be9a29f9fba,50.3,MEDIUM,APPROVE WITH CAUTION,21.066666666666666,4.0,0.75,Active
4c53f12d-6a44-46cd-9935-cd873e9f5397,0.0,VERY LOW,APPROVE,32.6,0.0,0.5,Active
474637cf-0225-4501-8b7b-2fa4d28c2b81,83.83,VERY HIGH,REJECT,12.866666666666667,3.0,0.3333333333333333,Active
88d75ec3-01b1-4bd4-a8d3-2f1a0a9139ef,0.0,VERY LOW,APPROVE,-1.2333333333333334,0.0,0.5,Active
2a4710b0-8239-4c4b-8ddc-995ba6af34e3,0.78,VERY LOW,APPROVE,-0.7,4.0,1.0,Active
eda1a057-7f97-475e-b25a-d2d21d7cb0ab,0.0,VERY LOW,APPROVE,27.833333333333332,4.0,1.0,Terminated
6c251536-f146-4a45-9f0b-ed1f55bc32eb,0.0,VERY LOW,APPROVE,31.9,0.0,0.5,Inactive
72a2f53a-a720-4fcf-a457-221d69d4eccf,54.43,MEDIUM,APPROVE WITH CAUTION,27.4,3.0,0.6666666666666666,Terminated
e3377f95-4dd0-48a1-b971-24b12af0de01,0.45,VERY LOW,APPROVE,0.3,2.0,1.0,Active
eae92cb9-06be-43ef-afd6-8503774371f2,0.17,VERY LOW,APPROVE,6.866666666666666,1.0,1.0,Active
2b06df6e-111d-4358-8f56-28c82fc35f5c,0.0,VERY LOW,APPROVE,29.5,0.0,0.5,Active
30cf0ab4-a3fe-4d2c-9996-f639e19536b2,91.28,VERY HIGH,REJECT,25.4,5.0,0.2,Terminated
00defd90-af0d-4969-9ffe-9f65c38108f3,0.0,VERY LOW,APPROVE,2.466666666666667,2.0,1.0,Active
86f06fb9-1b9f-4c43-976b-64964c79e472,0.95,VERY LOW,APPROVE,33.3,5.0,1.0,Terminated
d568a3dc-35f7-4921-a099-1249e4e89982,0.0,VERY LOW,APPROVE,20.733333333333334,0.0,0.5,Active
44f1bde0-92f8-467a-8803-75341b42882b,2.81,VERY LOW,APPROVE,14.133333333333333,4.0,1.0,Active
d23072b9-507e-421f-9590-d0ccaa71cb0a,70.28,HIGH,REJECT,9.8,5.0,0.8,Active
a995aac2-a704-4a58-a3fd-6a689e367f6d,0.0,VERY LOW,APPROVE,17.2,0.0,0.5,Active
888cdd76-5665-4708-a137-baaf94febaae,0.0,VERY LOW,APPROVE,0.7,0.0,0.5,Active
d41df619-8111-4752-8ab8-10c20b5f1daf,0.62,VERY LOW,APPROVE,14.433333333333334,2.0,1.0,Terminated
964cb252-a7b8-43ba-addb-33c44e725ea0,80.38,VERY HIGH,REJECT,-1.0666666666666667,3.0,0.3333333333333333,Active
18e0babc-dd98-4675-954e-fd8ece95712d,0.42,VERY LOW,APPROVE,27.3,1.0,1.0,Active
7f5e6e50-e8e7-4318-91cd-907def51cebd,0.0,VERY LOW,APPROVE,9.5,1.0,1.0,Active
61f7e2d6-2649-4b59-bff5-c872fba2d9c5,0.0,VERY LOW,APPROVE,32.53333333333333,1.0,1.0,Active
d27915e8-5ed6-4d23-98f0-dc6ca041ed67,24.71,LOW,APPROVE,16.3,5.0,0.8,Active
e199d054-cc14-4add-8769-a50f91808040,0.0,VERY LOW,APPROVE,16.5,0.0,0.5,Inactive
b13db970-6532-43e3-9176-50acb8f2d36b,76.26,HIGH,REJECT,3.5,5.0,0.6,Inactive
0c1b48d0-1de8-441d-85e0-93a200d936df,0.0,VERY LOW,APPROVE,33.766666666666666,0.0,0.5,Active
9f3658ae-58ac-40f7-b0ac-23c6aecff6be,0.57,VERY LOW,APPROVE,31.533333333333335,4.0,1.0,Active
977ace0b-3831-46e0-b581-7e97b745cc57,0.0,VERY LOW,APPROVE,31.2,2.0,1.0,Inactive
6d6880e1-1952-4749-b5e8-5b0cbf4fe34b,87.96,VERY HIGH,REJECT,33.0,2.0,0.5,Inactive
e7866fb4-59bc-4b69-a2ed-4feb6c3c37da,0.0,VERY LOW,APPROVE,29.533333333333335,2.0,1.0,Active
faec6e31-ffbf-4f5a-8826-7d311b3e2ece,0.0,VERY LOW,APPROVE,25.766666666666666,0.0,0.5,Active
bd640cd7-db59-430c-a122-e88198d2e0c1,0.0,VERY LOW,APPROVE,21.366666666666667,0.0,0.5,Active
b64701e9-0251-4293-b2aa-049884d9fb47,1.2,VERY LOW,APPROVE,4.366666666666666,2.0,1.0,Active
3db31e81-a786-43af-af32-0b4b8ce857e8,0.0,VERY LOW,APPROVE,2.8,1.0,1.0,Active
c3081d4a-3aaa-4a39-afd5-57e465116375,0.0,VERY LOW,APPROVE,33.766666666666666,0.0,0.5,Inactive
6b36170b-2bac-4882-9e19-d8370fffa5de,82.34,VERY HIGH,REJECT,24.466666666666665,2.0,0.5,Active
df996247-baba-448d-9dc6-65b897a77835,0.0,VERY LOW,APPROVE,7.533333333333333,0.0,0.5,Active
96c550e3-76f7-4cd3-a229-efe79d536c2e,85.27,VERY HIGH,REJECT,22.066666666666666,4.0,0.5,Active
39df4c1c-0d68-4596-a5be-cb37a95cdac1,55.62,MEDIUM,APPROVE WITH CAUTION,23.233333333333334,1.0,0.0,Active
cb51d70b-1f94-4523-8ee5-1f2d413b4759,0.0,VERY LOW,APPROVE,27.0,1.0,1.0,Active
a4ab8f99-d013-49ed-807c-f868ae9eea77,83.77,VERY HIGH,REJECT,16.6,4.0,0.5,Active
836a60f0-a701-49cf-9bcf-cbd19ff1dd77,0.95,VERY LOW,APPROVE,32.766666666666666,1.0,1.0,Active
7d6810ca-aee8-44b7-9eef-cf22b041db48,0.0,VERY LOW,APPROVE,-0.8,0.0,0.5,Active
1698aef6-12bb-4b9a-8808-be367ca2da21,71.21,HIGH,REJECT,-0.5666666666666667,5.0,0.6,Terminated
8e1cdcd4-281d-4459-9209-680bd52876a6,87.16,VERY HIGH,REJECT,23.5,2.0,0.5,Active
21bcd8dd-7930-4092-8535-a42c03056a52,69.0,HIGH,REJECT,22.133333333333333,2.0,0.5,Inactive
c665a835-0443-4b58-b7b6-7e14b4bce673,0.0,VERY LOW,APPROVE,9.133333333333333,0.0,0.5,Terminated
1d4682c7-0b18-4d85-beef-cad1cb0d4fe3,62.9,HIGH,REJECT,24.866666666666667,2.0,0.5,Terminated
48e03e9e-4acd-4db9-ae44-ebebb8aa4a07,0.0,VERY LOW,APPROVE,-0.9666666666666667,0.0,0.5,Inactive
d004279d-ba62-4490-a0dd-676a3546117a,73.59,HIGH,REJECT,23.366666666666667,2.0,0.5,Inactive
759a6ece-b81a-460b-a0e7-f1f6ab6e1115,0.0,VERY LOW,APPROVE,21.9,0.0,0.5,Active
6aca38d2-20d7-43cf-98f9-9e5c7cdf6fc0,0.0,VERY LOW,APPROVE,10.2,2.0,1.0,Active
1cb96afe-70c5-4350-8785-f1a8b756b59e,0.0,VERY LOW,APPROVE,17.733333333333334,0.0,0.5,Inactive
462ecc7f-0de2-47ea-b49e-9df01e2231c1,0.17,VERY LOW,APPROVE,21.6,1.0,1.0,Active
f232218e-18a4-4f62-a236-5ce5004a9de8,49.16,MEDIUM,APPROVE WITH CAUTION,15.8,2.0,0.5,Active
5b5b0e73-cb02-4eb8-ada4-6277edffc60c,89.58,VERY HIGH,REJECT,15.433333333333334,4.0,0.5,Terminated
1998afb5-f33d-4fbb-af41-c9a1315946ae,78.41,HIGH,REJECT,5.9,2.0,0.5,Active
354e03b7-47a7-4f64-986f-5717a7f0fd7f,0.0,VERY LOW,APPROVE,34.06666666666667,0.0,0.5,Active
2dc74d15-2d02-459c-93f3-c78f06e418d8,66.9,HIGH,REJECT,4.633333333333334,4.0,0.5,Inactive
07cfe48a-2ae3-4be8-97b6-b88c9d54c9f4,67.24,HIGH,REJECT,14.866666666666667,4.0,0.75,Inactive
4f213e42-7a63-4e01-9029-7c125d66660b,75.95,HIGH,REJECT,17.5,5.0,0.6,Inactive
e1077b3c-e6bf-4f0a-91dd-f4269bb73140,0.0,VERY LOW,APPROVE,22.0,2.0,1.0,Active
8401811f-51bb-4e54-aa28-c05641cbc8cd,82.21,VERY HIGH,REJECT,10.866666666666667,4.0,0.5,Active
2bce56e8-a103-4e54-ac2d-4c836736ad8e,0.94,VERY LOW,APPROVE,33.1,2.0,1.0,Active
78595dc7-aae7-4740-ab81-ce275aadd360,0.0,VERY LOW,APPROVE,19.133333333333333,0.0,0.5,Inactive
7caa84d7-21ad-478b-bd36-ae80c3f3cb1b,45.74,MEDIUM,APPROVE WITH CAUTION,3.3,3.0,0.6666666666666666,Active
27dc07ae-c8cb-460f-9d5b-bfd2e964e522,0.0,VERY LOW,APPROVE,0.03333333333333333,0.0,0.5,Active
f6495dea-c5be-484a-b966-61ab3e3e70df,75.47,HIGH,REJECT,30.6,5.0,0.8,Active
c3ef7753-e47f-407d-8af7-0fa265874238,77.91,HIGH,REJECT,32.7,3.0,0.6666666666666666,Inactive
a128b050-680d-49dd-96db-c4d5d7d35673,0.0,VERY LOW,APPROVE,6.9,0.0,0.5,Terminated
94cf1c77-4efa-48f6-a6d2-736ae5595ef5,61.28,HIGH,REJECT,6.4,2.0,0.5,Active
1017180a-5b23-487e-964a-ccdc0c98e5f9,0.0,VERY LOW,APPROVE,3.533333333333333,0.0,0.5,Active
3f12ea4d-de47-4676-b14f-ef0de25827f0,52.69,MEDIUM,APPROVE WITH CAUTION,5.9,5.0,0.8,Active
b1da24af-a96b-4fc1-9fdf-6c030b1e3916,0.0,VERY LOW,APPROVE,14.833333333333334,0.0,0.5,Terminated
992d3ea5-780f-4cc3-9c82-6319fbfd7400,53.64,MEDIUM,APPROVE WITH CAUTION,22.933333333333334,2.0,0.0,Active
18fb3b7a-0d19-4e13-b682-bf3e2d76bfa3,66.5,HIGH,REJECT,3.966666666666667,2.0,0.5,Active
726bb181-188a-4fe1-813b-43c2276b025b,0.0,VERY LOW,APPROVE,19.6,0.0,0.5,Terminated
4bd8490e-7b47-4ac9-97b3-42a3c2feb9b5,83.15,VERY HIGH,REJECT,4.666666666666667,4.0,0.5,Active
ddecbfd8-162d-4f6d-9a34-89573f42f728,68.22,HIGH,REJECT,21.233333333333334,2.0,0.5,Active
f326b522-5524-443a-b15a-485b852598b0,82.69,VERY HIGH,REJECT,9.5,3.0,0.3333333333333333,Active
69954c0d-3277-4e75-b7c6-66b41745236e,0.0,VERY LOW,APPROVE,24.033333333333335,0.0,0.5,Active
ac4027ed-2935-4720-88a9-3fd465ae1847,0.0,VERY LOW,APPROVE,20.2,2.0,1.0,Active
9be3caf4-5a62-414d-aedd-52a2c8ae243a,69.8,HIGH,REJECT,15.133333333333333,1.0,0.0,Active
43ab11fa-b334-4ce2-8535-02bb48b74d4b,79.89,HIGH,REJECT,33.4,1.0,0.0,Active
e4658820-a296-4064-89b9-7f2237c4b28a,0.0,VERY LOW,APPROVE,7.833333333333333,0.0,0.5,Terminated
79b126fe-3adb-48d9-8f3e-5177081fdb68,0.0,VERY LOW,APPROVE,32.333333333333336,0.0,0.5,Active
138b3632-3c03-4d07-a674-5ebec1ad299c,79.15,HIGH,REJECT,25.8,1.0,0.0,Active
9ec91a14-45f0-4a0b-87f8-a439a69aa253,69.03,HIGH,REJECT,20.833333333333332,3.0,0.6666666666666666,Active
df5000a4-7805-46a7-8dee-e6df9224d15b,0.86,VERY LOW,APPROVE,-1.6333333333333333,1.0,1.0,Terminated
5136107b-a782-47a4-8bf9-ea96132f0a66,55.23,MEDIUM,APPROVE WITH CAUTION,4.866666666666666,5.0,0.8,Active
5b15d48a-7e51-40de-a602-5218cf385d93,0.0,VERY LOW,APPROVE,14.8,1.0,1.0,Active
b0302f62-4a8d-4508-bbbb-e543d1a967b7,0.0,VERY LOW,APPROVE,22.366666666666667,0.0,0.5,Terminated
d0cc8bf1-464a-4676-a569-b50f1d521518,0.0,VERY LOW,APPROVE,5.733333333333333,0.0,0.5,Inactive
05c84b12-f01e-458d-880c-2e7cf4d9007a,79.72,HIGH,REJECT,7.0,2.0,0.5,Terminated
7f6c78c7-599d-4507-acc8-5d28389bbcc6,0.0,VERY LOW,APPROVE,34.233333333333334,0.0,0.5,Terminated
d3fcfced-b39e-4e24-b541-0667fbfb0f97,0.17,VERY LOW,APPROVE,5.533333333333333,2.0,1.0,Active
83272d46-8579-4cf4-b7f5-245cd7ad5343,67.16,HIGH,REJECT,0.13333333333333333,1.0,0.0,Active
70c8257d-c008-4281-ba46-8695b6afd23d,0.0,VERY LOW,APPROVE,7.233333333333333,3.0,1.0,Active
a2deef21-1f5b-4e69-8783-c7aebf6fb2b2,0.0,VERY LOW,APPROVE,27.033333333333335,0.0,0.5,Terminated
edb390ab-2447-40bf-9a5d-b87b9bac9d36,0.91,VERY LOW,APPROVE,15.3,5.0,1.0,Active
7ca1547f-c9ee-4b63-9c81-496b96979eae,0.0,VERY LOW,APPROVE,32.5,0.0,0.5,Active
56265667-715b-40dd-858c-b2bae1eaab0f,0.0,VERY LOW,APPROVE,7.8,0.0,0.5,Terminated
f505c742-cc22-4444-9a37-7b2c85265711,0.0,VERY LOW,APPROVE,21.166666666666668,0.0,0.5,Terminated
50c06d55-dba3-44c9-aefa-c8fddcda92b8,0.0,VERY LOW,APPROVE,8.033333333333333,0.0,0.5,Active
b9fb99a3-e291-4cb8-9e1c-2ec6a2d7b4ec,0.0,VERY LOW,APPROVE,25.8,1.0,1.0,Terminated
9a795d52-9cac-4e5d-aa82-b458df651baf,88.47,VERY HIGH,REJECT,8.633333333333333,4.0,0.0,Active
f3f34aaa-33bf-4d95-886e-e89f193901ba,0.71,VERY LOW,APPROVE,21.733333333333334,1.0,1.0,Active
432e577f-fd40-4c4f-94af-1aef19d67729,72.74,HIGH,REJECT,14.8,2.0,0.5,Active
ec832d8b-d37b-47d5-9369-0788cc03a92f,0.0,VERY LOW,APPROVE,24.633333333333333,0.0,0.5,Terminated
750f7706-7346-41b1-844f-8099995b6209,0.17,VERY LOW,APPROVE,21.833333333333332,2.0,1.0,Active
2bb3d8a1-b0c2-4acb-a619-8f77bada718a,87.6,VERY HIGH,REJECT,26.333333333333332,5.0,0.6,Active
8418d7e0-3b73-426e-86a0-297f8016e379,81.87,VERY HIGH,REJECT,32.93333333333333,3.0,0.3333333333333333,Active
6d18c041-92df-48d5-8c28-d2333cb30b90,0.0,VERY LOW,APPROVE,-0.7,0.0,0.5,Active
50fefb31-54c7-4e4b-807c-3d0ca1a03430,87.39,VERY HIGH,REJECT,23.833333333333332,4.0,0.5,Terminated
4129e832-0b59-4df4-82ce-437a893d0fcb,0.0,VERY LOW,APPROVE,25.233333333333334,0.0,0.5,Active
4c2b4f8d-a090-4c17-914c-e7eeaf0acd06,0.86,VERY LOW,APPROVE,7.566666666666666,5.0,1.0,Active
78782435-bcbe-4a86-94f0-3afcd8839127,77.14,HIGH,REJECT,14.0,3.0,0.3333333333333333,Active
89e28297-2dbc-4e27-add3-5605eebef1bd,0.94,VERY LOW,APPROVE,-1.5,3.0,1.0,Inactive
db11f4f5-0101-4ba6-981b-ab9b86d99a34,74.2,HIGH,REJECT,11.866666666666667,5.0,0.4,Active
e29c074e-fd85-47b2-86ed-06261d99763a,87.01,VERY HIGH,REJECT,1.7666666666666666,3.0,0.3333333333333333,Inactive
21dbba43-a878-4a5d-b7a1-e9591e22a798,0.0,VERY LOW,APPROVE,0.23333333333333334,0.0,0.5,Inactive
44f3c71a-05d0-4814-be4e-da220427a814,77.46,HIGH,REJECT,5.7,5.0,0.8,Active
5ecf675f-f2f9-46b5-83ea-b726dd8ec921,2.73,VERY LOW,APPROVE,0.36666666666666664,4.0,1.0,Active
fbbeaca2-6385-41b3-9140-6e660cf18027,65.88,HIGH,REJECT,2.6,2.0,0.5,Terminated
70695b87-9da1-4ca4-b31b-6870215fa7dc,72.72,HIGH,REJECT,21.066666666666666,3.0,0.6666666666666666,Active
904e87b6-b6df-457e-822d-54e63c2e44dd,0.0,VERY LOW,APPROVE,25.233333333333334,0.0,0.5,Active
b83ac3cf-d2d1-4735-b84a-1296ced0da0e,67.32,HIGH,REJECT,20.6,3.0,0.6666666666666666,Active
6b1e562f-8b74-4363-8113-38b1d5b190b0,81.57,VERY HIGH,REJECT,17.166666666666668,3.0,0.3333333333333333,Active
c068af3c-4dfb-444d-925b-f1a11b693e21,68.62,HIGH,REJECT,23.833333333333332,2.0,0.5,Active
e828a86c-8b5d-4599-878a-49869bc6d58a,0.0,VERY LOW,APPROVE,2.933333333333333,0.0,0.5,Active
e7bbae84-dfc8-4d76-a852-d4aa95c9bc9d,0.0,VERY LOW,APPROVE,1.1666666666666667,0.0,0.5,Active
89e269d1-8ce2-4718-b288-f1b9bedc88f7,0.0,VERY LOW,APPROVE,30.166666666666668,0.0,0.5,Active
5048280d-40a5-4c85-bc27-7ff8442872be,83.23,VERY HIGH,REJECT,18.466666666666665,4.0,0.25,Terminated
ffd4bdd8-52e1-4b4a-979e-1b238d72c8c2,61.2,HIGH,REJECT,-0.8,4.0,0.75,Inactive
0c22dd79-9177-49de-bbb3-2cbeab719371,0.0,VERY LOW,APPROVE,0.36666666666666664,3.0,1.0,Terminated
7562f00b-46e7-43e5-994d-e6c03cf5f4bd,0.0,VERY LOW,APPROVE,18.533333333333335,0.0,0.5,Active
e94c0303-aab9-4abe-ae64-5f41e3339f3e,0.97,VERY LOW,APPROVE,3.0,1.0,1.0,Active
753e88f4-4c64-413f-a962-dbb5a3701f12,0.0,VERY LOW,APPROVE,30.866666666666667,0.0,0.5,Terminated
72e4baf3-597c-47d5-b66f-a83a93b5763b,0.0,VERY LOW,APPROVE,17.633333333333333,1.0,1.0,Active
cb01b3fb-6f37-490b-94b6-ac2a9b70868c,0.0,VERY LOW,APPROVE,33.666666666666664,0.0,0.5,Terminated
e895dde8-91d4-429c-bf1b-a20008aa03fd,0.0,VERY LOW,APPROVE,28.5,0.0,0.5,Active
0dc2ca8a-f1c3-4286-a6d0-55d8642b4736,65.35,HIGH,REJECT,23.8,4.0,0.75,Active
03e648a3-fcc4-453b-b004-379fc4914518,0.0,VERY LOW,APPROVE,5.666666666666667,2.0,1.0,Active
fc2632fb-d74a-4862-a2ce-7e4c4b5b01c2,67.71,HIGH,REJECT,1.0333333333333334,3.0,0.6666666666666666,Active
0b78c8e7-47e3-4a20-b4da-06fb1b0e8cad,81.51,VERY HIGH,REJECT,0.6666666666666666,1.0,0.0,Active
f20cdd98-d23a-41cf-8c01-2c7f294bd9c2,88.98,VERY HIGH,REJECT,3.8333333333333335,5.0,0.4,Active
0363cd17-ce0a-401b-96d5-41c29388c356,86.58,VERY HIGH,REJECT,10.6,3.0,0.0,Active
4ebceb3b-2602-49a1-a3cd-c6f717c2966f,80.26,VERY HIGH,REJECT,16.6,4.0,0.75,Active
6638926c-a8a6-4536-85a9-feb7c5866383,76.19,HIGH,REJECT,19.333333333333332,4.0,0.5,Active
4dc439be-9394-433d-9c5b-ebdf392bbaa8,0.0,VERY LOW,APPROVE,17.866666666666667,3.0,1.0,Active
2801a3aa-d596-4fa6-af93-b942abc1702e,0.0,VERY LOW,APPROVE,32.06666666666667,0.0,0.5,Active
e3ccaca8-9db6-4270-b3e8-b475aebd5906,0.0,VERY LOW,APPROVE,10.7,0.0,0.5,Active
5d4fe33e-de6a-4022-9d02-0333cf91b700,0.94,VERY LOW,APPROVE,-1.0,2.0,1.0,Inactive
ddc3324e-25d4-4100-89ca-5b2f59d22b4e,2.17,VERY LOW,APPROVE,33.56666666666667,3.0,1.0,Active
b9adeb3a-2b60-4e30-b13b-03dd8d93ba86,0.0,VERY LOW,APPROVE,2.9,3.0,1.0,Active
5a20ea5e-08ca-443a-91f9-123aa0fdcf89,1.13,VERY LOW,APPROVE,2.7666666666666666,3.0,1.0,Active
47da54ec-413a-4eb9-b07e-7ed5fc17846a,52.59,MEDIUM,APPROVE WITH CAUTION,6.866666666666666,4.0,0.75,Active
cd7dabaf-4927-4e87-8418-cde0af5eccdb,32.28,LOW,APPROVE,30.6,2.0,0.5,Active
f8cdc069-8468-4f5a-837a-965ba7ee0bd9,86.31,VERY HIGH,REJECT,22.9,4.0,0.5,Active
cba0ca75-b97c-4a40-9588-881a28d5e1e7,0.89,VERY LOW,APPROVE,34.2,4.0,1.0,Active
b0a463ea-56b5-4a99-a02f-e39af118cd6a,68.99,HIGH,REJECT,6.133333333333334,1.0,0.0,Active
327057a3-18a5-4458-85f5-d9502d7bb86b,61.36,HIGH,REJECT,2.5,5.0,0.8,Inactive
634505f0-7a7f-43d7-83bd-a443cd56f67d,0.95,VERY LOW,APPROVE,32.9,1.0,1.0,Active
ad6dbb3c-f98d-4bb2-8436-ea0a8ed76413,81.22,VERY HIGH,REJECT,16.433333333333334,2.0,0.5,Active
93850686-8ecf-4edb-948f-7e1ef0a32f08,81.73,VERY HIGH,REJECT,30.2,4.0,0.5,Active
15f75b2a-fe46-4c10-9411-fa48ef4a41b4,58.87,MEDIUM,APPROVE WITH CAUTION,-0.16666666666666666,3.0,0.6666666666666666,Active
ac7e86c5-538a-44f0-bc5d-5daef63226a4,0.0,VERY LOW,APPROVE,3.7333333333333334,0.0,0.5,Active
914dd0f7-b751-4b61-a3e5-53c4db638477,0.0,VERY LOW,APPROVE,30.266666666666666,2.0,1.0,Active
d9f4a20f-e75d-4c14-b5ea-b34461091774,67.39,HIGH,REJECT,2.066666666666667,3.0,0.6666666666666666,Active
4f2f5e5f-9ff1-45b2-acb3-1a941a04e011,88.25,VERY HIGH,REJECT,28.733333333333334,5.0,0.2,Active
8e38f629-7c69-4a06-93dd-20eb947c0082,0.0,VERY LOW,APPROVE,25.166666666666668,0.0,0.5,Active
f1c43ea4-3158-4245-a663-a304451781c3,93.24,VERY HIGH,REJECT,34.8,5.0,0.4,Active
4e11c06e-65d4-4ebd-92e4-63d7a1d6c413,88.71,VERY HIGH,REJECT,25.7,5.0,0.4,Terminated
ea20f545-1e35-4d9b-bfe8-297b319822e8,0.92,VERY LOW,APPROVE,1.0,3.0,1.0,Active
297e0eac-b903-4806-a912-abebb2f1769c,73.67,HIGH,REJECT,10.666666666666666,3.0,0.6666666666666666,Active
c2249f07-d0e7-4f13-9216-415e3ad4f422,0.0,VERY LOW,APPROVE,18.033333333333335,1.0,1.0,Inactive
a2754b1f-e0e5-4b77-9db3-6239fcfaf956,92.76,VERY HIGH,REJECT,20.933333333333334,5.0,0.4,Active
e7aebf64-452f-4c47-ac18-423dcde896cf,62.33,HIGH,REJECT,30.2,4.0,0.75,Active
bbcf5494-ba4e-4951-8458-7606c0e7af2e,0.0,VERY LOW,APPROVE,31.366666666666667,0.0,0.5,Active
ab4cefe3-8ee0-4809-82f1-2f2e8143c94f,0.97,VERY LOW,APPROVE,0.9333333333333333,1.0,1.0,Inactive
edc103a9-ab87-431e-940d-8913909b78ba,89.75,VERY HIGH,REJECT,31.7,5.0,0.2,Active
b22823e7-1d1d-45e3-ae1c-96f432d3c744,74.67,HIGH,REJECT,13.166666666666666,3.0,0.6666666666666666,Inactive
feb4f4c3-2cf2-41e3-bdf7-7f90122b6701,81.09,VERY HIGH,REJECT,0.5333333333333333,2.0,0.0,Terminated
b6b651a4-feda-4a68-90c7-0d63d802619a,82.03,VERY HIGH,REJECT,10.666666666666666,5.0,0.6,Active
150d8ba1-7b22-40e6-bbaf-68db183cdb32,57.41,MEDIUM,APPROVE WITH CAUTION,17.3,3.0,0.6666666666666666,Active
6f1917f0-96d2-4fd2-b01d-2e8964de9daf,0.17,VERY LOW,APPROVE,5.066666666666666,3.0,1.0,Active
fbf98dec-1853-482c-86b4-df441e0e682f,0.0,VERY LOW,APPROVE,1.0666666666666667,0.0,0.5,Active
c0d26581-f8e3-4c8b-8717-6b7ff295789e,0.0,VERY LOW,APPROVE,10.166666666666666,0.0,0.5,Active
d53f8d48-3340-48ad-b709-6989b2f4ec5c,83.09,VERY HIGH,REJECT,3.066666666666667,4.0,0.25,Terminated
d5a5e49c-edd5-461d-9e93-f28a24ebb236,0.0,VERY LOW,APPROVE,8.633333333333333,0.0,0.5,Terminated
f00357be-a577-4968-b62e-2b84b9fa9c6a,88.81,VERY HIGH,REJECT,26.7,4.0,0.25,Active
bcc217d5-2141-471d-bad5-7e37cc8490a4,0.0,VERY LOW,APPROVE,26.333333333333332,0.0,0.5,Active
6c60ce9e-8727-4efe-aa84-767b7f756f4b,73.87,HIGH,REJECT,1.9,4.0,0.75,Terminated
7e44dbb3-55a2-410e-833d-9e9a9537d229,54.8,MEDIUM,APPROVE WITH CAUTION,1.9333333333333333,3.0,0.6666666666666666,Active
f2061904-ce66-4484-b214-27fd2de47e96,80.85,VERY HIGH,REJECT,6.733333333333333,2.0,0.5,Active
fc3fbaef-4c47-40f5-9066-90a714fdf5cb,0.84,VERY LOW,APPROVE,32.5,4.0,1.0,Terminated
7b7abd67-2b2b-4d03-a8f6-e0102fe9951d,0.0,VERY LOW,APPROVE,28.633333333333333,0.0,0.5,Terminated
61f9f287-89f9-4c73-a704-55f990f57966,0.59,VERY LOW,APPROVE,22.266666666666666,2.0,1.0,Active
133288db-2d92-43e0-8d28-b811afbec6cf,0.0,VERY LOW,APPROVE,30.1,2.0,1.0,Inactive
f35a0d52-bc43-484d-ba6c-92b6b448f866,0.0,VERY LOW,APPROVE,12.6,0.0,0.5,Inactive
985ea2b6-3042-487d-8399-2261a62b2f2d,70.0,HIGH,REJECT,0.9666666666666667,1.0,0.0,Active
8bf05c49-0e6c-4bed-8a37-06d3f2921969,69.62,HIGH,REJECT,4.233333333333333,2.0,0.5,Active
dad79dbd-6f69-43d3-8504-194cab7852eb,0.0,VERY LOW,APPROVE,17.266666666666666,0.0,0.5,Active
0795a80a-0b03-4ece-9b5a-542e1e17c022,1.08,VERY LOW,APPROVE,-0.8666666666666667,1.0,1.0,Active
04c8aa18-bfd4-4c8a-89ca-c5395da86aa7,0.0,VERY LOW,APPROVE,34.63333333333333,0.0,0.5,Inactive
e5932f5b-da39-4e73-8843-1516674e1ba0,0.97,VERY LOW,APPROVE,2.5,1.0,1.0,Active
64b5c1e9-9887-4258-adfe-54e5e52b82b6,0.0,VERY LOW,APPROVE,8.966666666666667,0.0,0.5,Active
b585d494-28b1-44ba-998c-3d181f50ed87,0.0,VERY LOW,APPROVE,14.566666666666666,0.0,0.5,Active
53e88c34-3146-4a25-93f7-7395938cc22f,0.71,VERY LOW,APPROVE,21.433333333333334,1.0,1.0,Terminated
6546ab06-a823-42c5-9e3e-9508f39b1bb5,0.0,VERY LOW,APPROVE,5.966666666666667,0.0,0.5,Active
60711edc-293e-4141-a039-2ecc690437c5,1.01,VERY LOW,APPROVE,4.466666666666667,1.0,1.0,Active
4c5828f4-411a-405f-90bf-2dfcbea7ad6c,0.0,VERY LOW,APPROVE,9.4,0.0,0.5,Active
43c4896c-93a4-42d5-b6fd-5c2ac7e3070c,66.28,HIGH,REJECT,23.9,2.0,0.5,Active
5457ba20-1147-4250-9017-fa42c05559a6,0.0,VERY LOW,APPROVE,0.7666666666666667,0.0,0.5,Terminated
0395e5a9-d129-43a9-85d5-0a27eb45ab88,0.0,VERY LOW,APPROVE,23.533333333333335,0.0,0.5,Inactive
53b6c770-e46e-4177-a7dd-03914e319f74,0.0,VERY LOW,APPROVE,22.966666666666665,0.0,0.5,Inactive
fa057557-3fb0-40fd-a8b1-ebf126b4804a,0.0,VERY LOW,APPROVE,15.1,3.0,1.0,Active
c71fa48c-17d4-475d-8ae9-d2babfc17027,67.68,HIGH,REJECT,34.3,5.0,0.8,Active
eeb9960e-d1a9-47e7-a7b1-509e7bf12e0d,0.0,VERY LOW,APPROVE,15.2,0.0,0.5,Inactive
ffe88546-e9a4-4c1f-b1d8-788e1cc2a645,92.66,VERY HIGH,REJECT,21.366666666666667,5.0,0.6,Active
22ffb991-1a6e-4e42-99f3-58f0ea84d6a8,0.45,VERY LOW,APPROVE,-1.5333333333333334,2.0,1.0,Active
37c47ba5-be5a-4b72-afc6-b80fa6b717a6,69.38,HIGH,REJECT,26.433333333333334,4.0,0.75,Active
c1b1b0b9-e6fe-4bb1-8db8-058447db3a36,83.33,VERY HIGH,REJECT,12.5,3.0,0.3333333333333333,Active
c3c66dbc-89bc-4187-98b7-385fc25b6a85,89.72,VERY HIGH,REJECT,21.366666666666667,5.0,0.4,Terminated
61e38145-ed85-4dab-abc1-90a17582bdc3,75.64,HIGH,REJECT,3.033333333333333,4.0,0.75,Active
0932d161-6837-4394-9271-dd3af2edde21,0.0,VERY LOW,APPROVE,23.4,2.0,1.0,Active
24c753cd-335a-445d-8fe5-2d35a48f3b75,0.0,VERY LOW,APPROVE,13.466666666666667,0.0,0.5,Active
91ece9c6-d3f3-41a0-a6f5-26fc26a929dd,0.0,VERY LOW,APPROVE,27.033333333333335,0.0,0.5,Active
694348bc-dcdb-45f7-85df-a53d428b85f1,0.0,VERY LOW,APPROVE,17.466666666666665,0.0,0.5,Active
8e5e7cb0-38d5-4780-8719-8465049e2af2,0.0,VERY LOW,APPROVE,1.7666666666666666,0.0,0.5,Active
7c863aa0-a420-4051-a659-744b40c728f3,62.39,HIGH,REJECT,28.7,4.0,0.75,Active
c5f0658c-3c1f-4fd5-ad9d-a116a5b890d2,0.0,VERY LOW,APPROVE,27.133333333333333,2.0,1.0,Active
33f06dbb-3fcd-48d9-8aa8-64135c8a78b6,75.36,HIGH,REJECT,18.233333333333334,5.0,0.8,Terminated
b9332df0-d3aa-463d-a617-87246477603d,66.22,HIGH,REJECT,27.6,5.0,0.8,Terminated
4bdafefa-9983-47f1-9af0-094cb59d9454,0.0,VERY LOW,APPROVE,9.933333333333334,0.0,0.5,Active
e8ae24dd-89b5-4351-b89c-1b802e22d7ae,87.41,VERY HIGH,REJECT,0.13333333333333333,5.0,0.8,Active
e0bcdacb-0b36-4201-99d8-1ac5de485d89,0.27,VERY LOW,APPROVE,30.0,2.0,1.0,Terminated
b3fbb293-147d-4abe-b796-74b6b9e31543,0.0,VERY LOW,APPROVE,17.766666666666666,0.0,0.5,Active
43681889-68a1-41bd-9747-ae19c1d9d9c8,1.23,VERY LOW,APPROVE,34.8,2.0,1.0,Active
8589c171-c1ba-4f01-9c2e-b504eb3beef5,84.09,VERY HIGH,REJECT,17.8,2.0,0.5,Terminated
98b297d6-5c8c-41a6-ba6a-f6d798a9e519,72.68,HIGH,REJECT,20.033333333333335,2.0,0.5,Active
fe16d95c-d81c-422c-a46a-22f3e75ed5a3,0.17,VERY LOW,APPROVE,21.9,3.0,1.0,Active
c3c8d2e4-b36b-4cad-9775-80d7cbf54833,81.56,VERY HIGH,REJECT,18.366666666666667,2.0,0.5,Terminated
5a315bac-f7b7-4b51-8691-66d008ab51ac,70.11,HIGH,REJECT,23.533333333333335,4.0,0.75,Terminated
0031f5f9-ee1f-4660-84e1-8077ab045b72,36.62,LOW,APPROVE,22.033333333333335,1.0,0.0,Active
7d5d45e4-e0a8-4fbe-93eb-5ec3d8f67e6e,0.17,VERY LOW,APPROVE,17.033333333333335,2.0,1.0,Active
c7300dc2-8a38-4ec8-b0df-13a5b159156c,0.77,VERY LOW,APPROVE,5.966666666666667,1.0,1.0,Active
dfd3b27d-da01-4c75-9856-bd1625a299a8,90.83,VERY HIGH,REJECT,6.066666666666666,4.0,0.25,Inactive
5b4cd754-3ca3-45d0-a901-1a7fe98ffebf,0.0,VERY LOW,APPROVE,26.366666666666667,0.0,0.5,Active
c0180942-a91b-436c-b465-5a5ff90f6a13,0.0,VERY LOW,APPROVE,30.066666666666666,0.0,0.5,Terminated
b4995dda-9b95-472e-b7d5-2be3002a4b79,76.07,HIGH,REJECT,14.833333333333334,5.0,0.8,Active
20813a7c-5cd2-42ae-8271-b7e6ab9a4a30,0.0,VERY LOW,APPROVE,34.4,0.0,0.5,Active
9998bc7a-ca94-4813-a14a-e219b7666457,91.89,VERY HIGH,REJECT,19.666666666666668,5.0,0.2,Active
4b493e2f-97dd-4e9f-963a-8652bf75d49c,0.0,VERY LOW,APPROVE,27.2,0.0,0.5,Active
f6613c75-edc5-42d4-ad2e-8f47b353506a,0.0,VERY LOW,APPROVE,19.733333333333334,0.0,0.5,Terminated
8c3b9093-46ee-48d6-9bd4-85d9c258d306,0.0,VERY LOW,APPROVE,15.8,0.0,0.5,Active
58aed287-f6a4-42bb-9af6-0a91e0c92169,0.82,VERY LOW,APPROVE,0.3,5.0,1.0,Active
cafc42f2-b6c8-4767-949a-20b3a5360556,0.0,VERY LOW,APPROVE,20.966666666666665,1.0,1.0,Active
a7609068-ff14-49f9-aecc-08932cb910aa,85.7,VERY HIGH,REJECT,15.533333333333333,4.0,0.25,Active
46079d97-8e69-470e-aa26-7b6bbc1c6127,0.56,VERY LOW,APPROVE,34.63333333333333,1.0,1.0,Active
08cf82cc-1d92-4860-a8f4-42587c74e033,47.11,MEDIUM,APPROVE WITH CAUTION,15.266666666666667,4.0,0.75,Inactive
b63e1296-9566-4374-a61f-940f5c7b1233,0.0,VERY LOW,APPROVE,11.7,0.0,0.5,Active
0200a919-3344-4ffc-94eb-bf79ca1cc39b,79.02,HIGH,REJECT,25.733333333333334,3.0,0.3333333333333333,Active
4e30f584-4e59-4d07-9fc6-2089295755f1,0.0,VERY LOW,APPROVE,12.8,0.0,0.5,Active
4729c9a7-9e88-4b62-b21b-9b7aa07e1575,71.03,HIGH,REJECT,24.966666666666665,2.0,0.5,Active
eac81d8e-de29-4dfb-b1ec-0bbba51643e1,61.24,HIGH,REJECT,5.466666666666667,4.0,0.75,Active
b57dda43-3a43-41e0-b1c8-749a68088e41,0.0,VERY LOW,APPROVE,10.5,0.0,0.5,Active
867d9f5c-6094-45fb-b655-fc39d18babd8,0.0,VERY LOW,APPROVE,26.8,5.0,1.0,Terminated
f1eff808-9425-4ec8-9d76-b092ae16d4d3,85.78,VERY HIGH,REJECT,13.333333333333334,5.0,0.6,Active
fad4028e-96bf-4426-bb45-40a3bd805333,65.95,HIGH,REJECT,9.433333333333334,5.0,0.8,Terminated
8451ef00-5a99-4e4c-841c-a87cba47fdd9,0.86,VERY LOW,APPROVE,-1.5333333333333334,1.0,1.0,Terminated
e335b719-cdc4-40de-ba6a-cd81b8755ecd,78.13,HIGH,REJECT,5.533333333333333,3.0,0.3333333333333333,Active
e54d8b92-ecad-4b8f-8913-87d3a1fc8658,66.09,HIGH,REJECT,17.733333333333334,3.0,0.6666666666666666,Active
d704d5bf-1f07-4e28-a8ed-a9f0aebbe213,0.0,VERY LOW,APPROVE,21.966666666666665,0.0,0.5,Inactive
180d1af1-5791-48a6-83e5-45987eac5888,0.0,VERY LOW,APPROVE,20.733333333333334,1.0,1.0,Inactive
a54719df-20e0-4172-9ca8-50361660b1ac,83.58,VERY HIGH,REJECT,24.9,4.0,0.5,Inactive
3135deac-2f63-46e6-a170-94b64b907e3c,64.96,HIGH,REJECT,9.433333333333334,4.0,0.5,Terminated
da47ea13-e125-4aa4-87b2-a25f31b7843d,2.53,VERY LOW,APPROVE,21.633333333333333,2.0,1.0,Inactive
a95df1b1-12f6-450e-9bb8-ddff9fd4ba80,0.49,VERY LOW,APPROVE,-0.8666666666666667,1.0,1.0,Active
38152d9a-be22-41e9-8789-71eb24cbe801,72.57,HIGH,REJECT,19.066666666666666,1.0,0.0,Active
76cb58aa-7a14-4b66-9aa6-fc48973d0e73,0.0,VERY LOW,APPROVE,22.2,2.0,1.0,Active
05f34176-4229-4c46-85fe-7616545e0dfb,82.85,VERY HIGH,REJECT,21.166666666666668,2.0,0.5,Active
26b68035-da1b-4ba8-aaee-c78aa346eff3,69.55,HIGH,REJECT,6.766666666666667,4.0,0.5,Terminated
f9950f35-b854-43ac-a468-7f0cbb6dcf27,84.72,VERY HIGH,REJECT,28.833333333333332,4.0,0.25,Active
81d6fab7-1c06-4fb6-820b-44bcea0f86ed,60.2,HIGH,REJECT,8.733333333333333,3.0,0.6666666666666666,Active
a574ac45-98ea-49d3-9eba-9b408a91dd0a,0.0,VERY LOW,APPROVE,13.333333333333334,0.0,0.5,Active
ec132e03-69d8-4fa5-ba43-6add5cabaee1,0.0,VERY LOW,APPROVE,6.333333333333333,3.0,1.0,Active
2cd45af4-df3d-44e9-86c6-064ec71caa84,77.34,HIGH,REJECT,11.033333333333333,2.0,0.5,Active
9ad9f2e4-c179-42ed-aee6-a0e9f0997e47,0.0,VERY LOW,APPROVE,25.7,0.0,0.5,Terminated
ac585cae-a4c4-49c6-b521-e72c617df1bb,0.0,VERY LOW,APPROVE,30.233333333333334,0.0,0.5,Active
c790f495-3335-4978-9846-d5c252d3d4ac,0.0,VERY LOW,APPROVE,10.233333333333333,0.0,0.5,Active
e010036f-8cb1-446e-b255-d35a7ec55140,68.74,HIGH,REJECT,10.433333333333334,1.0,0.0,Active
4fcd797c-a4e7-43da-9c2d-f99ab1a8df34,0.0,VERY LOW,APPROVE,7.966666666666667,0.0,0.5,Terminated
77663a42-fa9e-4ba8-b3e0-a9e4875af2b0,0.0,VERY LOW,APPROVE,22.6,0.0,0.5,Active
da94ed9e-04d0-4228-ae80-47218e397ee9,65.79,HIGH,REJECT,25.766666666666666,2.0,0.0,Active
1f5701f0-ac17-4f08-b7a5-28ca74dc0665,85.84,VERY HIGH,REJECT,11.9,5.0,0.6,Active
3a806637-38ce-4298-83f6-a9389de0ebfb,0.0,VERY LOW,APPROVE,22.733333333333334,1.0,1.0,Active
57cd977b-b4e1-4831-8038-840fd6b118c7,1.13,VERY LOW,APPROVE,11.933333333333334,4.0,1.0,Active
95fa0751-3573-40d2-8f8d-14870effe801,62.87,HIGH,REJECT,22.033333333333335,2.0,0.0,Active
bc7aca3a-c556-4a3d-a06a-9a74c90a84af,80.29,VERY HIGH,REJECT,17.033333333333335,5.0,0.8,Active
31181bb5-80cb-4608-9f19-975d37d6d3df,0.0,VERY LOW,APPROVE,3.1,0.0,0.5,Active
82aab0e7-3113-4623-9239-697eee776e25,0.17,VERY LOW,APPROVE,18.433333333333334,2.0,1.0,Active
a11e0794-17ba-422f-85ce-45f6269dc0fd,72.71,HIGH,REJECT,28.933333333333334,2.0,0.5,Inactive
06ef1a39-d2b0-4773-aab7-63f031e66b1c,61.46,HIGH,REJECT,0.8,5.0,0.8,Inactive
d50fe2a6-0740-4427-bdaf-dead3b898826,72.5,HIGH,REJECT,27.866666666666667,4.0,0.75,Active
3c5c21b8-ca62-4b97-aaf9-38afdfd4e906,0.0,VERY LOW,APPROVE,31.8,1.0,1.0,Active
92ceb9df-4f25-4bcb-bc3f-1b37a1d081a5,0.21,VERY LOW,APPROVE,25.2,1.0,1.0,Active
f2e022fa-58c6-40a9-b5e7-84f1368a8ef6,0.0,VERY LOW,APPROVE,29.5,3.0,1.0,Active
a42baa7e-0e7a-4cfe-bad9-d60f0d0b6587,0.0,VERY LOW,APPROVE,18.233333333333334,0.0,0.5,Active
78568574-789d-4dd4-ad63-3bce81543174,64.3,HIGH,REJECT,14.666666666666666,3.0,0.6666666666666666,Active
0e306aa1-894f-402c-8345-7be4b4d1d1f3,61.26,HIGH,REJECT,29.766666666666666,5.0,0.8,Active
b74fef2b-a597-479e-ba32-64bcf16ad989,0.0,VERY LOW,APPROVE,16.966666666666665,0.0,0.5,Terminated
9553fc19-b456-4a0a-8672-1748e8da9992,0.0,VERY LOW,APPROVE,31.9,0.0,0.5,Active
852e6b8b-2433-41d3-978b-44c4b23dc43e,0.0,VERY LOW,APPROVE,15.466666666666667,0.0,0.5,Active
eeeb9c59-8f86-43f8-b468-abca36ff3acc,0.0,VERY LOW,APPROVE,3.6,3.0,1.0,Active
9424dc0a-b8df-4cca-94e0-ca510778488c,82.24,VERY HIGH,REJECT,29.066666666666666,5.0,0.4,Active
34fadfcf-48c6-4099-a83f-06367a84b2af,37.83,LOW,APPROVE,1.8,3.0,0.6666666666666666,Active
7c78f3c0-5daa-440c-9abb-08f6056897e5,0.0,VERY LOW,APPROVE,5.166666666666667,0.0,0.5,Active
864f8497-49fe-453e-b3e2-aca2c5bb5283,72.38,HIGH,REJECT,29.833333333333332,2.0,0.5,Active
10920e49-eb04-465e-9ecc-220fa6608739,0.0,VERY LOW,APPROVE,9.533333333333333,0.0,0.5,Terminated
4988765f-c1d6-4fcb-bbee-792971f0008b,0.0,VERY LOW,APPROVE,8.433333333333334,0.0,0.5,Terminated
b572746c-1edb-41b0-8710-a8ba1fd25547,75.78,HIGH,REJECT,33.3,4.0,0.5,Inactive
0e704ce9-84e3-44a9-855f-c1226f91cccb,0.0,VERY LOW,APPROVE,21.966666666666665,3.0,1.0,Active
0075bd27-8a49-40d0-9f77-477a2756d6c6,0.0,VERY LOW,APPROVE,6.4,0.0,0.5,Active
720fbdfa-d5d3-421f-860f-a907a4aac978,1.44,VERY LOW,APPROVE,7.0,4.0,1.0,Active
7cca4e2c-3448-4812-b823-30bd9d016b06,0.77,VERY LOW,APPROVE,9.933333333333334,2.0,1.0,Inactive
deab0cd2-f26a-42eb-b41e-aad44c133b87,0.0,VERY LOW,APPROVE,2.033333333333333,0.0,0.5,Active
010f06d4-23e1-4fa3-a399-ef998ae7bb1b,20.46,LOW,APPROVE,27.9,1.0,0.0,Terminated
77b177fb-553d-42bb-aa65-d249a124b55d,0.21,VERY LOW,APPROVE,16.166666666666668,2.0,1.0,Active
0447ef88-8808-455f-8b70-bd2695ae7cb4,0.99,VERY LOW,APPROVE,0.5333333333333333,2.0,1.0,Active
59ed80f3-4e0c-4b20-956c-3129b75a1b36,0.0,VERY LOW,APPROVE,1.2666666666666666,0.0,0.5,Inactive
8b86d822-bef1-4cb4-a327-211396ce5a2f,0.0,VERY LOW,APPROVE,16.033333333333335,0.0,0.5,Active
69a42b8c-1ec8-482a-911d-0dbd56984f1e,0.0,VERY LOW,APPROVE,33.266666666666666,0.0,0.5,Active
919a6dc2-ba2c-4dee-b45f-f382dd1cddde,68.52,HIGH,REJECT,22.766666666666666,1.0,0.0,Inactive
efa93c26-065c-4cf2-a328-43837994aaa3,0.0,VERY LOW,APPROVE,24.0,5.0,1.0,Active
df3337e9-d212-4e46-8da6-c6ba4d2375be,50.95,MEDIUM,APPROVE WITH CAUTION,10.533333333333333,2.0,0.5,Active
b2aedce1-5db4-44cb-91d9-860a6b1cf8b3,0.0,VERY LOW,APPROVE,26.666666666666668,0.0,0.5,Inactive
40db5589-8a65-4cfa-9add-020c0d38f5db,87.16,VERY HIGH,REJECT,13.6,5.0,0.6,Terminated
1e8ab946-6d59-4af7-8d77-aa86c4748048,60.28,HIGH,REJECT,17.6,4.0,0.75,Active
aae1f219-5caa-4bca-965f-4ff2ea10f61b,18.51,VERY LOW,APPROVE,10.566666666666666,2.0,0.5,Active
edf13ebb-2817-4265-9393-376961b24591,0.0,VERY LOW,APPROVE,12.8,1.0,1.0,Active
754f29f1-97b2-46d5-86e8-811e430df1b7,72.81,HIGH,REJECT,25.2,4.0,0.75,Active
088b6ea8-320c-4b28-947c-6876b942e3e3,0.0,VERY LOW,APPROVE,28.233333333333334,0.0,0.5,Active
fe346484-a676-47a4-89ee-e9f79389ad0b,0.0,VERY LOW,APPROVE,1.9,2.0,1.0,Terminated
6cb56f33-bddb-4e4e-a940-ab56fbdcfbdb,58.56,MEDIUM,APPROVE WITH CAUTION,6.2,2.0,0.5,Active
f939fd76-b4c4-4ce3-8c6e-342f4a94cd0d,74.96,HIGH,REJECT,29.466666666666665,2.0,0.5,Terminated
7cdf4654-759d-4dcd-960e-56a394b1a768,0.0,VERY LOW,APPROVE,24.133333333333333,0.0,0.5,Terminated
85091ea8-60a0-4904-ab58-ef8948b81210,64.3,HIGH,REJECT,15.1,4.0,0.75,Active
7dfa8173-674f-490f-b39d-906bdef56f84,80.73,VERY HIGH,REJECT,3.1666666666666665,1.0,0.0,Terminated
f70618bd-e951-40c4-8880-c88ff1c7ed2e,0.27,VERY LOW,APPROVE,30.4,1.0,1.0,Active
b4776825-008b-48ba-a779-c56a78d970e7,76.46,HIGH,REJECT,3.1,5.0,0.6,Active
331e6ecc-84ed-4740-9601-6898aea39e84,0.71,VERY LOW,APPROVE,27.2,1.0,1.0,Active
5d8b8900-52ac-4b2b-8cba-971346b131aa,0.0,VERY LOW,APPROVE,11.4,0.0,0.5,Inactive
1eba71d0-ffbf-47fd-805c-3f6cea19d292,87.19,VERY HIGH,REJECT,30.533333333333335,5.0,0.6,Active
668d432e-321a-4860-aee8-7da343f38d8e,0.0,VERY LOW,APPROVE,33.6,0.0,0.5,Terminated
a8a3f7e5-1a5a-4b72-bdc6-7bf3c03607af,0.0,VERY LOW,APPROVE,15.766666666666667,0.0,0.5,Active
d047ed56-88b6-4c9e-bfd8-cc66b262ed47,1.13,VERY LOW,APPROVE,5.7,3.0,1.0,Terminated
8b16ef34-c1f0-47d0-9288-ac84a19e6435,68.36,HIGH,REJECT,8.066666666666666,2.0,0.5,Active
823ad5d7-5b72-4c6b-83ce-e5b5fc4e3506,80.29,VERY HIGH,REJECT,21.833333333333332,5.0,0.8,Active
ed3e2a1e-314d-4f99-ba9a-c49b2dbb6ecf,0.0,VERY LOW,APPROVE,19.766666666666666,0.0,0.5,Active
a4a701bc-c1ff-4479-8fc9-f41d0e4a7fe9,0.0,VERY LOW,APPROVE,4.533333333333333,0.0,0.5,Active
7309a397-4343-496b-a4eb-1d273a1b8e23,0.0,VERY LOW,APPROVE,6.966666666666667,0.0,0.5,Terminated
0cbfb1df-64f8-4155-9f2d-89c08f55ad46,45.19,MEDIUM,APPROVE WITH CAUTION,19.166666666666668,2.0,0.5,Active
1a7397e6-aa69-4f67-ae21-1cc425227e64,84.24,VERY HIGH,REJECT,2.3,4.0,0.75,Active
459978d0-b4f1-49ba-8a7d-d96b4c566bf9,0.0,VERY LOW,APPROVE,4.6,0.0,0.5,Terminated
77281a49-d821-43aa-9030-d5f8db1755cb,0.0,VERY LOW,APPROVE,6.9,0.0,0.5,Terminated
f334c8ae-bfde-4535-8010-702584c8a53a,0.71,VERY LOW,APPROVE,23.1,1.0,1.0,Active
622cd623-971e-4877-b051-6cfb51954946,0.0,VERY LOW,APPROVE,32.06666666666667,0.0,0.5,Active
9ff56a2d-eaa7-4752-a88e-0be0067bff1b,0.0,VERY LOW,APPROVE,10.366666666666667,3.0,1.0,Active
1d0121f6-6f5b-498c-ade3-80f2ee103680,80.75,VERY HIGH,REJECT,26.566666666666666,4.0,0.75,Inactive
242b6d0f-1135-43e4-980f-15efe065f221,0.17,VERY LOW,APPROVE,24.166666666666668,3.0,1.0,Active
c528e3c4-9a51-4e49-95e8-e53b7b810ca6,0.0,VERY LOW,APPROVE,7.4,2.0,1.0,Active
de22f8c8-6ff7-4227-9b0f-6247cd95d49a,0.49,VERY LOW,APPROVE,18.933333333333334,1.0,1.0,Active
7848db62-6ba0-4a8e-b8db-75444ed1f94c,66.33,HIGH,REJECT,19.033333333333335,2.0,0.0,Active
ae3130d5-33f5-4e2f-bdee-2a54b4b4e993,92.23,VERY HIGH,REJECT,23.466666666666665,5.0,0.6,Active
933b21d8-fd05-47e6-82da-a3d149034499,49.83,MEDIUM,APPROVE WITH CAUTION,-1.0333333333333334,5.0,0.8,Active
a40b90f2-c0bb-460b-b0ae-15b288854b68,0.0,VERY LOW,APPROVE,24.433333333333334,0.0,0.5,Terminated
3db63b6e-7c96-4d0c-bf84-ad81bf19a912,49.42,MEDIUM,APPROVE WITH CAUTION,8.666666666666666,5.0,0.8,Terminated
fc1b2f92-c1cf-48ed-8871-f874cb63624f,56.65,MEDIUM,APPROVE WITH CAUTION,-0.7333333333333333,2.0,0.5,Active
387226cc-4529-4499-86bb-9d3829005c61,1.0,VERY LOW,APPROVE,33.266666666666666,1.0,1.0,Inactive
a53b3548-724e-4074-a1c7-abc630cc8b34,0.0,VERY LOW,APPROVE,-1.5333333333333334,0.0,0.5,Terminated
aeab1813-55c2-4630-b5ad-baa14d21956c,0.59,VERY LOW,APPROVE,10.8,3.0,1.0,Active
bc75c2d8-6605-4a04-99be-2437e1a8620f,1.32,VERY LOW,APPROVE,4.433333333333334,4.0,1.0,Active
21ccab7f-3a90-495e-9ac4-4784181c8810,85.66,VERY HIGH,REJECT,15.133333333333333,4.0,0.25,Inactive
f90a80a0-3bd1-4b5f-be5f-ec15b65308d9,87.51,VERY HIGH,REJECT,6.8,5.0,0.4,Active
52280839-fe82-479c-be75-17a44a3501b4,0.0,VERY LOW,APPROVE,6.833333333333333,0.0,0.5,Active
762f03f3-d854-4b11-9cff-4f163b9c52d1,0.0,VERY LOW,APPROVE,34.333333333333336,0.0,0.5,Terminated
e381da72-21c4-4dde-8f05-3f8a51849163,68.58,HIGH,REJECT,22.6,5.0,0.6,Active
a920b8dc-2383-4589-9f86-4408323baf0a,0.0,VERY LOW,APPROVE,16.966666666666665,3.0,1.0,Active
287a0e81-5d88-46ea-b3af-c6153f27084f,81.93,VERY HIGH,REJECT,-1.2333333333333334,3.0,0.3333333333333333,Active
0bd97cb9-62b3-42bb-bc2a-ee15027ff1b0,76.23,HIGH,REJECT,10.633333333333333,4.0,0.75,Active
8ef200cd-efbe-4e09-90ae-2bececb894e7,0.17,VERY LOW,APPROVE,6.3,2.0,1.0,Terminated
d140c904-9b07-47bc-9bfc-af5191a420f6,85.47,VERY HIGH,REJECT,3.3,4.0,0.5,Active
c5b67e1b-05ec-4d05-be43-fa2e6a7a1090,70.29,HIGH,REJECT,28.266666666666666,3.0,0.6666666666666666,Active
6bd44b8c-b571-4ed8-a05e-4b8898c92b01,0.49,VERY LOW,APPROVE,3.466666666666667,1.0,1.0,Active
84fb7195-2127-4e63-83db-48bd18e75d2d,72.3,HIGH,REJECT,8.366666666666667,5.0,0.8,Active
ffe608dc-2330-4a1b-bef7-918fcbdfd5b7,0.0,VERY LOW,APPROVE,26.3,2.0,1.0,Active
f0f2516d-f2d5-451d-a4a8-fec122ed2a5e,0.0,VERY LOW,APPROVE,3.9,0.0,0.5,Active
0b16296b-5e17-490c-bdb2-fdca44ffe44d,0.0,VERY LOW,APPROVE,0.4666666666666667,0.0,0.5,Active
596e57f3-e832-426a-a2a9-db864c25997f,70.54,HIGH,REJECT,12.833333333333334,5.0,0.8,Active
5eeb1e4a-d849-4d55-a1d4-fba7035febab,85.3,VERY HIGH,REJECT,32.8,2.0,0.5,Terminated
ab01596d-2518-4aef-8788-ccd08e51eb81,67.54,HIGH,REJECT,19.266666666666666,4.0,0.75,Active
4af8be48-3d2d-4b11-a67f-a33645502606,69.86,HIGH,REJECT,18.333333333333332,2.0,0.5,Inactive
e9db68c7-d399-4440-b870-fa8d8616990d,0.0,VERY LOW,APPROVE,21.266666666666666,0.0,0.5,Active
3077e31f-b4f2-47ab-bc1a-a994128b5bdc,85.39,VERY HIGH,REJECT,3.7666666666666666,4.0,0.5,Active
62b350aa-c721-4f5c-bd7d-13e88b548aef,64.35,HIGH,REJECT,33.6,2.0,0.5,Active
1041bb16-30c9-48ef-abff-985621ba5c4c,0.0,VERY LOW,APPROVE,30.633333333333333,0.0,0.5,Terminated
a8d1c9dc-d9f4-488b-8daa-ac8b27960b97,72.89,HIGH,REJECT,34.0,2.0,0.0,Active
81406692-6d81-44d1-9cd5-b0006626b745,77.34,HIGH,REJECT,25.933333333333334,2.0,0.5,Terminated
193571e9-46b9-4ddf-9d2c-ec4f2a3e3e98,0.0,VERY LOW,APPROVE,-1.4333333333333333,4.0,1.0,Terminated
9cc7e3b3-a730-4ddb-a62d-4d0e6a9c14e6,67.94,HIGH,REJECT,17.133333333333333,2.0,0.5,Active
d01fa235-0cbf-4f74-86ec-a2d89e314e67,0.0,VERY LOW,APPROVE,8.766666666666667,0.0,0.5,Inactive
2874e12e-f2fb-4760-b684-6887a7402b85,73.44,HIGH,REJECT,13.033333333333333,5.0,0.8,Active
993266f2-654e-4a6d-90f4-1d3cc367fa53,0.0,VERY LOW,APPROVE,19.533333333333335,0.0,0.5,Terminated
8fb1ce7a-e2fe-45ba-a4d9-eaf018d75363,74.05,HIGH,REJECT,5.833333333333333,4.0,0.5,Inactive
32e24113-a352-49c3-b2e3-e25ba0a639aa,68.89,HIGH,REJECT,14.033333333333333,2.0,0.5,Active
852ed98c-545f-4a9e-ba27-3222f64382a5,0.0,VERY LOW,APPROVE,25.366666666666667,0.0,0.5,Active
6b698177-5f93-4114-84e5-94369a399d2d,37.47,LOW,APPROVE,21.866666666666667,1.0,0.0,Active
6c3c46e0-2d47-4ac7-8e4d-00eb77cd86bc,0.0,VERY LOW,APPROVE,16.066666666666666,3.0,1.0,Active
b9d9c2cf-76a0-44c9-8bb2-ed3f6348815e,0.0,VERY LOW,APPROVE,1.4333333333333333,0.0,0.5,Terminated
4ec40d7e-55ff-408f-abbd-87fcdea97378,0.0,VERY LOW,APPROVE,12.0,3.0,1.0,Active
dfcd6b7b-df71-4042-ad4b-90801d7d16c3,74.29,HIGH,REJECT,21.066666666666666,4.0,0.75,Active
dd41fd79-aa21-4f57-a7f1-1334cb9a76ed,81.81,VERY HIGH,REJECT,30.666666666666668,2.0,0.0,Active
a12ca43b-beef-44d5-83fb-48b5ee135ccb,0.49,VERY LOW,APPROVE,23.333333333333332,1.0,1.0,Terminated
812a9f9e-52e6-495b-a8a0-e4a771ef994b,0.0,VERY LOW,APPROVE,25.466666666666665,3.0,1.0,Active
bb01a3e9-3aa0-4ba3-a931-f481ba0299e0,0.54,VERY LOW,APPROVE,13.1,5.0,1.0,Active
b15168f0-f358-4c74-8436-74a0158edff9,77.03,HIGH,REJECT,-0.6,2.0,0.5,Active
ee8bf275-3d11-4217-abb8-289768fbbbd4,0.17,VERY LOW,APPROVE,-1.2,3.0,1.0,Inactive
ad5499c9-2ebf-4e5c-b9d5-d007cca5ae0e,0.0,VERY LOW,APPROVE,11.266666666666667,1.0,1.0,Terminated
8f6f5df5-0519-49f5-a310-c5c434495b68,0.0,VERY LOW,APPROVE,12.9,0.0,0.5,Active
0b3bc0b4-9c30-4dfd-a7fb-6e56ec6f4881,0.0,VERY LOW,APPROVE,17.733333333333334,1.0,1.0,Active
958e6e49-d9a3-4f63-a8eb-2047a2820d73,89.39,VERY HIGH,REJECT,24.033333333333335,5.0,0.4,Terminated
820bff2b-d401-42f2-827e-27e5e753f60e,0.0,VERY LOW,APPROVE,4.366666666666666,0.0,0.5,Active
98ffde48-3ab7-43c3-adff-ff1d073b16b8,87.19,VERY HIGH,REJECT,30.833333333333332,5.0,0.4,Active
244c224f-e0d4-44c9-9045-8f884615b411,1.59,VERY LOW,APPROVE,34.7,3.0,1.0,Active
4d3792a2-7ed6-45f8-8e06-0e751f93d43e,0.0,VERY LOW,APPROVE,11.033333333333333,0.0,0.5,Active
8a40850d-4681-4ed6-93d3-ccfc22a17c2e,0.0,VERY LOW,APPROVE,25.833333333333332,0.0,0.5,Active
9ae7605e-1974-4c71-bc6c-46665f62aca6,93.0,VERY HIGH,REJECT,24.666666666666668,4.0,0.5,Terminated
2dd504a6-d379-4f16-b444-8bfe02ebcfe6,90.48,VERY HIGH,REJECT,24.366666666666667,5.0,0.6,Active
055a17ce-2292-4eaa-9533-768399a4e95b,0.0,VERY LOW,APPROVE,29.133333333333333,0.0,0.5,Terminated
74c5b100-1b53-432d-9cc5-e8d2a927a48f,0.33,VERY LOW,APPROVE,4.666666666666667,5.0,1.0,Active
b877d090-f26a-495d-9f27-6d57ef2835f4,86.34,VERY HIGH,REJECT,14.633333333333333,5.0,0.6,Active
57b0093f-e8af-4040-a418-d923c6c094f7,0.27,VERY LOW,APPROVE,27.066666666666666,1.0,1.0,Active
a39eab54-ce65-4d4d-be71-540d4606985d,84.03,VERY HIGH,REJECT,13.033333333333333,2.0,0.5,Active
cf641101-0a15-45dc-b4e4-a8da2b718420,64.68,HIGH,REJECT,25.133333333333333,4.0,0.75,Active
21a550a0-95e6-47b8-a335-a75206ae9f8e,55.7,MEDIUM,APPROVE WITH CAUTION,17.3,2.0,0.5,Terminated
1f373e8a-d8c9-47a0-8428-d2a60f130196,0.0,VERY LOW,APPROVE,34.46666666666667,0.0,0.5,Active
7346121f-75ea-4f86-ba89-085032b04197,61.35,HIGH,REJECT,3.1333333333333333,3.0,0.6666666666666666,Terminated
da91a85b-44fc-441c-a1d4-46d87e07a105,0.0,VERY LOW,APPROVE,26.8,0.0,0.5,Inactive
07744b14-8d64-4c19-8ded-6a6598d9796c,55.17,MEDIUM,APPROVE WITH CAUTION,11.733333333333333,1.0,0.0,Active
cef91e16-655f-4e1a-8171-38fd2ae98c20,56.56,MEDIUM,APPROVE WITH CAUTION,25.333333333333332,4.0,0.75,Terminated
13897810-f31a-423d-87c3-953a747247b4,1.94,VERY LOW,APPROVE,7.133333333333334,4.0,1.0,Inactive
de1f03cf-31d2-4b3f-8aef-1967fc3e968b,72.52,HIGH,REJECT,24.266666666666666,3.0,0.6666666666666666,Terminated
7b9aa1f9-2d5c-452a-a62d-371ca68715ef,0.29,VERY LOW,APPROVE,20.866666666666667,4.0,1.0,Active
92df2bcb-e63e-45f5-9677-f1ea523e4d25,0.0,VERY LOW,APPROVE,8.6,1.0,1.0,Active
0371b813-4a8c-4251-a93e-435b3e750648,75.01,HIGH,REJECT,2.6,4.0,0.5,Inactive
6306fce3-8f55-4a9a-b580-7f1adf16b409,32.92,LOW,APPROVE,32.96666666666667,2.0,0.5,Active
12f82bbc-9f1f-4c65-b666-012f7a16fdde,0.0,VERY LOW,APPROVE,28.566666666666666,0.0,0.5,Active
0ac2326c-32ad-4d91-adcc-cfcabe30cec9,0.0,VERY LOW,APPROVE,17.2,0.0,0.5,Active
b2be07bc-f7ee-4dce-a733-b18fafc2621b,89.53,VERY HIGH,REJECT,19.366666666666667,4.0,0.5,Active
f78449f9-5c4e-4fd4-bbdd-e139f330eb83,87.87,VERY HIGH,REJECT,27.066666666666666,4.0,0.5,Active
e3d50d60-b878-4013-9aaa-fadaa7a62c34,77.77,HIGH,REJECT,34.46666666666667,4.0,0.5,Inactive
99a6afbb-86a0-4ced-b9fc-980e94d3141d,0.17,VERY LOW,APPROVE,1.1,2.0,1.0,Terminated
ba9a46a5-029a-410e-81be-164e67347ce3,67.91,HIGH,REJECT,25.533333333333335,5.0,0.8,Active
d4f9721c-9053-486f-9fa4-f39092b23afd,0.0,VERY LOW,APPROVE,26.433333333333334,0.0,0.5,Inactive
0feb83ec-c341-4558-b337-88ba564f1a53,0.0,VERY LOW,APPROVE,16.8,1.0,1.0,Active
9d581b55-48e0-4268-b65f-c671ecbbe410,90.51,VERY HIGH,REJECT,27.033333333333335,3.0,0.3333333333333333,Terminated
eb5ce176-5910-4988-b4a4-93b62f4eea28,0.0,VERY LOW,APPROVE,23.633333333333333,0.0,0.5,Active
b26582fd-ab26-4cfe-b3f9-9d5f9b550de8,85.86,VERY HIGH,REJECT,17.3,4.0,0.5,Inactive
7247f615-7eb6-4495-a949-78f94785d8be,0.0,VERY LOW,APPROVE,11.133333333333333,0.0,0.5,Active
3b2cbc25-199a-493f-a0eb-7803109b7076,85.05,VERY HIGH,REJECT,20.433333333333334,4.0,0.25,Terminated
8a7c2831-1c4a-4b74-9342-5c4f23cbff51,0.0,VERY LOW,APPROVE,7.5,0.0,0.5,Active
514fd5f8-b455-4c6e-8bde-a4026303abbd,0.0,VERY LOW,APPROVE,10.833333333333334,1.0,1.0,Active
9d43afb4-1b1a-4b86-911f-66622dc0318a,0.0,VERY LOW,APPROVE,32.4,0.0,0.5,Active
73343b17-5cb4-4377-9ba8-a9a3dd1070b9,58.45,MEDIUM,APPROVE WITH CAUTION,16.466666666666665,3.0,0.6666666666666666,Active
746a3c60-e1ba-4df3-9cb4-0986e2bfd824,53.71,MEDIUM,APPROVE WITH CAUTION,18.433333333333334,1.0,0.0,Active
b9321c38-a423-44b5-915f-30bd9b5cfa40,1.73,VERY LOW,APPROVE,18.033333333333335,2.0,1.0,Terminated
530ca42d-1552-4435-9619-2c2e0f662878,0.0,VERY LOW,APPROVE,4.833333333333333,3.0,1.0,Active
5dc6d993-51c9-4a48-9b9a-88cc95d8a6a0,76.82,HIGH,REJECT,31.333333333333332,4.0,0.75,Active
50f36d17-62ae-4bc0-b5e1-0b8fbeed94ca,0.0,VERY LOW,APPROVE,24.3,0.0,0.5,Terminated
12a669db-74cf-4400-aede-9baf0d481ac9,80.96,VERY HIGH,REJECT,2.5,4.0,0.5,Active
298ab2aa-7b1e-4656-b824-572df016f337,66.74,HIGH,REJECT,18.033333333333335,3.0,0.0,Active
3a0b4b8b-718a-4971-853c-39b85a7097e1,0.0,VERY LOW,APPROVE,11.133333333333333,0.0,0.5,Inactive
cb883a05-e89d-4ecd-9bfd-48eb9d54bbbc,0.96,VERY LOW,APPROVE,4.433333333333334,4.0,1.0,Terminated
bff4740f-ec7c-4be9-84e5-f17efe9cd434,0.0,VERY LOW,APPROVE,33.6,0.0,0.5,Terminated
b0115f18-577f-4c21-835b-4fcf86ecc923,0.0,VERY LOW,APPROVE,31.966666666666665,0.0,0.5,Active
38d7894f-568f-4956-8f23-eff8942999e8,69.71,HIGH,REJECT,16.433333333333334,3.0,0.3333333333333333,Inactive
85c6b627-3c2d-4a18-ace1-8475750e864e,1.95,VERY LOW,APPROVE,28.8,5.0,1.0,Active
e0577a80-b588-41d7-ac02-667d15ffb547,0.0,VERY LOW,APPROVE,7.233333333333333,0.0,0.5,Inactive
334e1387-7168-4b73-ad77-83f083754d7d,87.17,VERY HIGH,REJECT,0.9333333333333333,5.0,0.6,Active
a2da9233-d749-4c46-8cd5-eb8cd7e5ffe3,83.06,VERY HIGH,REJECT,6.5,4.0,0.5,Active
3a200664-63e2-4a54-97f2-af235d6e1b56,0.17,VERY LOW,APPROVE,16.066666666666666,1.0,1.0,Active
e8da65e7-2b6b-459f-af9b-c1a57f2925e6,2.45,VERY LOW,APPROVE,25.033333333333335,4.0,1.0,Active
f49a46aa-d522-4c2c-90d6-5b164f15db7a,0.0,VERY LOW,APPROVE,30.366666666666667,4.0,1.0,Terminated
c9fdf7d5-0d95-42d7-b30e-8f6dc8120c56,0.71,VERY LOW,APPROVE,0.6333333333333333,1.0,1.0,Active
ea63b62b-a52f-48da-b527-7adda8ea28db,93.54,VERY HIGH,REJECT,18.5,5.0,0.2,Active
d95928ac-060f-4707-a7fa-b68f17366624,0.0,VERY LOW,APPROVE,7.666666666666667,0.0,0.5,Active
cb90e20c-589e-4c1a-a7ce-f47ae36650e7,0.0,VERY LOW,APPROVE,21.8,0.0,0.5,Inactive
e00b6198-943a-44bf-87fe-b64748e9f2c5,57.15,MEDIUM,APPROVE WITH CAUTION,33.6,5.0,0.8,Terminated
173e3b2e-7ebc-4072-896b-f3ca84f4aa75,92.66,VERY HIGH,REJECT,20.566666666666666,4.0,0.5,Active
3fbeeb38-5bb8-46cb-9118-02815cb0a948,0.0,VERY LOW,APPROVE,20.233333333333334,0.0,0.5,Terminated
0a4aed95-3874-468f-8bee-4ddf181827f6,74.14,HIGH,REJECT,21.966666666666665,2.0,0.0,Active
5a1a640c-fff0-4691-9700-b3cc723b3158,0.0,VERY LOW,APPROVE,23.066666666666666,0.0,0.5,Terminated
2826fa71-c4f8-40e0-bb23-6a5652f8112f,66.22,HIGH,REJECT,11.3,1.0,0.0,Active
ccf0a35a-9317-4847-9041-795b2643902b,0.17,VERY LOW,APPROVE,28.466666666666665,2.0,1.0,Active
9fb51426-9275-4de0-9bf2-b3f6f7262037,90.88,VERY HIGH,REJECT,24.5,5.0,0.6,Active
4c107f0f-a3b4-413e-aa03-3cc57e167d21,0.0,VERY LOW,APPROVE,34.233333333333334,0.0,0.5,Active
53e7836d-00a0-4b22-b59f-9df4564095a0,0.0,VERY LOW,APPROVE,23.433333333333334,0.0,0.5,Active
291b5255-2735-4ccf-b33a-2413f750bdd1,82.26,VERY HIGH,REJECT,9.066666666666666,5.0,0.6,Active
463e5b53-6d60-41ed-b436-bcc2569077f2,0.0,VERY LOW,APPROVE,29.233333333333334,0.0,0.5,Active
db328b90-6e93-446c-9ab0-4b52a8057c39,53.3,MEDIUM,APPROVE WITH CAUTION,17.2,3.0,0.6666666666666666,Active
471c122f-b3d8-434b-9a48-cdfced7b6bc9,0.37,VERY LOW,APPROVE,0.4666666666666667,1.0,1.0,Active
abb7bda9-d21a-46c9-8158-1b40e9b1e642,81.57,VERY HIGH,REJECT,20.0,3.0,0.0,Terminated
e390a3d1-bb05-4648-84ed-1341ad6c20f2,46.17,MEDIUM,APPROVE WITH CAUTION,9.766666666666667,4.0,0.75,Terminated
aad1af30-e682-4bc1-97fa-d4ff5cc2a167,62.79,HIGH,REJECT,27.9,4.0,0.75,Active
41df0d13-eeff-4df5-9ae9-399330074ab0,58.5,MEDIUM,APPROVE WITH CAUTION,4.733333333333333,4.0,0.75,Active
8d412848-4231-4317-935a-8cd348eb7b14,67.46,HIGH,REJECT,12.733333333333333,2.0,0.5,Active
55664db6-0a82-405e-ad6e-b17ed7222aa3,0.0,VERY LOW,APPROVE,10.533333333333333,0.0,0.5,Active
2195a586-7c19-46ab-a346-36ea2ef5a7f6,69.04,HIGH,REJECT,33.13333333333333,4.0,0.75,Active
2d4e1bcb-8d7a-4666-9d94-abf96bc88c0b,0.0,VERY LOW,APPROVE,28.3,5.0,1.0,Active
e46eeffe-84d0-446f-9304-03ac223f3749,84.08,VERY HIGH,REJECT,33.3,4.0,0.5,Terminated
d6b23d25-d029-4dea-b0f9-9419ddf6f47f,77.27,HIGH,REJECT,8.1,2.0,0.5,Active
72b79181-40be-4dde-818f-721dabcafc0a,88.54,VERY HIGH,REJECT,0.5333333333333333,5.0,0.4,Active
d3dc0919-926c-4e85-a663-f04bbc82d71f,2.71,VERY LOW,APPROVE,9.966666666666667,5.0,1.0,Terminated
2a09740b-2f01-4734-b83a-61b6d52c618b,0.0,VERY LOW,APPROVE,11.4,0.0,0.5,Active
689e8e25-80e0-497f-8c04-e9a15a85964f,0.0,VERY LOW,APPROVE,30.033333333333335,1.0,1.0,Active
d02d35e1-ae63-4da1-8c52-9693d3eb8181,0.0,VERY LOW,APPROVE,9.5,0.0,0.5,Active
852336c5-e1ec-45ff-936c-24c5ef1a9c40,0.15,VERY LOW,APPROVE,11.233333333333333,1.0,1.0,Active
a58c8670-7545-4316-b86d-3dec1d2da3b8,73.23,HIGH,REJECT,1.8666666666666667,2.0,0.5,Active
43204cd0-41fc-4a96-9973-28392df2370a,74.5,HIGH,REJECT,18.866666666666667,4.0,0.75,Active
0aa0fdaa-1886-456c-8ae5-729780cd0ca1,71.29,HIGH,REJECT,11.1,3.0,0.6666666666666666,Active
df757be1-af68-4215-834b-dab98f5f6320,0.17,VERY LOW,APPROVE,4.6,2.0,1.0,Active
1e5d242e-cbce-4270-a961-c981c0e53efc,0.0,VERY LOW,APPROVE,34.733333333333334,0.0,0.5,Active
534a6b28-298e-49b9-bd44-e5e39daedafa,75.23,HIGH,REJECT,32.96666666666667,4.0,0.5,Active
3efdeb3e-7eea-40ee-a59c-7555889e6a8d,0.0,VERY LOW,APPROVE,32.0,0.0,0.5,Active
9a3e38ef-4312-44cb-8ee0-04b181b50081,0.15,VERY LOW,APPROVE,4.1,1.0,1.0,Inactive
923c082d-5ce0-4b4d-9714-0a47a7d4dd1a,66.96,HIGH,REJECT,4.9,3.0,0.6666666666666666,Terminated
2effbd5f-e789-4ca2-a55c-381ae9154e36,0.0,VERY LOW,APPROVE,24.766666666666666,0.0,0.5,Terminated
92bbb81c-e567-462d-a50e-5a2b6e895b47,91.19,VERY HIGH,REJECT,31.9,5.0,0.6,Active
a2cdf6ba-6f6e-45d5-927a-a04dc43dc949,0.0,VERY LOW,APPROVE,34.43333333333333,0.0,0.5,Active
9bb2e497-48eb-4391-bfe1-77179b1b7d83,0.0,VERY LOW,APPROVE,12.7,0.0,0.5,Terminated
b34f27a8-a4b2-4c80-9407-7e13f4a3e8a0,0.0,VERY LOW,APPROVE,11.266666666666667,0.0,0.5,Terminated
6c859438-60c0-45c3-8d70-e422554a7047,0.0,VERY LOW,APPROVE,1.7,0.0,0.5,Active
ed62155a-3a8b-4536-9a6b-3f7d1abe0c68,1.34,VERY LOW,APPROVE,29.6,2.0,1.0,Active
79e0f28a-e98e-4d7f-9c87-2f42a0b63245,0.0,VERY LOW,APPROVE,7.9,0.0,0.5,Active
ffa0718d-f13a-4e66-8fee-ecf95dae0331,0.0,VERY LOW,APPROVE,26.866666666666667,1.0,1.0,Active
d4551b9e-34e6-4c0a-b834-0a94e139c9b8,60.12,HIGH,REJECT,8.966666666666667,5.0,0.8,Active
a3c61938-0e4d-43de-b43c-83f083ede061,1.13,VERY LOW,APPROVE,17.533333333333335,4.0,1.0,Active
02963cb8-c79e-439b-90dc-206ef8bb552e,0.0,VERY LOW,APPROVE,22.566666666666666,0.0,0.5,Active
03e7f152-d7a9-4540-887e-a0c992e5dbbd,78.0,HIGH,REJECT,0.13333333333333333,2.0,0.0,Active
e9906584-7250-403d-9cdb-54f1c3fa5245,80.92,VERY HIGH,REJECT,8.966666666666667,5.0,0.6,Active
002d7cfa-f7f5-4327-a5ff-efd704ba86ba,45.23,MEDIUM,APPROVE WITH CAUTION,13.033333333333333,3.0,0.6666666666666666,Inactive
e543bbeb-67fa-4479-a3ea-46546e4b1b73,0.0,VERY LOW,APPROVE,20.766666666666666,0.0,0.5,Active
0b9d9514-351c-40aa-adc8-a66709a0d9e5,0.8,VERY LOW,APPROVE,2.3,1.0,1.0,Active
7405ed1c-bb82-45eb-b374-f0cbe8eaf41a,89.46,VERY HIGH,REJECT,20.266666666666666,5.0,0.6,Inactive
58bf8582-19b7-41d9-ae11-9ce982e35c39,71.09,HIGH,REJECT,16.8,5.0,0.8,Active
c2950f30-c89f-42a0-94a7-2f8e8764cc5e,0.0,VERY LOW,APPROVE,4.4,0.0,0.5,Terminated
fe01f625-343b-4c0a-b3ff-eedfb20635e1,0.0,VERY LOW,APPROVE,13.266666666666667,3.0,1.0,Terminated
21fea445-f9a7-4283-9896-5795cfa8e3e3,0.0,VERY LOW,APPROVE,15.933333333333334,0.0,0.5,Active
1e37c244-a300-45b7-8bc6-4d05f7074852,90.15,VERY HIGH,REJECT,15.366666666666667,4.0,0.25,Active
c5418b3e-0640-4d67-b2a5-1d5ab8dbe7d6,68.85,HIGH,REJECT,16.233333333333334,4.0,0.75,Active
bd996298-d33f-49ff-8001-8f7a0d4b486f,0.0,VERY LOW,APPROVE,12.2,0.0,0.5,Active
14ff66b9-3ddb-4b7f-9cf1-025771d03177,0.0,VERY LOW,APPROVE,9.233333333333333,0.0,0.5,Terminated
3f6363fd-4e8a-4f53-ad53-90712ac8bf0f,17.48,VERY LOW,APPROVE,8.933333333333334,1.0,0.0,Active
8f31241b-8464-41bf-a81d-7852947ac7c5,62.54,HIGH,REJECT,33.266666666666666,4.0,0.75,Active
a85ba609-2e92-4d71-bc52-8e9611168350,86.78,VERY HIGH,REJECT,23.0,4.0,0.75,Active
57b727f4-74a3-4951-b242-f228dca27239,0.0,VERY LOW,APPROVE,33.53333333333333,0.0,0.5,Terminated
820ba2c0-a80a-4d21-86ee-a4ee06f09f40,0.0,VERY LOW,APPROVE,11.466666666666667,0.0,0.5,Inactive
3598993d-381e-4132-a52b-fbc7738d6175,0.0,VERY LOW,APPROVE,21.866666666666667,0.0,0.5,Active
e5b54eb0-1063-4c83-ae4b-931463ae1939,0.0,VERY LOW,APPROVE,20.2,2.0,1.0,Active
e1eccf76-485d-47f1-bed9-2748a3098e50,0.8,VERY LOW,APPROVE,1.2,1.0,1.0,Terminated
eb1e741a-7687-465c-88b1-9a28e0db9684,70.97,HIGH,REJECT,22.7,5.0,0.8,Active
ae9d42bb-bbd3-42a1-9f0f-9bbadf0e7868,35.36,LOW,APPROVE,26.2,1.0,0.0,Active
169f64d2-1e7e-4b6c-9be1-91552b9a4a9a,85.76,VERY HIGH,REJECT,12.466666666666667,5.0,0.6,Active
93bbdb23-43f4-4f31-b9e0-b11f10416436,53.66,MEDIUM,APPROVE WITH CAUTION,9.133333333333333,5.0,0.8,Terminated
33b13bf0-3fa3-45c5-a3f3-a37a40587115,66.37,HIGH,REJECT,9.733333333333333,3.0,0.6666666666666666,Active
fd9dffb6-adc1-4ce8-a2d8-f90c442eff91,0.0,VERY LOW,APPROVE,2.566666666666667,0.0,0.5,Inactive
66e4025c-d521-4b01-a727-78dc5e4760b2,0.98,VERY LOW,APPROVE,29.333333333333332,1.0,1.0,Active
c7962639-05cc-4c5d-b010-3aa04ff11558,76.8,HIGH,REJECT,-1.0666666666666667,1.0,0.0,Active
41469035-d65f-48cc-8e2d-08502ab3238e,0.0,VERY LOW,APPROVE,9.733333333333333,1.0,1.0,Terminated
2b3babef-5b81-493d-9a03-b3a2d4a7ba25,0.0,VERY LOW,APPROVE,3.966666666666667,0.0,0.5,Active
0e090a95-044e-48c9-a0d2-d94f4760b353,52.99,MEDIUM,APPROVE WITH CAUTION,21.133333333333333,4.0,0.75,Active
e851b735-7ea7-45ec-879e-5d1e196dd4c2,0.0,VERY LOW,APPROVE,1.4333333333333333,0.0,0.5,Active
bdfaadd0-9236-4cb0-adbc-c37eafbe9f34,0.0,VERY LOW,APPROVE,7.933333333333334,4.0,1.0,Active
59ba2d4f-4685-487b-9a71-b9b9b4d278db,87.66,VERY HIGH,REJECT,32.53333333333333,3.0,0.0,Active
bb7bf415-8505-4b6c-815a-5c9c94974895,0.0,VERY LOW,APPROVE,20.0,0.0,0.5,Active
0d13b43e-298d-4522-9eec-d8098a86235c,65.86,HIGH,REJECT,26.766666666666666,4.0,0.75,Terminated
ca1dd4e7-5c9c-44aa-8ac3-1d3bb67ecc63,1.25,VERY LOW,APPROVE,33.266666666666666,1.0,1.0,Active
71f44312-eb70-4815-bdff-a56c5d0aeea2,66.15,HIGH,REJECT,31.866666666666667,3.0,0.3333333333333333,Inactive
ca9e4831-fa9d-4e5b-b014-a3c5ac35eee9,89.24,VERY HIGH,REJECT,16.0,5.0,0.6,Active
1c899cfc-58ae-4465-a2d1-3fba0d7ec7a2,55.72,MEDIUM,APPROVE WITH CAUTION,5.633333333333334,2.0,0.5,Inactive
8af4837c-de3c-4d00-bf48-9d08f268cb54,83.33,VERY HIGH,REJECT,17.2,4.0,0.5,Active
2df57abb-0fe7-4548-b336-c2d4921f48cc,40.78,MEDIUM,APPROVE WITH CAUTION,14.4,3.0,0.6666666666666666,Terminated
0bc4a8af-06e8-496a-bac2-c4ec74179166,81.56,VERY HIGH,REJECT,28.866666666666667,1.0,0.0,Active
2a583ab8-ac27-4c81-855a-949488999a1b,70.87,HIGH,REJECT,20.366666666666667,1.0,0.0,Active
244696d2-3075-4f50-9b1e-7b56dd5702c1,0.0,VERY LOW,APPROVE,3.7333333333333334,3.0,1.0,Terminated
ee942d4a-e2c3-47c4-abdc-cfe3f846bb85,88.81,VERY HIGH,REJECT,13.866666666666667,5.0,0.4,Active
bafa0999-be0d-4582-83d4-eb3f12459f78,0.0,VERY LOW,APPROVE,1.1,0.0,0.5,Active
b7dd3454-4ca1-48a3-9ae0-9bb737f37f55,0.0,VERY LOW,APPROVE,20.6,0.0,0.5,Active
28156f30-2c13-44fc-902f-09531cc26300,0.49,VERY LOW,APPROVE,32.3,2.0,1.0,Active
58e37f6f-e359-4f68-91e8-94e3360591a4,0.0,VERY LOW,APPROVE,11.266666666666667,0.0,0.5,Active
a1eb2ec5-f75f-4c5b-81b0-4e3f61ec9dc1,0.0,VERY LOW,APPROVE,22.7,0.0,0.5,Active
d4393a6f-6954-4d3b-ae55-05e0d272d590,3.9,VERY LOW,APPROVE,11.0,4.0,1.0,Active
59e357d0-3e76-4806-b662-b047721dee83,87.47,VERY HIGH,REJECT,27.866666666666667,3.0,0.3333333333333333,Inactive
afa54710-ce36-4e98-9bed-682ef3b1909b,0.0,VERY LOW,APPROVE,24.066666666666666,0.0,0.5,Terminated
88f9ba34-b507-43ae-b479-8f91927eaff0,82.88,VERY HIGH,REJECT,2.6,4.0,0.5,Active
2357772e-bf32-459d-b7bd-730b8f1605f7,0.17,VERY LOW,APPROVE,14.833333333333334,2.0,1.0,Active
4729dcb1-0497-4321-9305-1e016d65ad6d,88.57,VERY HIGH,REJECT,28.3,5.0,0.6,Active
f1cefaa4-dece-49c3-98aa-61169db436ea,0.17,VERY LOW,APPROVE,10.633333333333333,3.0,1.0,Active
2da96a47-bbc1-4759-ba6d-f4a1869e68da,1.62,VERY LOW,APPROVE,0.5,2.0,1.0,Active
f4b120b3-2f46-4d19-8b0c-e70c2c8fe27e,0.0,VERY LOW,APPROVE,28.166666666666668,1.0,1.0,Active
e09a86e4-cd3f-4251-9310-cf7ac1f962de,0.38,VERY LOW,APPROVE,4.066666666666666,1.0,1.0,Active
7c9ed493-a92d-4d70-8ec4-6d2192cbd499,75.69,HIGH,REJECT,5.566666666666666,5.0,0.6,Active
9fe50f07-34bb-4395-a964-9cfe4ba7d371,85.98,VERY HIGH,REJECT,17.0,4.0,0.5,Inactive
54388b79-b09a-4f2c-8cce-1db52fffaf3a,0.0,VERY LOW,APPROVE,7.633333333333334,0.0,0.5,Active
89a838b0-be00-446f-b52b-24884dd3e86b,0.0,VERY LOW,APPROVE,29.0,0.0,0.5,Terminated
a0c1deea-e501-441e-b0be-cb29b737aa75,0.17,VERY LOW,APPROVE,28.133333333333333,1.0,1.0,Active
5191a78d-170c-4221-9cbf-1f32eb2a1e9c,0.0,VERY LOW,APPROVE,31.533333333333335,0.0,0.5,Active
c602548a-5ce6-438e-b2ec-a6863d143bcb,70.89,HIGH,REJECT,16.566666666666666,3.0,0.6666666666666666,Terminated
dc67b927-c7e5-4d20-acbc-2f988b9a1e83,0.42,VERY LOW,APPROVE,22.3,1.0,1.0,Active
940fba45-908a-49de-832a-904c370b5ba7,72.16,HIGH,REJECT,-0.9333333333333333,5.0,0.8,Active
da338337-714c-4960-8c33-757fd56c23cc,72.43,HIGH,REJECT,33.7,3.0,0.6666666666666666,Active
dd0051dc-b5ae-4604-94bf-c474ff17de3a,0.0,VERY LOW,APPROVE,25.933333333333334,3.0,1.0,Active
cc1bafbd-985f-451f-87d2-cf42dc394878,0.54,VERY LOW,APPROVE,5.933333333333334,4.0,1.0,Active
82147550-2af6-4f11-9f15-e54661a9f8a6,0.17,VERY LOW,APPROVE,20.533333333333335,1.0,1.0,Active
90146695-40c4-4e88-8aca-31bbd4a34fbe,54.92,MEDIUM,APPROVE WITH CAUTION,30.7,5.0,0.8,Active
1e46c673-b17f-43f7-80a6-8545e7f2f46c,84.82,VERY HIGH,REJECT,16.866666666666667,5.0,0.4,Active
3c2e741a-0894-4f0e-a307-128004cecee7,0.0,VERY LOW,APPROVE,-0.3333333333333333,0.0,0.5,Active
93d4159a-06db-4807-a463-ac942a9c705a,1.29,VERY LOW,APPROVE,-0.6333333333333333,1.0,1.0,Active
e3696ee7-c371-4d5f-b90b-4712183e417f,60.97,HIGH,REJECT,4.133333333333334,1.0,0.0,Active
b4544821-c291-4dd8-a99e-c5bead1a6add,0.0,VERY LOW,APPROVE,18.8,1.0,1.0,Terminated
0c6fafa8-45ed-422c-a6de-2ca6385b49e3,0.0,VERY LOW,APPROVE,22.766666666666666,0.0,0.5,Active
a442b16c-4750-4a0f-8da1-e9d9032c4319,0.17,VERY LOW,APPROVE,24.9,2.0,1.0,Active
304655eb-f693-48f5-a07a-0b147c2be42d,3.52,VERY LOW,APPROVE,-0.5,4.0,1.0,Terminated
7d2ce7c6-3a08-4e64-803f-8e3b6c1c9373,0.0,VERY LOW,APPROVE,-0.1,0.0,0.5,Active
f7d18c93-954d-4bb7-9636-fea096f82046,0.0,VERY LOW,APPROVE,24.6,0.0,0.5,Active
e66354b2-a3e8-43bd-8046-8246cc3a18fa,80.52,VERY HIGH,REJECT,1.4333333333333333,5.0,0.6,Active
fb6ec350-50ed-4850-9209-f088a79ecc5a,0.0,VERY LOW,APPROVE,7.566666666666666,0.0,0.5,Inactive
96945996-2d21-4438-8845-c318ca773d2f,43.17,MEDIUM,APPROVE WITH CAUTION,34.53333333333333,1.0,0.0,Active
e09043ed-46fd-44a3-948e-d13fb596ebf9,0.0,VERY LOW,APPROVE,8.766666666666667,2.0,1.0,Active
9b16b42a-82c5-4fc4-8857-d1f7bbbb3e57,0.0,VERY LOW,APPROVE,19.833333333333332,0.0,0.5,Terminated
9d49411a-ba58-4ad1-bd68-f22cd10cce01,1.4,VERY LOW,APPROVE,10.233333333333333,4.0,1.0,Active
abcfa9a6-14a5-49ce-9237-ed22cdab4b84,0.97,VERY LOW,APPROVE,0.0,1.0,1.0,Inactive
b45e3030-ae55-433f-a6aa-5155ba25d18f,86.29,VERY HIGH,REJECT,-0.3,3.0,0.6666666666666666,Active
2dcd1574-08c9-41f2-b111-c45f865194a3,69.67,HIGH,REJECT,24.333333333333332,3.0,0.6666666666666666,Terminated
50b7f676-9014-448f-a5ef-da6ebf82ac73,0.97,VERY LOW,APPROVE,18.4,3.0,1.0,Active
899f09b6-05d9-4414-8081-ca6a597ce847,60.66,HIGH,REJECT,4.6,4.0,0.75,Active
7237b0be-c7a0-412f-9675-37159fe052a0,85.82,VERY HIGH,REJECT,22.5,5.0,0.4,Active
1c43c267-2aa0-45d5-bd26-3fd96f3b46e5,50.0,MEDIUM,APPROVE WITH CAUTION,26.3,3.0,0.6666666666666666,Active
55be680b-aeb5-485d-92df-aa672cf32eb1,63.09,HIGH,REJECT,6.733333333333333,4.0,0.75,Inactive
f26e1a43-ae8d-4126-a8f3-7f0aa44dc14b,65.93,HIGH,REJECT,10.233333333333333,5.0,0.6,Active
9d5433f8-462e-492e-bca6-c0b4028ed5f6,0.0,VERY LOW,APPROVE,2.3,0.0,0.5,Terminated
d773d19d-c849-4f4f-8091-8f8e68cb19a0,0.17,VERY LOW,APPROVE,24.066666666666666,3.0,1.0,Active
7ea8e0ba-fb52-4895-bdfb-9daf880ab632,91.69,VERY HIGH,REJECT,26.566666666666666,5.0,0.4,Active
caa0a23d-b0b5-46ca-aa4c-d39187824d9a,0.0,VERY LOW,APPROVE,9.0,0.0,0.5,Active
00767e03-72e2-4487-b286-a18d9be5aa9e,0.38,VERY LOW,APPROVE,5.1,1.0,1.0,Active
28b74b49-dcff-4bd7-9297-453134167d37,82.47,VERY HIGH,REJECT,22.066666666666666,3.0,0.0,Terminated
24d53515-a9c4-46db-8b2b-157d9acc81cb,71.53,HIGH,REJECT,10.933333333333334,1.0,0.0,Active
82f56d9d-c49e-42a3-84a8-9ff6e5ac46b6,0.0,VERY LOW,APPROVE,15.533333333333333,2.0,1.0,Terminated
a522947a-8cc0-49bf-951c-e4e4e301d7f4,0.0,VERY LOW,APPROVE,16.5,3.0,1.0,Terminated
24fa6233-d1dd-4dea-b9f0-261c59248607,0.0,VERY LOW,APPROVE,19.333333333333332,0.0,0.5,Inactive
bc622911-5a8e-4b23-af69-4e7c3c82efab,0.88,VERY LOW,APPROVE,33.96666666666667,5.0,1.0,Active
dd3e0b32-ec32-4d33-895f-fdbd5f7a7e31,1.3,VERY LOW,APPROVE,4.533333333333333,4.0,1.0,Active
0b1ec3c8-44f8-4691-9f69-56cd97da0092,0.0,VERY LOW,APPROVE,23.2,0.0,0.5,Active
d58e2816-32a2-40b7-9b02-439bc80aba28,0.0,VERY LOW,APPROVE,31.433333333333334,0.0,0.5,Active
82294cba-f30b-482d-9ea6-e75f5ab6a0b0,0.0,VERY LOW,APPROVE,3.933333333333333,0.0,0.5,Active
0d134cd2-5eda-4adf-801f-435bd7f7235f,0.0,VERY LOW,APPROVE,-0.9,0.0,0.5,Active
54327724-5b87-46b2-bd5c-93c830f32544,0.0,VERY LOW,APPROVE,7.066666666666666,2.0,1.0,Active
2854d479-92f3-43bb-a71e-e1d1e138acec,87.9,VERY HIGH,REJECT,26.533333333333335,3.0,0.3333333333333333,Active
f1f2031c-e536-439f-a1c4-da9551ba3913,0.0,VERY LOW,APPROVE,27.133333333333333,0.0,0.5,Terminated
f1b95ca1-f215-49c3-b1bd-97cffb73b321,91.45,VERY HIGH,REJECT,16.4,5.0,0.4,Active
7d5a4d73-084e-49d6-95ec-cc5e3e720953,1.04,VERY LOW,APPROVE,3.6333333333333333,2.0,1.0,Active
821e7bf0-e0d5-4550-b813-d505d9eb2acb,82.56,VERY HIGH,REJECT,12.266666666666667,4.0,0.5,Active
85d2c20a-c224-40aa-9ba4-4a884b896d16,0.0,VERY LOW,APPROVE,17.466666666666665,1.0,1.0,Active
bfc25275-ca99-4f8c-9c17-04be02d0c78b,74.14,HIGH,REJECT,28.166666666666668,4.0,0.75,Inactive
e88397e0-26fa-49d2-ae7b-27ffa9dcc9fb,29.27,LOW,APPROVE,10.633333333333333,2.0,0.5,Active
b4e92762-d10b-4c26-b80d-4332dbe8d23f,0.0,VERY LOW,APPROVE,18.8,5.0,1.0,Terminated
a06082ac-792e-4eaf-b22e-e0a994fd38fd,0.0,VERY LOW,APPROVE,31.2,0.0,0.5,Active
630e9646-20dc-426e-9093-14b17e1ca140,0.17,VERY LOW,APPROVE,7.9,2.0,1.0,Active
c15b6d6c-c549-4518-9331-d3cde250c9a8,0.0,VERY LOW,APPROVE,4.4,0.0,0.5,Active
8d39440c-636c-40af-93e2-c90d799e5e9e,0.0,VERY LOW,APPROVE,31.366666666666667,0.0,0.5,Active
2a56bdb8-645a-41dc-926f-59261d62a461,4.4,VERY LOW,APPROVE,11.066666666666666,4.0,1.0,Active
313d86ed-536c-42f3-8c00-0e6712ab726b,0.17,VERY LOW,APPROVE,25.533333333333335,2.0,1.0,Active
461dff2f-84c8-41fd-810d-f418e94e3e79,64.58,HIGH,REJECT,5.2,2.0,0.5,Terminated
986642bf-1780-4cae-b398-c0ae0ca8e442,0.0,VERY LOW,APPROVE,5.866666666666666,0.0,0.5,Active
05dbbc84-5a48-44ea-9d73-fba108243613,69.68,HIGH,REJECT,14.233333333333333,1.0,0.0,Active
315ea6e8-dc2e-43eb-a555-5aca844f71be,72.14,HIGH,REJECT,30.9,1.0,0.0,Inactive
966b0ef9-3676-4bca-9c03-cf4d632d97cc,87.89,VERY HIGH,REJECT,28.8,5.0,0.4,Inactive
9767b8e3-3102-4a4c-a054-3bcd6e4cb160,62.26,HIGH,REJECT,17.166666666666668,2.0,0.5,Inactive
e696e283-76a7-4aa2-b2e1-7b85d6fdd531,79.64,HIGH,REJECT,1.2333333333333334,4.0,0.25,Terminated
d08ee81a-00ad-4837-903f-2d22a2ff84e5,0.21,VERY LOW,APPROVE,18.566666666666666,1.0,1.0,Active
0453afa5-a224-44af-b675-c8522da8ada8,0.0,VERY LOW,APPROVE,24.4,0.0,0.5,Active
ed7a6a2e-dd75-40db-a633-0ced83c0e849,90.07,VERY HIGH,REJECT,27.966666666666665,3.0,0.3333333333333333,Inactive
b8ba5f97-29d3-4ab3-a83e-8172a584f7b1,3.4,VERY LOW,APPROVE,12.733333333333333,4.0,1.0,Terminated
d9e3fd42-726d-49d8-959a-55b4717359c5,0.0,VERY LOW,APPROVE,23.5,0.0,0.5,Active
17942d9a-0155-4119-8f3a-7decdb950906,80.07,VERY HIGH,REJECT,9.666666666666666,3.0,0.0,Active
06ee9b58-64d6-47a2-a9c5-5b1bb1647e35,0.0,VERY LOW,APPROVE,6.733333333333333,2.0,1.0,Active
ce320eaf-fb20-4e10-8650-5bfa99ae23f5,75.92,HIGH,REJECT,28.9,5.0,0.8,Inactive
3af55b25-cbe9-4332-93c8-e91bd29abd5e,81.45,VERY HIGH,REJECT,6.966666666666667,5.0,0.6,Active
f885b00b-4fe9-4fa1-85cc-4e1225e3a91c,0.0,VERY LOW,APPROVE,1.2666666666666666,0.0,0.5,Active
190df657-e229-43ad-8779-cbca7deb2f8e,0.17,VERY LOW,APPROVE,11.233333333333333,2.0,1.0,Inactive
e099ca3d-1b67-488f-91ab-130167ae40a6,61.81,HIGH,REJECT,31.5,3.0,0.6666666666666666,Active
72912fcb-f14b-4ec3-b53e-7786e096bc36,67.08,HIGH,REJECT,15.866666666666667,4.0,0.5,Inactive
95d0f852-a75b-4108-974a-54c1ee7f6c24,69.5,HIGH,REJECT,2.066666666666667,4.0,0.75,Active
7273a8e6-4542-49f1-b4d6-cad9090cbaf9,85.63,VERY HIGH,REJECT,16.833333333333332,4.0,0.5,Active
86d0275d-599e-496a-a641-1fd9205c7674,81.68,VERY HIGH,REJECT,20.133333333333333,5.0,0.6,Active
029ef2d6-eb47-4c33-8613-48c39e2be388,90.96,VERY HIGH,REJECT,18.833333333333332,5.0,0.6,Active
7b0ecc6b-037a-47b5-907d-094ad2383693,59.18,MEDIUM,APPROVE WITH CAUTION,33.833333333333336,5.0,0.8,Active
a8cd0243-8f6c-449b-bf71-f5169238959b,0.0,VERY LOW,APPROVE,7.133333333333334,0.0,0.5,Inactive
65e1ecba-c3e0-4cd5-b393-e6f1a8632b7b,77.69,HIGH,REJECT,23.9,5.0,0.8,Terminated
6c40955c-6e17-417c-a5c4-f6dfbd392c91,0.15,VERY LOW,APPROVE,8.466666666666667,1.0,1.0,Active
faaac132-86cc-4ca2-a026-8a12e49f8cb2,0.0,VERY LOW,APPROVE,16.333333333333332,0.0,0.5,Inactive
a6591bef-18c7-4589-ac97-6df222ff476d,0.15,VERY LOW,APPROVE,30.166666666666668,1.0,1.0,Active
a3799586-f8d5-4d7c-aa7b-68cf9e251203,0.0,VERY LOW,APPROVE,6.166666666666667,1.0,1.0,Active
0ddddeb1-834f-41f8-bbbf-f5a35e589632,0.42,VERY LOW,APPROVE,19.933333333333334,1.0,1.0,Active
dbda7e15-78c3-41d7-8072-26953b421021,35.37,LOW,APPROVE,24.4,1.0,0.0,Active
0e8040ae-9166-4a80-9add-1b6cb48aad02,40.45,MEDIUM,APPROVE WITH CAUTION,16.933333333333334,2.0,0.5,Active
8c5f3f0a-d5d8-420e-aae1-f57d4adf0106,0.0,VERY LOW,APPROVE,13.1,0.0,0.5,Active
f7045a1f-4acb-4926-ac34-2283c74a79b1,75.06,HIGH,REJECT,11.466666666666667,1.0,0.0,Active
e5c6149d-3bfc-475e-a0d7-37b920534f0a,43.42,MEDIUM,APPROVE WITH CAUTION,23.9,3.0,0.6666666666666666,Active
fbeb0a02-05c0-4bb1-bc5e-fc5696274020,0.0,VERY LOW,APPROVE,8.333333333333334,0.0,0.5,Active
839bd975-9c75-4d2f-a024-a9ee5b484dac,0.0,VERY LOW,APPROVE,9.133333333333333,0.0,0.5,Active
0c0e6427-5f19-47c4-968f-279fb9c60c3f,0.17,VERY LOW,APPROVE,2.7,2.0,1.0,Active
aee7cefe-1a38-42f4-ae03-1f12746dc8c4,0.0,VERY LOW,APPROVE,8.4,0.0,0.5,Active
45e96c68-79e7-4aa6-ab24-0519471fe084,0.0,VERY LOW,APPROVE,12.933333333333334,0.0,0.5,Active
e4292a80-4ce1-48fe-b7cc-919c53fe2fee,34.56,LOW,APPROVE,18.0,3.0,0.6666666666666666,Active
e2f17f94-95d5-454c-960e-8aade7f7d1ee,87.47,VERY HIGH,REJECT,20.933333333333334,3.0,0.3333333333333333,Inactive
7e45a827-a51f-441f-99b9-385ec7e8ae82,0.98,VERY LOW,APPROVE,13.666666666666666,1.0,1.0,Inactive
a6a22e10-edb9-45a0-8ca4-15737bd9e2a9,0.17,VERY LOW,APPROVE,-0.03333333333333333,3.0,1.0,Inactive
860f27ab-2fe1-4f7c-ad25-fe6b99e3f264,0.0,VERY LOW,APPROVE,16.433333333333334,0.0,0.5,Active
dbbaec02-f6c4-4e69-a83e-34aba0220a48,1.39,VERY LOW,APPROVE,23.666666666666668,4.0,1.0,Active
4d51eb27-e2b2-457e-99fe-746fe7802096,0.0,VERY LOW,APPROVE,12.633333333333333,2.0,1.0,Active
3306323c-e792-4c4d-b8af-e67f77cb7878,54.72,MEDIUM,APPROVE WITH CAUTION,20.133333333333333,1.0,0.0,Inactive
fc88ef71-93bd-43c6-8026-2bfa6880f6a5,0.0,VERY LOW,APPROVE,-1.4333333333333333,0.0,0.5,Inactive
b6e85f6c-b512-4d39-a087-c735cef68acc,0.0,VERY LOW,APPROVE,5.133333333333334,0.0,0.5,Terminated
1a690d2a-618e-4ae7-bdd2-c88a70b9f550,1.46,VERY LOW,APPROVE,12.366666666666667,3.0,1.0,Terminated
6158c2c0-2a0c-47f2-814f-48b99095d33b,73.72,HIGH,REJECT,31.433333333333334,3.0,0.6666666666666666,Active
f8d9cea3-683a-415a-ad3f-d868aa9b41cf,0.0,VERY LOW,APPROVE,13.366666666666667,0.0,0.5,Active
fee5df33-339b-4d9f-b530-21a1c58840ef,74.41,HIGH,REJECT,23.166666666666668,4.0,0.75,Active
2cd6c011-2024-40f4-95b0-526cd395a8c1,0.76,VERY LOW,APPROVE,34.333333333333336,1.0,1.0,Terminated
499e636e-d13c-4429-ac18-06b183db6cec,79.41,HIGH,REJECT,7.733333333333333,1.0,0.0,Terminated
bba3dd49-355f-48fb-8f97-44862a3a91bc,90.2,VERY HIGH,REJECT,24.966666666666665,4.0,0.5,Inactive
68c85228-5a57-46a4-94ab-c145ae61b9c5,76.9,HIGH,REJECT,12.6,2.0,0.0,Active
5738d8e8-dbb9-41e1-99d8-dddfd3b55573,0.0,VERY LOW,APPROVE,28.8,0.0,0.5,Terminated
566e4750-2991-497f-9b51-66de71303045,80.26,VERY HIGH,REJECT,30.3,4.0,0.5,Active
a0a0034c-0bb8-4648-8f5d-1ef13e54c9e3,0.17,VERY LOW,APPROVE,3.1666666666666665,2.0,1.0,Inactive
4a8e9b1d-1316-4cb3-90ef-f4d40f9a2d3e,0.0,VERY LOW,APPROVE,19.1,0.0,0.5,Active
b0863617-9f67-4f2a-af73-40adc44b6b3a,45.34,MEDIUM,APPROVE WITH CAUTION,12.166666666666666,3.0,0.6666666666666666,Active
3a56f6b2-a649-4d4d-86d5-104c08b0fe5b,54.88,MEDIUM,APPROVE WITH CAUTION,15.4,4.0,0.75,Inactive
56a80b5c-81eb-4465-9d46-a004d1ee8578,0.27,VERY LOW,APPROVE,2.1,1.0,1.0,Active
3a41d06f-25e2-4f63-838c-5e89d6128a30,82.11,VERY HIGH,REJECT,-0.23333333333333334,5.0,0.6,Active
ec68c936-1999-47e3-b0a0-796d44dcddc4,0.0,VERY LOW,APPROVE,0.9666666666666667,0.0,0.5,Active
cf4337fa-8a0b-4164-98a2-91f449945ee5,2.31,VERY LOW,APPROVE,23.033333333333335,2.0,1.0,Active
6b8782a8-f024-4bb0-933a-9d659c43e8ab,63.67,HIGH,REJECT,26.9,4.0,0.75,Active
560881e9-e43f-413f-8a5f-e6b0c46c2053,50.48,MEDIUM,APPROVE WITH CAUTION,-0.7,3.0,0.6666666666666666,Active
883dd95c-c77b-4a3f-aca7-4a3b30209182,49.28,MEDIUM,APPROVE WITH CAUTION,3.6666666666666665,5.0,0.8,Active
c2c7db68-031d-4a08-9fe3-3bc9d5c8be70,0.17,VERY LOW,APPROVE,5.466666666666667,1.0,1.0,Active
a3c3006c-34f2-4211-b3a6-5f82d7cd012a,0.78,VERY LOW,APPROVE,16.333333333333332,4.0,1.0,Terminated
4296c9d1-87df-44a1-9b5d-949428c69828,71.0,HIGH,REJECT,5.033333333333333,3.0,0.3333333333333333,Active
f8331723-5ed5-40d1-a89b-2f84be7d3f77,89.5,VERY HIGH,REJECT,0.3,5.0,0.4,Active
e7dd03d6-8ddc-45d0-80e1-96560e077c15,0.0,VERY LOW,APPROVE,32.8,0.0,0.5,Active
fe1fa92b-c9a9-4c42-8065-1c433eaf7e1d,0.0,VERY LOW,APPROVE,11.033333333333333,1.0,1.0,Terminated
ba7f433e-ae24-4bc6-9b15-89509ce66fcb,0.0,VERY LOW,APPROVE,14.266666666666667,0.0,0.5,Active
5539300c-53b3-4b67-8c43-e66a285f8b2a,0.21,VERY LOW,APPROVE,5.566666666666666,1.0,1.0,Inactive
60b7fa78-3c1d-4ba4-90aa-bfb8a180b439,0.45,VERY LOW,APPROVE,-1.0666666666666667,2.0,1.0,Active
7110df7a-c395-4eca-8f97-197337647aa9,56.93,MEDIUM,APPROVE WITH CAUTION,31.7,4.0,0.75,Active
c4c1c1da-3f82-419e-8ba3-9ac507deb7cf,0.0,VERY LOW,APPROVE,0.03333333333333333,0.0,0.5,Active
3759a671-e824-4dcd-82ac-b09ea836e0c6,87.59,VERY HIGH,REJECT,29.266666666666666,3.0,0.3333333333333333,Inactive
dfdfecab-8312-431b-b9d2-3af4ce8ec88a,39.28,LOW,APPROVE,32.666666666666664,2.0,0.5,Active
0cbe107f-04c9-4481-a0d2-92b99a045e4d,0.0,VERY LOW,APPROVE,8.466666666666667,1.0,1.0,Active
4637cc82-c590-458e-bae6-031f859670ef,0.0,VERY LOW,APPROVE,10.266666666666667,0.0,0.5,Active
abb4f3d9-7277-4acf-9305-3faf68e1c1b7,0.33,VERY LOW,APPROVE,10.333333333333334,5.0,1.0,Active
902ebe08-a4da-4c3f-930f-acfe06e62586,79.55,HIGH,REJECT,11.2,3.0,0.3333333333333333,Active
58b8df66-b34d-4c15-83a4-ebb9928f066d,0.0,VERY LOW,APPROVE,6.8,3.0,1.0,Active
7b13380f-aae7-4305-b961-ebbaa3fd4669,0.0,VERY LOW,APPROVE,7.8,0.0,0.5,Active
b01a5239-13d8-4aed-865f-06b9139d0cd9,87.02,VERY HIGH,REJECT,22.866666666666667,4.0,0.5,Active
efe3afb9-b52e-4e13-b592-cce07349d944,61.18,HIGH,REJECT,6.166666666666667,5.0,0.8,Active
2be9d668-41aa-47a4-af95-df35e0c3e013,0.0,VERY LOW,APPROVE,11.766666666666667,0.0,0.5,Active
8680c3b2-79a1-4c16-96c6-be87581bf332,0.0,VERY LOW,APPROVE,8.233333333333333,1.0,1.0,Inactive
04d39c20-14f0-48a2-a828-ce4a88a30cd4,53.5,MEDIUM,APPROVE WITH CAUTION,4.9,4.0,0.75,Inactive
43438156-d5d5-4b6c-811a-36c9eed5e297,76.25,HIGH,REJECT,1.3333333333333333,5.0,0.6,Inactive
f446b1a6-9353-477b-bee9-eb7901f25b06,86.34,VERY HIGH,REJECT,21.066666666666666,4.0,0.0,Active
f9791c2b-1a4c-4f02-a4a8-ab3c91f9bc77,0.0,VERY LOW,APPROVE,11.966666666666667,3.0,1.0,Active
eb85853e-0290-4717-9f9d-bdcac5ae42f8,0.8,VERY LOW,APPROVE,1.9,1.0,1.0,Active
0b8b2530-b81d-48dc-a2f2-e47d0b0dc9d5,0.0,VERY LOW,APPROVE,11.433333333333334,0.0,0.5,Terminated
249b0ff6-5900-43dc-b5cd-6bfdc03f1d1b,1.69,VERY LOW,APPROVE,12.866666666666667,3.0,1.0,Active
480d6370-b471-444e-94b5-0bb6326c6737,66.49,HIGH,REJECT,26.833333333333332,5.0,0.8,Active
2e9125e6-e9e9-47e9-acff-ebe0d1a598c6,71.62,HIGH,REJECT,25.233333333333334,4.0,0.75,Inactive
3063eb15-474f-4316-bc79-a704e67437dd,60.65,HIGH,REJECT,2.433333333333333,3.0,0.6666666666666666,Active
82595d55-05a6-4545-a5d7-ed295734fa4d,86.26,VERY HIGH,REJECT,20.333333333333332,5.0,0.6,Active
8ba55406-1bb7-42cb-88be-01f359d5c481,83.86,VERY HIGH,REJECT,19.966666666666665,4.0,0.75,Inactive
42c81222-3367-4948-a44a-655e6eb91a4d,0.29,VERY LOW,APPROVE,30.366666666666667,3.0,1.0,Inactive
6fc3c6ce-7450-4dfb-96c1-9057b29dca66,0.0,VERY LOW,APPROVE,14.666666666666666,0.0,0.5,Active
59f70efc-eb1a-4c1c-9166-24aa415a8ba0,0.0,VERY LOW,APPROVE,3.433333333333333,0.0,0.5,Active
bfd2d9be-7add-4b5c-bf76-937453628bcf,2.2,VERY LOW,APPROVE,-1.0,4.0,1.0,Active
db69236f-596a-442b-a8f3-8df53fceac01,0.0,VERY LOW,APPROVE,20.2,2.0,1.0,Active
498d1840-bf91-4371-99f8-335c350f6231,48.56,MEDIUM,APPROVE WITH CAUTION,18.933333333333334,2.0,0.5,Active
8c74a592-41c3-480b-9244-894ced44776b,87.65,VERY HIGH,REJECT,7.833333333333333,4.0,0.5,Active
09443641-b025-4940-94f1-3778436a5f8a,82.48,VERY HIGH,REJECT,-0.43333333333333335,4.0,0.5,Active
c927252e-d389-43b3-a0a6-80aa1fb14ee6,0.0,VERY LOW,APPROVE,16.033333333333335,0.0,0.5,Active
eea54c31-0c2e-4d4a-b03d-2d1d1c63bdec,0.17,VERY LOW,APPROVE,26.666666666666668,1.0,1.0,Active
59ca2cb2-975e-4a13-a594-98fe5a9b48fd,0.59,VERY LOW,APPROVE,14.133333333333333,2.0,1.0,Active
869f4d9d-7b32-4a87-b8c4-7ed1699c7f43,0.0,VERY LOW,APPROVE,11.566666666666666,2.0,1.0,Active
3673d35c-3ca9-4e0e-9d1b-7a1f9d1f1fc8,0.54,VERY LOW,APPROVE,7.366666666666666,4.0,1.0,Terminated
08ced9bb-f104-4e94-b845-3affcdd3211d,46.91,MEDIUM,APPROVE WITH CAUTION,4.466666666666667,3.0,0.6666666666666666,Inactive
dbb6d96d-bfed-4328-8459-0f969c7de780,0.37,VERY LOW,APPROVE,-0.4666666666666667,1.0,1.0,Active
018267ff-925a-4195-be73-e3f17af276ea,87.48,VERY HIGH,REJECT,24.033333333333335,5.0,0.6,Active
06588f1b-7886-4378-9232-75618eddf08b,90.48,VERY HIGH,REJECT,33.43333333333333,5.0,0.6,Inactive
dee77fa5-ce91-4094-bdd4-325cc31b94fe,0.0,VERY LOW,APPROVE,3.9,0.0,0.5,Active
d682c2e5-63eb-452b-bb59-8ef470938f0b,68.49,HIGH,REJECT,4.1,4.0,0.75,Active
de1639e8-ade8-4a92-814b-1d9039af548c,66.9,HIGH,REJECT,4.9,1.0,0.0,Active
5306791c-9a0e-4b12-b758-75740ff40907,0.0,VERY LOW,APPROVE,24.733333333333334,0.0,0.5,Active
1225e01e-9898-474e-83b7-b6d56bc09367,0.0,VERY LOW,APPROVE,18.6,0.0,0.5,Active
efc7f4ef-40bc-4df9-a303-0b5161b61a70,0.0,VERY LOW,APPROVE,20.366666666666667,3.0,1.0,Active
86237033-4d13-4b31-b6b3-09299eadce44,78.18,HIGH,REJECT,15.466666666666667,5.0,0.8,Active
1845c752-709b-4ff8-9553-c56de7c049a1,81.71,VERY HIGH,REJECT,19.4,4.0,0.5,Active
8efde179-2afa-4842-b18f-2719d0e7df79,0.95,VERY LOW,APPROVE,30.2,5.0,1.0,Inactive
b48dee23-ad22-4393-a7f0-2749a423b611,0.0,VERY LOW,APPROVE,34.56666666666667,0.0,0.5,Active
fdaedccc-33df-446b-89ea-6db45317a30d,0.0,VERY LOW,APPROVE,16.5,0.0,0.5,Active
88b65e1d-51c3-4daf-b099-6884b5f22252,48.65,MEDIUM,APPROVE WITH CAUTION,4.333333333333333,4.0,0.75,Active
5d0705b9-b286-4713-8e6d-b5f524f43966,53.98,MEDIUM,APPROVE WITH CAUTION,0.36666666666666664,2.0,0.5,Active
2aae9a5f-793b-44f9-88b0-c12cb47b16ee,4.13,VERY LOW,APPROVE,23.766666666666666,5.0,1.0,Active
7d5f7f27-656b-443a-9934-3548c41716cc,0.0,VERY LOW,APPROVE,23.8,2.0,1.0,Active
21553fe4-53ad-4d08-8e90-700870ecc995,84.65,VERY HIGH,REJECT,4.3,4.0,0.5,Inactive
9809d069-85ca-453e-988d-f5710b05eb8f,57.96,MEDIUM,APPROVE WITH CAUTION,19.7,3.0,0.3333333333333333,Active
0af89955-e285-4839-b608-cf62847bdc36,0.0,VERY LOW,APPROVE,-0.9,0.0,0.5,Active
f2a91211-5a94-40cd-ad20-7b40228874e8,0.0,VERY LOW,APPROVE,32.96666666666667,0.0,0.5,Active
3c4bf696-2362-47cc-a0f1-dc12d980397c,0.0,VERY LOW,APPROVE,4.333333333333333,0.0,0.5,Active
c120e8da-08cf-4e05-8281-6b073c0f601c,0.0,VERY LOW,APPROVE,13.266666666666667,0.0,0.5,Active
fdf12ef6-85cb-4cad-a5a6-2b798db3fbb0,81.65,VERY HIGH,REJECT,21.4,5.0,0.6,Inactive
1dfa50ba-1648-45da-ac24-f4af5b4995f9,0.0,VERY LOW,APPROVE,7.766666666666667,2.0,1.0,Terminated
1398d261-38a9-4ad4-9e00-58ef0c9fd705,0.0,VERY LOW,APPROVE,9.733333333333333,1.0,1.0,Inactive
318a24ea-78c8-47ce-b3cb-4518be10ae9b,0.17,VERY LOW,APPROVE,24.866666666666667,1.0,1.0,Active
4e534153-81a7-49aa-930d-33db0e23432e,0.0,VERY LOW,APPROVE,4.633333333333334,0.0,0.5,Active
c514f56f-06e2-4d13-8d66-4b426456d179,74.69,HIGH,REJECT,15.5,2.0,0.5,Active
e4a88e9b-0982-48b1-9fd1-8a175d90f92c,0.0,VERY LOW,APPROVE,32.9,0.0,0.5,Active
7902521d-aca6-478a-959e-c3c93a362204,90.92,VERY HIGH,REJECT,33.63333333333333,4.0,0.25,Active
fcb435cd-8ebc-480e-9f34-ddaedb747f04,76.68,HIGH,REJECT,21.166666666666668,4.0,0.75,Inactive
9b45bc5e-dc54-4d96-b897-1aff7eb06d73,0.0,VERY LOW,APPROVE,3.6666666666666665,1.0,1.0,Active
3df2cf96-0611-427d-ac9d-f7b25c93a2d3,0.0,VERY LOW,APPROVE,22.633333333333333,0.0,0.5,Inactive
ef10bc94-cf64-4a4e-a82a-0a6ed0bc629a,54.99,MEDIUM,APPROVE WITH CAUTION,30.566666666666666,5.0,0.8,Active
e0c55eed-6c71-45d8-9fa2-1fb62ef2376d,0.17,VERY LOW,APPROVE,6.8,2.0,1.0,Active
fc12c746-8e2c-4fa7-a0e1-de5cd0347f9d,0.0,VERY LOW,APPROVE,13.3,0.0,0.5,Active
59e0a3f1-9fe2-4c93-95e9-3a6586b3f926,0.0,VERY LOW,APPROVE,28.0,1.0,1.0,Active
db7fc547-090c-43d9-894f-14f804d10048,72.34,HIGH,REJECT,17.7,4.0,0.75,Inactive
0bdaeb61-423d-4056-9d89-53c4b82d40a4,71.82,HIGH,REJECT,2.966666666666667,5.0,0.8,Active
297fb920-66da-4f11-817d-5a28d076ddcb,57.75,MEDIUM,APPROVE WITH CAUTION,15.9,2.0,0.5,Active
4ea39d46-9518-4b1b-8358-04ac73dab6f5,88.59,VERY HIGH,REJECT,29.1,2.0,0.0,Terminated
2ce72125-7e02-4ab1-ac4a-1f8612f07609,86.64,VERY HIGH,REJECT,30.633333333333333,5.0,0.4,Active
0553720b-9dcb-4ed0-a6e5-73cdc19d899a,0.17,VERY LOW,APPROVE,20.233333333333334,3.0,1.0,Active
befa5599-4782-4dff-94b0-4f756055e065,89.08,VERY HIGH,REJECT,33.166666666666664,4.0,0.5,Active
da342f53-70f7-4895-a0a4-b4c58f41047a,0.17,VERY LOW,APPROVE,25.8,2.0,1.0,Active
066756d5-2999-4879-8f87-85cfa2cf4983,0.54,VERY LOW,APPROVE,18.5,5.0,1.0,Active
224a1e0f-ec9f-4e94-b2ef-59de3c90d890,65.74,HIGH,REJECT,7.333333333333333,5.0,0.6,Active
cc38087f-a72c-49cb-bba4-e24d623cca98,66.93,HIGH,REJECT,20.333333333333332,3.0,0.6666666666666666,Active
6f0bb9f5-fba6-4408-b54a-d6751bc5ace2,71.01,HIGH,REJECT,26.633333333333333,4.0,0.75,Active
d747d3a6-c60a-44d2-91a6-ac925beef2df,78.54,HIGH,REJECT,27.566666666666666,3.0,0.6666666666666666,Active
968d796c-d4ae-454a-9850-de32552c79b0,0.0,VERY LOW,APPROVE,21.633333333333333,2.0,1.0,Inactive
0cb8ff71-3b13-4b4a-ba44-e951abea06b3,86.69,VERY HIGH,REJECT,18.1,5.0,0.4,Active
30c59ed2-e77c-4929-a717-90d6d27d97d4,0.0,VERY LOW,APPROVE,1.3333333333333333,3.0,1.0,Inactive
ce38fc50-11c6-4efe-8336-801b390ead40,0.0,VERY LOW,APPROVE,30.966666666666665,0.0,0.5,Active
97ba7890-994f-43c6-8be6-2c6eb9b2fea4,0.0,VERY LOW,APPROVE,15.433333333333334,4.0,1.0,Terminated
697a1d37-90b3-46a0-85d6-fad47fb87ee2,90.31,VERY HIGH,REJECT,16.833333333333332,4.0,0.5,Inactive
99d4ccf5-6d56-4902-bad7-57b60ce9e314,80.5,VERY HIGH,REJECT,13.633333333333333,2.0,0.0,Inactive
a6944980-f905-4120-ba9c-b69bb069a9b6,89.26,VERY HIGH,REJECT,34.166666666666664,5.0,0.6,Active
bb8f50fb-9d4e-482c-a227-04c3d62f9cda,78.97,HIGH,REJECT,27.7,1.0,0.0,Active
2c4ee2c0-6efc-4897-b98e-8176c4327314,75.07,HIGH,REJECT,0.43333333333333335,2.0,0.5,Active
404021dd-04f1-425a-973d-0a896b313c49,90.09,VERY HIGH,REJECT,15.166666666666666,3.0,0.3333333333333333,Terminated
e0658a30-6a93-4a40-bcb9-5a788b1b677b,69.54,HIGH,REJECT,4.066666666666666,5.0,0.6,Active
28c080a7-01d5-47d7-a526-e1ec765263ae,0.0,VERY LOW,APPROVE,28.866666666666667,0.0,0.5,Active
fe8c13e6-cd3b-4339-8abc-b27af13d42e6,0.0,VERY LOW,APPROVE,10.133333333333333,3.0,1.0,Inactive
a8b3194c-9767-43fe-90eb-47891d6eecff,0.0,VERY LOW,APPROVE,34.333333333333336,0.0,0.5,Terminated
9682751a-7c1a-461d-998e-e235953a478d,82.6,VERY HIGH,REJECT,33.233333333333334,2.0,0.5,Terminated
73e25980-50c0-48b3-9719-f804602629b1,1.8,VERY LOW,APPROVE,2.1666666666666665,1.0,1.0,Active
05902839-b934-4afd-be7b-ca01b40619b3,86.35,VERY HIGH,REJECT,5.1,3.0,0.3333333333333333,Active
699652b6-816d-4152-8f07-40f072b943f3,0.54,VERY LOW,APPROVE,-0.6333333333333333,2.0,1.0,Inactive
e4530d88-68a2-444c-8a90-5b04714401b1,28.14,LOW,APPROVE,18.066666666666666,1.0,0.0,Active
ac373775-b7e6-47a3-b33d-9ff8a03835da,84.67,VERY HIGH,REJECT,1.4333333333333333,2.0,0.5,Active
51f2e68c-4373-42ec-b906-e2f7732b02be,86.31,VERY HIGH,REJECT,2.3,4.0,0.5,Active
2b5ab731-8afc-4e8b-a41a-225b80327c59,90.91,VERY HIGH,REJECT,2.3666666666666667,4.0,0.5,Active
aa7fd32b-628a-47a0-a4e2-97e99e620572,83.4,VERY HIGH,REJECT,17.066666666666666,4.0,0.5,Inactive
76719804-d364-4041-9c4d-42af9f15614b,70.21,HIGH,REJECT,31.766666666666666,4.0,0.75,Terminated
40659617-21ca-45f2-85bb-a3c7ba04c537,84.77,VERY HIGH,REJECT,11.7,5.0,0.6,Inactive
adad162b-c811-4235-a92a-8f9450190b87,87.89,VERY HIGH,REJECT,14.733333333333333,4.0,0.25,Active
153960dd-bfaf-4796-8c9c-25f5d9d506e1,80.26,VERY HIGH,REJECT,32.63333333333333,5.0,0.8,Active
30b685ea-935a-45a9-b409-4bcaec0c1378,0.0,VERY LOW,APPROVE,-1.4333333333333333,0.0,0.5,Inactive
399d6068-b51b-4a33-b07c-7fd5d69f12b3,91.29,VERY HIGH,REJECT,24.866666666666667,3.0,0.3333333333333333,Terminated
24eda88e-4a16-4456-8715-951005520036,65.07,HIGH,REJECT,6.033333333333333,5.0,0.8,Active
0736c199-adcd-4323-a3fa-a85e61878831,0.0,VERY LOW,APPROVE,10.833333333333334,3.0,1.0,Terminated
67f2e045-dd22-4362-814f-514af2943852,0.0,VERY LOW,APPROVE,28.033333333333335,0.0,0.5,Active
8be7755f-243e-4291-b009-f0798dcf74fe,80.88,VERY HIGH,REJECT,3.966666666666667,3.0,0.0,Active
f1dabca4-41c0-4a0b-a7ab-711e3f7c39d8,1.22,VERY LOW,APPROVE,16.566666666666666,1.0,1.0,Inactive
137a4dc7-0f61-42c4-a6e2-607c678507b2,67.83,HIGH,REJECT,28.233333333333334,2.0,0.5,Terminated
2b9f4d65-6d79-4d36-b3ba-1b8c0a942aa3,88.82,VERY HIGH,REJECT,20.466666666666665,4.0,0.5,Active
978b8e67-2a5c-43a4-9f81-e617de0cb711,62.39,HIGH,REJECT,1.6666666666666667,4.0,0.5,Active
d4ce2cd5-0231-404d-993c-2287762bb9da,62.79,HIGH,REJECT,25.066666666666666,4.0,0.75,Inactive
984c6e11-d066-40c0-81f3-0d060ab630c0,0.0,VERY LOW,APPROVE,33.63333333333333,0.0,0.5,Active
ebd090d1-0e64-4d6d-bd8b-1c9bce4cd8cd,54.41,MEDIUM,APPROVE WITH CAUTION,24.066666666666666,1.0,0.0,Inactive
67bf844f-0893-4f03-8013-a62f61c1e9d1,0.0,VERY LOW,APPROVE,4.733333333333333,0.0,0.5,Active
58efcd19-e506-441f-adc9-0bc41b6ff1a6,0.44,VERY LOW,APPROVE,8.133333333333333,2.0,1.0,Active
92eef6f9-7bb5-4033-afc0-0a8b1928019b,77.75,HIGH,REJECT,22.766666666666666,4.0,0.5,Active
e915cf2c-e3f2-478a-8e6c-386bfed81f91,0.0,VERY LOW,APPROVE,34.666666666666664,0.0,0.5,Terminated
b4d207e5-f167-46f1-82cc-c9822d4ff9b9,0.17,VERY LOW,APPROVE,13.0,2.0,1.0,Active
c3fc745d-97cf-4c7f-92c8-11e65273c4cb,68.24,HIGH,REJECT,31.6,4.0,0.5,Active
959542f8-1bfd-46b5-8f27-b06ea6e043dc,0.0,VERY LOW,APPROVE,-1.2666666666666666,0.0,0.5,Active
5d88e47e-a78c-473b-b7e6-8c1db581e953,70.55,HIGH,REJECT,4.466666666666667,2.0,0.0,Terminated
fdbc20ff-ee9c-49b0-8727-f6406e23421a,0.0,VERY LOW,APPROVE,30.733333333333334,0.0,0.5,Terminated
3958f461-6aaf-4b25-8bc6-8e4ff063f886,44.16,MEDIUM,APPROVE WITH CAUTION,8.033333333333333,2.0,0.5,Active
411bc82c-5a41-4e16-977f-20296ce39798,75.57,HIGH,REJECT,18.533333333333335,2.0,0.5,Active
1cf38908-8ae8-4add-ac4d-823f3ea97b71,0.0,VERY LOW,APPROVE,29.133333333333333,0.0,0.5,Active
302e19bd-7b61-4031-a60b-b2a770adbf78,62.37,HIGH,REJECT,14.8,4.0,0.75,Terminated
eb2eaa6c-7577-4fc6-ba90-d3b38b76739a,0.0,VERY LOW,APPROVE,18.9,2.0,1.0,Active
701ae3dd-c041-4bd7-8022-b8634af9df57,64.32,HIGH,REJECT,11.0,4.0,0.75,Terminated
55f6d7fe-d8db-4d6f-8400-a340cdfe83c1,62.02,HIGH,REJECT,31.133333333333333,1.0,0.0,Active
badcb495-57b0-4f78-bef9-2c52a2bd4e56,2.43,VERY LOW,APPROVE,0.6,4.0,1.0,Active
e360c116-e10f-4125-baeb-d3940391a848,0.0,VERY LOW,APPROVE,15.433333333333334,0.0,0.5,Terminated
e95b7881-3806-4ff0-a29e-44fbd274ee4a,0.0,VERY LOW,APPROVE,21.2,0.0,0.5,Active
b26320f8-010b-425c-8b88-1166d871c7ae,0.0,VERY LOW,APPROVE,2.2,0.0,0.5,Terminated
4f67ac20-444a-4e8c-ad41-ca047ac6b922,0.0,VERY LOW,APPROVE,3.7666666666666666,0.0,0.5,Active
1750b976-4fa3-4e5b-ba91-4002f162b0c7,0.0,VERY LOW,APPROVE,15.633333333333333,2.0,1.0,Active
e4f83742-7200-475a-be08-16f98ea8454f,0.17,VERY LOW,APPROVE,26.3,2.0,1.0,Terminated
4e695a04-8ea0-4afb-93ab-9d6989cd3b1f,74.76,HIGH,REJECT,23.933333333333334,5.0,0.6,Active
f2e4bed2-3100-4f6a-8240-11b9ed0f064e,0.0,VERY LOW,APPROVE,28.766666666666666,0.0,0.5,Terminated
a16e2164-640d-40c4-82f1-1b6e25a1a926,0.0,VERY LOW,APPROVE,19.166666666666668,0.0,0.5,Active
f1c19b02-881f-459e-bcf7-85df716428e1,0.0,VERY LOW,APPROVE,30.833333333333332,0.0,0.5,Active
231b7bac-1d74-4e90-aa87-aceea93cd6dc,50.94,MEDIUM,APPROVE WITH CAUTION,-1.3666666666666667,4.0,0.75,Active
9d9dfa01-7a3f-4cc7-92a8-85d211c8ee75,71.69,HIGH,REJECT,32.9,2.0,0.0,Active
a6cde5bb-1c08-4373-92bd-7d21cd12eb5e,61.48,HIGH,REJECT,34.4,2.0,0.5,Active
e146b9e2-1808-40d1-832a-97d7347a6c4d,0.0,VERY LOW,APPROVE,5.1,0.0,0.5,Active
a424a38c-49c8-4660-8949-30b9da96d770,77.38,HIGH,REJECT,3.2333333333333334,5.0,0.4,Terminated
1ea228ec-6a3f-4c15-9a68-34c356e81584,73.09,HIGH,REJECT,0.26666666666666666,3.0,0.6666666666666666,Active
17f37dde-3a1f-4326-aa28-2e6fc50194a1,0.0,VERY LOW,APPROVE,24.833333333333332,0.0,0.5,Terminated
2b98e6e7-577a-4064-8273-583a14fec238,1.56,VERY LOW,APPROVE,32.666666666666664,2.0,1.0,Active
6fe4dac5-9259-4d54-ba60-eadf39ec59c5,86.56,VERY HIGH,REJECT,15.7,2.0,0.0,Terminated
0a6eadf6-a2f8-4fef-9a96-a0e9a7356ad2,71.53,HIGH,REJECT,7.4,1.0,0.0,Active
87d4f1bc-74f2-4e8c-b532-3a67e6eb7233,0.0,VERY LOW,APPROVE,14.433333333333334,0.0,0.5,Active
06dfa055-7ce9-4f88-8e55-87c8efd4f151,0.0,VERY LOW,APPROVE,19.9,2.0,1.0,Active
7b887269-1874-42a7-84e2-5b22fa41d44f,48.06,MEDIUM,APPROVE WITH CAUTION,31.133333333333333,5.0,0.8,Active
fc64ecbb-b6b2-4c9f-b605-70afb561689b,0.0,VERY LOW,APPROVE,5.666666666666667,0.0,0.5,Active
30083838-514d-4b65-bc50-6d8511573998,0.0,VERY LOW,APPROVE,11.3,1.0,1.0,Active
83cfba84-0277-401a-bec4-5f8504cf78e1,0.0,VERY LOW,APPROVE,20.966666666666665,0.0,0.5,Active
4f8f26ed-b009-4060-b6b8-e8a18ab669fa,0.0,VERY LOW,APPROVE,16.2,0.0,0.5,Inactive
5fc68934-d501-4c32-8976-19bbda5ac209,87.17,VERY HIGH,REJECT,33.43333333333333,4.0,0.5,Terminated
3c918d31-f635-46fe-b959-c4bbb652c828,0.0,VERY LOW,APPROVE,34.3,0.0,0.5,Inactive
132c28d5-10ad-4eb0-9c03-e1d5343560a3,87.01,VERY HIGH,REJECT,19.466666666666665,5.0,0.6,Inactive
469c07c0-c636-41df-b8f9-cbfdaefdd526,0.0,VERY LOW,APPROVE,4.466666666666667,0.0,0.5,Active
cfa36ec8-0955-4aca-916c-56e1ecef0135,79.53,HIGH,REJECT,20.266666666666666,5.0,0.6,Active
b8a2ed3b-d55f-4f84-bba9-1c35d34d2360,77.72,HIGH,REJECT,12.4,4.0,0.75,Active
1f14a79c-f943-41a7-8c5a-f922a4811cea,64.08,HIGH,REJECT,9.5,1.0,0.0,Active
3d04824a-78d3-462a-bd7c-88414d47826d,0.0,VERY LOW,APPROVE,16.6,2.0,1.0,Inactive
182c4767-0024-44f4-81fc-8b46073c0eaf,68.55,HIGH,REJECT,13.133333333333333,5.0,0.8,Inactive
e462105a-eb50-4b95-9206-3e67d301ce40,0.0,VERY LOW,APPROVE,9.4,1.0,1.0,Active
4c6c186d-228e-4c52-8208-051e7ea9ec9f,1.56,VERY LOW,APPROVE,-1.1666666666666667,3.0,1.0,Active
bb4d20b9-0673-4075-8281-db7c46835724,56.99,MEDIUM,APPROVE WITH CAUTION,25.5,4.0,0.75,Active
a1b0682c-3413-4371-9ccd-1922e21efed5,68.22,HIGH,REJECT,11.466666666666667,3.0,0.6666666666666666,Active
7d8167d1-f6ac-4eb2-8bc0-0f0852d10a00,64.72,HIGH,REJECT,3.3666666666666667,2.0,0.5,Active
7adade5f-4fbc-4748-832c-de84e2a7f4ec,0.0,VERY LOW,APPROVE,4.4,0.0,0.5,Terminated
e79ded9a-cfc4-4694-86c2-86178f9eefd0,90.85,VERY HIGH,REJECT,31.933333333333334,4.0,0.5,Active
fad4a54f-2d83-4489-a1eb-fba9da3443e7,89.36,VERY HIGH,REJECT,17.433333333333334,5.0,0.2,Active
17245624-cf18-4d7a-89f0-72690e92b333,0.0,VERY LOW,APPROVE,27.166666666666668,0.0,0.5,Active
38a15abe-7aca-4061-9e69-5dd8cceb9145,0.0,VERY LOW,APPROVE,6.833333333333333,0.0,0.5,Active
a7adb198-2246-4a70-8ae0-cae776873321,81.8,VERY HIGH,REJECT,8.233333333333333,2.0,0.0,Active
d74c60ed-ac37-4897-82ea-9827d194d2de,0.0,VERY LOW,APPROVE,19.466666666666665,0.0,0.5,Terminated
4b3855ae-8fcc-4b6b-b81f-13c9e7ba25c9,1.0,VERY LOW,APPROVE,20.866666666666667,3.0,1.0,Inactive
91d1e0a0-d026-406c-9ebd-0eb77aadb07c,90.07,VERY HIGH,REJECT,29.6,3.0,0.3333333333333333,Inactive
ad0cd324-05da-475b-82fa-f15d7237d70a,0.0,VERY LOW,APPROVE,4.466666666666667,1.0,1.0,Active
c570137b-1d28-4806-89a7-5acbac6f3759,0.0,VERY LOW,APPROVE,0.6,0.0,0.5,Active
c7545918-375a-44bc-976b-bd707171693f,0.0,VERY LOW,APPROVE,14.966666666666667,0.0,0.5,Terminated
be00242e-26d5-4aa5-9389-4c658c733788,90.5,VERY HIGH,REJECT,15.866666666666667,4.0,0.25,Active
5210b409-b400-4d18-8896-f7d8ab32d4d6,0.0,VERY LOW,APPROVE,29.566666666666666,0.0,0.5,Inactive
a4d377f9-61b6-4ead-b173-5fcfa742473e,0.0,VERY LOW,APPROVE,30.9,3.0,1.0,Active
8a45549c-c84a-4eb5-82c0-adfec2d85d6c,0.0,VERY LOW,APPROVE,28.366666666666667,0.0,0.5,Inactive
a035ded6-4c99-4c1a-85be-b8f1c3b85d2b,0.0,VERY LOW,APPROVE,19.6,0.0,0.5,Active
9cdb2266-b097-456e-acf9-cf156c366226,74.09,HIGH,REJECT,27.333333333333332,3.0,0.6666666666666666,Active
8d855806-6784-4c71-b147-5212262ba72b,54.23,MEDIUM,APPROVE WITH CAUTION,31.933333333333334,5.0,0.8,Active
fddd8468-3f82-43ad-9513-9a107b527618,71.98,HIGH,REJECT,10.733333333333333,2.0,0.5,Active
6c0a6ad6-da8f-4279-8529-f3ba125379a8,84.63,VERY HIGH,REJECT,28.8,1.0,0.0,Inactive
1df746e5-625f-4b91-8ed2-ed5ac8289e45,0.17,VERY LOW,APPROVE,8.233333333333333,2.0,1.0,Active
7c5887a0-129e-4752-9140-f35d45a552d2,90.64,VERY HIGH,REJECT,22.1,5.0,0.6,Active
e3634340-93e5-4c47-9133-8191bc4062d3,0.0,VERY LOW,APPROVE,22.966666666666665,0.0,0.5,Active
82936ea3-09b5-4b49-a0ed-c275eb3647e4,0.0,VERY LOW,APPROVE,4.9,0.0,0.5,Inactive
0cb1859b-c1cf-4377-bfff-667e31a3082a,34.82,LOW,APPROVE,30.4,1.0,0.0,Terminated
a8372e25-7f5f-4e52-9f0a-ee205f035162,0.17,VERY LOW,APPROVE,18.633333333333333,2.0,1.0,Active
08c0ca4a-5cf5-4fa3-8159-8374a25f24d3,0.94,VERY LOW,APPROVE,33.03333333333333,2.0,1.0,Active
29cbf9a0-69a1-41e2-bdf6-a60f20cc7f6a,65.32,HIGH,REJECT,14.133333333333333,4.0,0.75,Active
3b90488c-ae07-4b45-8500-0034e922ed06,0.0,VERY LOW,APPROVE,20.3,2.0,1.0,Active
5f5a39e0-29e7-49c7-ab14-f389f397d95c,78.23,HIGH,REJECT,29.066666666666666,1.0,0.0,Terminated
0429ac41-03f7-459c-bb6a-7a6acf19f029,79.11,HIGH,REJECT,14.4,5.0,0.6,Terminated
726215b8-7816-4385-8c7a-fd12aabec5b7,0.24,VERY LOW,APPROVE,22.866666666666667,5.0,1.0,Active
2462f873-df9e-47ad-8166-d73ca279f6fb,0.0,VERY LOW,APPROVE,30.3,0.0,0.5,Inactive
f72dce11-e742-401f-b67e-f017f3d39941,79.07,HIGH,REJECT,18.066666666666666,5.0,0.8,Active
d9114620-828d-4e56-ab07-77a5e0dd9fd7,62.82,HIGH,REJECT,25.166666666666668,5.0,0.8,Active
aaabaede-de01-4eed-a24a-e044c12ca89f,84.91,VERY HIGH,REJECT,0.3333333333333333,4.0,0.5,Terminated
4e9da820-9127-4cc6-becc-857bc8674528,69.97,HIGH,REJECT,3.566666666666667,5.0,0.6,Terminated
94af27d0-6eb1-453d-85b1-dd84478e0e90,47.77,MEDIUM,APPROVE WITH CAUTION,2.3666666666666667,4.0,0.75,Active
b0af9455-6303-4237-ad41-8ef96d1e2cbc,75.87,HIGH,REJECT,18.866666666666667,4.0,0.75,Active
4531fd97-b507-44ee-8d4a-056e8ad94d5a,1.11,VERY LOW,APPROVE,25.8,2.0,1.0,Active
50ae0753-10d9-474e-a32b-e0995294c3e1,0.64,VERY LOW,APPROVE,14.166666666666666,5.0,1.0,Active
fc062c20-c34f-4ed8-85ed-f566c25381bb,67.41,HIGH,REJECT,0.0,1.0,0.0,Active
df932beb-734f-467f-844a-e4e418994acf,3.31,VERY LOW,APPROVE,32.3,4.0,1.0,Active
1417868d-b85b-42a2-96b3-2ca736a55882,71.16,HIGH,REJECT,14.9,3.0,0.6666666666666666,Terminated
1a2a525a-583f-4aa9-b0e4-1ad66af98339,0.0,VERY LOW,APPROVE,24.066666666666666,0.0,0.5,Inactive
30e73066-df22-4a01-9f33-cab328036895,0.0,VERY LOW,APPROVE,11.566666666666666,0.0,0.5,Active
3503acd6-915e-4210-abfb-60131ecee9c2,0.0,VERY LOW,APPROVE,33.7,0.0,0.5,Active
1d79059a-2717-47e1-88aa-25d6e4d1edca,0.0,VERY LOW,APPROVE,5.466666666666667,0.0,0.5,Active
74d7e5eb-1c81-482e-97c9-39e3e81d145c,85.22,VERY HIGH,REJECT,7.166666666666667,5.0,0.6,Terminated
67c37dd8-35ef-4009-8ce2-e4118284ecfb,0.0,VERY LOW,APPROVE,18.5,0.0,0.5,Inactive
02a23a0b-79c7-41f9-a860-37171f2f3855,69.94,HIGH,REJECT,8.4,1.0,0.0,Active
86682203-5301-458f-a09c-54518a59d963,1.13,VERY LOW,APPROVE,8.733333333333333,2.0,1.0,Active
5bfe3639-bb00-4f23-bdfd-d84260e9928c,0.0,VERY LOW,APPROVE,26.1,1.0,1.0,Inactive
5456febc-bb01-40ad-8b6d-522310824490,0.0,VERY LOW,APPROVE,6.366666666666666,0.0,0.5,Active
385ffa0d-7004-4d5b-b503-f2ef50acdb4d,0.0,VERY LOW,APPROVE,1.0,0.0,0.5,Inactive
a7043ad5-cf2d-4ffb-9fcd-92f9f775f156,0.0,VERY LOW,APPROVE,27.333333333333332,0.0,0.5,Terminated
5d1ecb07-6536-4a9b-9547-be5e3f7d5f5b,0.0,VERY LOW,APPROVE,6.633333333333334,0.0,0.5,Inactive
ddcc29bc-41bd-4146-9cd8-102d19f41a35,0.0,VERY LOW,APPROVE,19.566666666666666,0.0,0.5,Inactive
bb9ad464-1696-4499-bca0-9ae23ca4c90c,0.75,VERY LOW,APPROVE,22.833333333333332,1.0,1.0,Terminated
72531326-b304-41b4-81c1-495b5514ace4,62.09,HIGH,REJECT,5.5,4.0,0.75,Active
6aa024d8-ba37-4996-93ea-20d7bdc5406b,0.47,VERY LOW,APPROVE,34.666666666666664,4.0,1.0,Active
462f3e44-0e12-4027-9fcb-742d7d36331d,89.13,VERY HIGH,REJECT,-0.6333333333333333,4.0,0.25,Active
9ba172fe-2a65-44a1-8b62-1aaa10d9aa32,72.27,HIGH,REJECT,7.666666666666667,1.0,0.0,Active
9fe3f05d-6c5c-40ea-a3c6-2fe6b6a03008,62.26,HIGH,REJECT,29.1,3.0,0.6666666666666666,Active
0e4815b8-1301-4749-b7a4-3b203a1ccaeb,36.48,LOW,APPROVE,14.133333333333333,3.0,0.6666666666666666,Active
9e0c8808-5ff9-4c85-8646-c1d2a3312370,61.72,HIGH,REJECT,32.666666666666664,4.0,0.75,Terminated
56b54440-cdf1-4760-94b8-4a05caeca120,84.37,VERY HIGH,REJECT,26.333333333333332,5.0,0.4,Active
b8eab745-fac6-44af-948a-edd4598e7ea7,69.8,HIGH,REJECT,25.066666666666666,3.0,0.0,Active
36080d37-937f-46e4-814f-6a73f4c9eb82,60.12,HIGH,REJECT,30.766666666666666,3.0,0.6666666666666666,Active
651ef377-817c-427b-bb14-a89027e5e9ac,0.0,VERY LOW,APPROVE,27.866666666666667,0.0,0.5,Terminated
5e340b6d-d3d9-4ed2-a6da-c9e0a98896b1,2.21,VERY LOW,APPROVE,10.7,3.0,1.0,Active
191b7feb-086e-4c96-97b3-b9973a75aaed,2.97,VERY LOW,APPROVE,13.066666666666666,5.0,1.0,Active
055b5566-70e5-45fa-b4a2-2172872192da,0.0,VERY LOW,APPROVE,20.833333333333332,0.0,0.5,Inactive
e5acdae7-939a-4734-b4cc-91687779d187,65.02,HIGH,REJECT,3.533333333333333,5.0,0.8,Inactive
9f7b8521-d21d-4270-a275-405efa4c8d2d,0.0,VERY LOW,APPROVE,30.333333333333332,3.0,1.0,Active
b1fc010c-1b48-4cd2-a1f5-a8f3415d0749,89.03,VERY HIGH,REJECT,34.1,3.0,0.3333333333333333,Inactive
00957140-b633-46c4-8c8c-563dbb334968,0.0,VERY LOW,APPROVE,11.866666666666667,1.0,1.0,Inactive
2aa8df5a-9db3-4176-bb1e-459255a98d99,0.33,VERY LOW,APPROVE,18.0,3.0,1.0,Active
50084cd0-d0a3-4170-8af0-84419d937b56,0.0,VERY LOW,APPROVE,5.7,2.0,1.0,Active
a6f1743d-a9ab-43d5-9868-ae1c6f5fea9e,89.11,VERY HIGH,REJECT,16.933333333333334,5.0,0.6,Active
59b121c8-9df0-4633-82a9-2f67cbd536da,0.0,VERY LOW,APPROVE,18.266666666666666,0.0,0.5,Terminated
f24c8293-7739-4c01-9984-31323fdd307f,0.0,VERY LOW,APPROVE,5.766666666666667,3.0,1.0,Active
a9b9bfc6-1bf0-4d52-b380-42599fcd931f,0.0,VERY LOW,APPROVE,7.1,1.0,1.0,Active
eb290dba-fc2e-4a74-93ef-a963d2ab64d0,0.0,VERY LOW,APPROVE,10.3,0.0,0.5,Active
d6af28a2-62a8-45be-87a0-f4c7e3c01d07,1.42,VERY LOW,APPROVE,0.3,2.0,1.0,Active
f7b59e82-c377-41b3-a7c4-f76c26329c5b,69.78,HIGH,REJECT,23.566666666666666,2.0,0.5,Inactive
57a35599-a86c-4e4a-9fa9-814012a11c29,0.42,VERY LOW,APPROVE,29.433333333333334,1.0,1.0,Active
9a8958ce-665a-4927-830a-7df8c07f2210,0.78,VERY LOW,APPROVE,8.933333333333334,4.0,1.0,Terminated
3e753059-d410-45d8-978e-64a956afde9f,0.0,VERY LOW,APPROVE,31.033333333333335,4.0,1.0,Active
b88e4aa1-95e8-4f5e-ac86-18566c33e1e7,74.71,HIGH,REJECT,7.9,4.0,0.75,Inactive
327e4594-b436-4335-b596-334c549351ee,0.0,VERY LOW,APPROVE,27.5,5.0,1.0,Inactive
19b4b4d2-399d-4a3a-99a9-30e71197beed,0.0,VERY LOW,APPROVE,-0.6,0.0,0.5,Active
25369554-2211-48e1-a823-748ea0aae3e8,0.75,VERY LOW,APPROVE,0.13333333333333333,2.0,1.0,Active
0f9ff328-edae-4cc1-83ca-2bb26ea766b1,1.03,VERY LOW,APPROVE,-0.6666666666666666,4.0,1.0,Active
d3db1098-a00c-4594-a58b-8e2a180032fc,0.0,VERY LOW,APPROVE,5.8,0.0,0.5,Terminated
ef31fbf4-4d76-4ce2-97bc-8301c2c8249e,83.62,VERY HIGH,REJECT,4.333333333333333,5.0,0.2,Active
25c72ec1-e8af-4f61-bb89-8de4f0e60374,0.17,VERY LOW,APPROVE,22.433333333333334,5.0,1.0,Active
a471ddf9-2e6e-4395-b19b-9c42e4f0f4e7,0.0,VERY LOW,APPROVE,15.766666666666667,0.0,0.5,Terminated
8fe22bbd-36ca-4998-884e-db2ef01a3fa5,0.0,VERY LOW,APPROVE,20.233333333333334,1.0,1.0,Terminated
ee529081-7c58-4eb7-8fbb-90da0c927556,0.0,VERY LOW,APPROVE,-0.06666666666666667,0.0,0.5,Active
c6b1ac8d-66a2-4f67-aae2-4d6f0afebefe,4.64,VERY LOW,APPROVE,14.366666666666667,5.0,1.0,Active
a0995c41-bcfd-4b71-915d-daf3d0d10866,80.65,VERY HIGH,REJECT,20.633333333333333,5.0,0.6,Active
cb951056-d1c8-4d31-beef-7bd35dd8f108,0.0,VERY LOW,APPROVE,33.43333333333333,0.0,0.5,Active
260d5d8e-bb33-4030-b9f3-c046edd4dd17,0.0,VERY LOW,APPROVE,27.033333333333335,0.0,0.5,Active
a02abf7f-d194-43e7-9a80-d54d00e2215d,0.0,VERY LOW,APPROVE,18.833333333333332,0.0,0.5,Active
6e0871ad-1885-4ab4-a99d-0373b3c15ded,0.0,VERY LOW,APPROVE,24.033333333333335,3.0,1.0,Active
e04745c3-e2bd-427c-acb7-81c3d92ecab7,87.99,VERY HIGH,REJECT,0.7333333333333333,2.0,0.5,Active
8053283e-8925-4822-898f-43dcca4aeb93,86.81,VERY HIGH,REJECT,23.1,5.0,0.4,Active
71318cb0-5a79-4f5f-94f8-43d67e2a501f,84.91,VERY HIGH,REJECT,11.066666666666666,4.0,0.5,Active
c9389183-856d-44e5-bd99-5072c3c66a8a,69.83,HIGH,REJECT,20.633333333333333,1.0,0.0,Active
7f829d96-1dd8-42d1-940f-fd3e657e5407,83.1,VERY HIGH,REJECT,10.433333333333334,4.0,0.25,Active
1f60abbe-2a86-4ef7-9495-45004c99856c,0.0,VERY LOW,APPROVE,24.566666666666666,0.0,0.5,Inactive
4f9801fb-8ce2-42cc-a017-d77180905e41,84.6,VERY HIGH,REJECT,24.5,2.0,0.0,Active
7fb2ea23-04b3-43a2-9ba2-bc6258fadad2,85.93,VERY HIGH,REJECT,32.5,5.0,0.6,Active
5bf1c1e3-87e1-4643-b76a-f17d72c25cf8,83.81,VERY HIGH,REJECT,15.166666666666666,5.0,0.8,Active
75b03911-359d-460a-9725-32f46cb1e1a1,92.39,VERY HIGH,REJECT,18.7,5.0,0.2,Inactive
b29b3a70-6eba-4e95-bbe9-de8ac8daabaa,80.22,VERY HIGH,REJECT,7.4,2.0,0.5,Active
2a8124f2-153d-41ff-b5ed-386afa128e22,80.39,VERY HIGH,REJECT,18.4,4.0,0.75,Active
7e2480ad-a398-476b-945d-dd98d2e7362f,14.9,VERY LOW,APPROVE,19.5,3.0,0.6666666666666666,Active
855e0e76-05bc-41a0-a9a5-ed192f37f6c9,0.27,VERY LOW,APPROVE,4.633333333333334,1.0,1.0,Inactive
8c255a11-0e6c-4453-98be-7c50bf24162e,1.0,VERY LOW,APPROVE,21.666666666666668,5.0,1.0,Inactive
5f089ebb-e6d2-4003-8d91-f5ef4abaffb6,0.27,VERY LOW,APPROVE,8.7,2.0,1.0,Inactive
7432204f-fdf2-4a52-bad3-27c23fb52b70,0.17,VERY LOW,APPROVE,14.166666666666666,3.0,1.0,Active
b02e2a06-a60a-4d91-a368-c0c829db8226,87.98,VERY HIGH,REJECT,5.033333333333333,5.0,0.4,Active
ae13393e-2f91-4e97-97a2-0aecbf8cb167,0.97,VERY LOW,APPROVE,13.6,2.0,1.0,Active
f38ba60a-026d-4afb-80ee-258bd9977747,82.27,VERY HIGH,REJECT,24.133333333333333,1.0,0.0,Terminated
92aa184d-b666-4683-81ab-ca5801f60ad0,1.01,VERY LOW,APPROVE,4.466666666666667,2.0,1.0,Active
716a84b9-8312-486d-bbc1-d494128341a0,52.21,MEDIUM,APPROVE WITH CAUTION,9.266666666666667,3.0,0.6666666666666666,Active
c8ee055e-a5cc-4fa4-9c15-d5df965af27b,77.07,HIGH,REJECT,5.233333333333333,1.0,0.0,Active
3cafaaa9-01fb-41b7-a7d8-86a0a2365f54,0.0,VERY LOW,APPROVE,0.6333333333333333,0.0,0.5,Active
32fd9df8-a3f6-4596-8561-264fc5fea4e4,0.0,VERY LOW,APPROVE,34.43333333333333,0.0,0.5,Active
171b2f5c-c1ff-41e4-a028-e0e691850981,0.0,VERY LOW,APPROVE,7.233333333333333,0.0,0.5,Active
adaa8057-7102-4393-8768-b7c62027712f,84.99,VERY HIGH,REJECT,5.366666666666666,2.0,0.5,Active
d17174f1-7844-478b-8e50-5be58854edb7,85.33,VERY HIGH,REJECT,10.7,3.0,0.3333333333333333,Active
b54cc0a5-126d-44b1-b4ed-79edd1389dca,0.17,VERY LOW,APPROVE,4.633333333333334,1.0,1.0,Inactive
5d4b6ef3-0632-4c92-bca0-b3f5d9714b83,0.2,VERY LOW,APPROVE,13.7,5.0,1.0,Active
4bef862d-8c41-4b4b-a377-1ef2c08fa633,80.49,VERY HIGH,REJECT,33.8,2.0,0.5,Active
689c5eae-f6c7-4946-b4ee-256545bc3cfb,78.39,HIGH,REJECT,7.6,4.0,0.5,Active
60018b20-40a8-4c53-82e3-002ee639646c,69.47,HIGH,REJECT,34.266666666666666,3.0,0.6666666666666666,Active
d93fa3db-e988-4cc2-bdb2-f4ca93bb7c36,76.22,HIGH,REJECT,8.566666666666666,1.0,0.0,Terminated
eedb42b3-6f70-4da6-b32d-fa1fc3dfb498,0.0,VERY LOW,APPROVE,-0.36666666666666664,0.0,0.5,Active
8dd88f7a-99f6-43b7-81b5-d051b298d55e,67.84,HIGH,REJECT,32.63333333333333,1.0,0.0,Inactive
9bbc8c16-bc98-4366-9024-94c8ef5b7e76,0.64,VERY LOW,APPROVE,32.03333333333333,2.0,1.0,Terminated
d6835ec7-2acb-407b-8d0c-454773dbcd5b,0.0,VERY LOW,APPROVE,9.4,2.0,1.0,Active
16e943f8-5857-498a-8faf-aca48d71de77,59.5,MEDIUM,APPROVE WITH CAUTION,-0.7333333333333333,5.0,0.8,Active
36e74d06-3ba9-4fc7-846a-28926028da58,0.0,VERY LOW,APPROVE,24.333333333333332,1.0,1.0,Active
2589d6fc-1a5f-4308-9401-d643cd6fc702,0.0,VERY LOW,APPROVE,5.666666666666667,0.0,0.5,Active
ecf0d9cb-4aa5-489b-b21b-7a2b01c9126c,0.39,VERY LOW,APPROVE,15.933333333333334,5.0,1.0,Active
906a0d07-cb97-477b-b0e2-b0a31923167f,69.89,HIGH,REJECT,29.8,2.0,0.5,Active
24bb8acd-fe6c-4b26-b980-2caa7e5ba2a1,77.51,HIGH,REJECT,26.633333333333333,3.0,0.6666666666666666,Active
0f1a1648-fec0-4765-90d3-70774359a664,0.0,VERY LOW,APPROVE,24.833333333333332,0.0,0.5,Active
7b808e44-5425-4461-a8a2-b650ecdf345c,0.69,VERY LOW,APPROVE,32.0,1.0,1.0,Active
deb5b82e-68af-4fab-9ca4-79b0a72b9c26,0.0,VERY LOW,APPROVE,29.566666666666666,0.0,0.5,Active
903c490d-5d6f-44c4-8f48-0d2d30200be8,0.54,VERY LOW,APPROVE,0.5666666666666667,1.0,1.0,Active
17ee17fe-f588-4d87-9f23-9931cb4fb212,0.0,VERY LOW,APPROVE,27.666666666666668,0.0,0.5,Active
5abd299b-0360-45f5-95da-35940bbbb970,0.0,VERY LOW,APPROVE,3.3333333333333335,0.0,0.5,Active
ed9cfb18-a529-437f-9d32-863ed3255d41,60.15,HIGH,REJECT,30.933333333333334,5.0,0.8,Inactive
86e1422d-d1af-4655-89c7-afafd5a27eae,76.63,HIGH,REJECT,-0.6333333333333333,3.0,0.3333333333333333,Active
54433e10-8492-440c-a84b-f29f59e0dbad,0.0,VERY LOW,APPROVE,17.2,0.0,0.5,Active
9e20d1b9-3214-4c7c-92d2-5a787cfdceba,73.51,HIGH,REJECT,2.0,3.0,0.6666666666666666,Inactive
15967a8c-b15d-4470-8fdd-0dcc98f6489e,85.38,VERY HIGH,REJECT,27.6,4.0,0.5,Active
c209e400-8f34-4093-bee7-4e06cca91f97,0.63,VERY LOW,APPROVE,-0.36666666666666664,2.0,1.0,Active
ea8a4115-3d75-4259-bfaf-372f7f2930b0,77.25,HIGH,REJECT,5.9,2.0,0.5,Active
a97371d0-176b-4a9a-8f9a-ddf915f264f5,72.66,HIGH,REJECT,8.433333333333334,5.0,0.8,Active
17ee58bf-27fa-4e46-94c7-72f1c2e314af,84.79,VERY HIGH,REJECT,-0.5666666666666667,2.0,0.5,Inactive
2b4a5bb1-bbbf-41ca-be88-c94f6ba98690,0.0,VERY LOW,APPROVE,23.266666666666666,0.0,0.5,Terminated
a16036d1-0d5f-4c3d-8538-8fad71f94888,0.0,VERY LOW,APPROVE,27.633333333333333,0.0,0.5,Inactive
5d6715af-4179-4150-8bc4-4f65063fc14a,90.37,VERY HIGH,REJECT,32.96666666666667,4.0,0.5,Active
8bae2952-055d-4cd8-a557-0ac3abc54f43,1.56,VERY LOW,APPROVE,13.966666666666667,2.0,1.0,Active
b26fadc3-6246-4a76-a7db-108b8d917a0d,0.0,VERY LOW,APPROVE,31.433333333333334,0.0,0.5,Active
e34e2b8c-0666-420b-8dd4-947e5604dfb4,0.0,VERY LOW,APPROVE,17.766666666666666,0.0,0.5,Active
da37e78c-28a6-4f25-81dd-61187ca8e6f4,62.81,HIGH,REJECT,4.033333333333333,3.0,0.6666666666666666,Active
cd3fe2a7-768f-4a04-9652-cdc78607868d,0.97,VERY LOW,APPROVE,0.9,1.0,1.0,Active
c967a580-a75a-47e0-8143-c699751e1758,0.0,VERY LOW,APPROVE,13.366666666666667,0.0,0.5,Active
0359aad2-a598-461d-827e-79744bde0a37,74.39,HIGH,REJECT,16.266666666666666,3.0,0.3333333333333333,Active
9b04d8db-eaa7-4b46-b437-7c69a58d089a,0.0,VERY LOW,APPROVE,2.7,0.0,0.5,Inactive
f544eba4-f7e0-4e71-9b13-e7fb2a3e0276,0.0,VERY LOW,APPROVE,5.366666666666666,3.0,1.0,Active
dca50b53-ab16-4f0a-809a-9409f4783f46,0.5,VERY LOW,APPROVE,18.166666666666668,2.0,1.0,Terminated
840956ef-f471-4527-9c82-0bab599569d0,78.47,HIGH,REJECT,13.166666666666666,2.0,0.5,Active
a26a08e1-be13-4742-b06f-fbfde305478e,0.0,VERY LOW,APPROVE,13.633333333333333,0.0,0.5,Active
929132f1-4622-403e-83e7-063b27e3ca97,83.82,VERY HIGH,REJECT,18.733333333333334,4.0,0.75,Inactive
104d10a3-a7b5-4505-af93-65872d9dd15f,0.0,VERY LOW,APPROVE,0.16666666666666666,0.0,0.5,Active
1d9775c7-4501-4410-992a-6cc3681a1fee,0.0,VERY LOW,APPROVE,4.366666666666666,0.0,0.5,Active
13daa4d2-1b7f-4317-9517-c9481ee1c9bb,0.0,VERY LOW,APPROVE,10.266666666666667,0.0,0.5,Active
763063e5-9ab9-4efc-bdbf-eda35d354b51,0.0,VERY LOW,APPROVE,14.0,0.0,0.5,Terminated
8cf3b47d-bddc-4aff-911c-8595be9d3fc2,0.17,VERY LOW,APPROVE,18.0,2.0,1.0,Inactive
8e478da0-89aa-435f-803c-1cc19fc4fdd8,71.61,HIGH,REJECT,22.166666666666668,4.0,0.75,Terminated
e69fe156-0f0a-4c67-ada8-ed3854ddfda6,61.56,HIGH,REJECT,32.13333333333333,4.0,0.75,Active
0ccd2184-5d4f-464a-bdd0-d60bf0c226fa,1.52,VERY LOW,APPROVE,28.866666666666667,4.0,1.0,Active
0f036624-017a-4a17-894a-34a4c1f240b0,0.17,VERY LOW,APPROVE,11.333333333333334,2.0,1.0,Terminated
76b54657-15f7-4306-87f4-b40281cf5825,0.0,VERY LOW,APPROVE,11.666666666666666,0.0,0.5,Inactive
2c01d275-a62d-4996-adfc-b3ca43c4abf4,0.0,VERY LOW,APPROVE,31.166666666666668,0.0,0.5,Active
cdc4b69d-7298-48e5-83f0-9aa3e4841ebb,79.08,HIGH,REJECT,12.3,5.0,0.8,Active
8a1a1eef-56e5-4638-aa03-682bd6083f21,90.14,VERY HIGH,REJECT,30.366666666666667,4.0,0.25,Inactive
85e96af2-5181-4c70-b78d-4cb3b4b1e390,80.75,VERY HIGH,REJECT,4.6,3.0,0.3333333333333333,Active
eb5b2761-5cfc-4cbf-bfca-9c8a2c63c9dc,1.24,VERY LOW,APPROVE,0.1,4.0,1.0,Active
268a3806-dc19-4586-a9e4-8f70c0eda3af,1.22,VERY LOW,APPROVE,5.866666666666666,1.0,1.0,Terminated
aeb9db9d-3ad8-4a5e-b6ea-fdff0cefe9fa,0.91,VERY LOW,APPROVE,27.733333333333334,2.0,1.0,Active
f0be2e67-a387-4d21-b55c-84cc9f69be45,0.74,VERY LOW,APPROVE,32.93333333333333,1.0,1.0,Active
933e9eb8-881d-4e0c-b158-29d6c7a99f69,80.87,VERY HIGH,REJECT,26.6,5.0,0.6,Active
df582c2d-23f0-4c74-a13a-b84914675c14,80.46,VERY HIGH,REJECT,27.3,5.0,0.6,Active
86f0274c-cb3b-45ff-82b3-62a6c4b0bf91,0.21,VERY LOW,APPROVE,9.866666666666667,1.0,1.0,Active
5d9eb078-49bd-460e-a09b-ea50e7339080,0.0,VERY LOW,APPROVE,5.1,0.0,0.5,Active
28913e67-49ad-4d22-99e0-8283ad009b66,93.08,VERY HIGH,REJECT,30.233333333333334,5.0,0.4,Active
97aded80-6690-4822-a6ac-1cbb8da8517b,0.0,VERY LOW,APPROVE,24.333333333333332,0.0,0.5,Terminated
9ec3e2ed-92b2-4323-bcce-10f8ce2d74f3,0.0,VERY LOW,APPROVE,2.5,0.0,0.5,Inactive
18bc172a-b748-448e-9df1-a0f43f933855,0.0,VERY LOW,APPROVE,34.8,5.0,1.0,Active
ef59d810-0c06-4482-8f45-8ebab8a0610d,0.0,VERY LOW,APPROVE,8.466666666666667,2.0,1.0,Active
f1e3491c-fcae-449c-b130-520ede2c39a7,87.85,VERY HIGH,REJECT,2.0,5.0,0.4,Active
c5761ed3-fae8-4c2e-873c-e688b1d0c9a5,0.38,VERY LOW,APPROVE,29.466666666666665,1.0,1.0,Active
954cf7bc-27a0-4a59-9001-3a9e7c0686cb,78.48,HIGH,REJECT,17.7,2.0,0.5,Terminated
8062860c-7c68-47c5-b6c3-b0432696373b,0.17,VERY LOW,APPROVE,6.433333333333334,2.0,1.0,Active
7f5c0d96-080d-4ecf-a7a8-28148d1b3494,77.97,HIGH,REJECT,22.566666666666666,4.0,0.75,Active
a3942d22-3bdb-4d8d-9aac-897da80fb6d9,0.71,VERY LOW,APPROVE,9.9,1.0,1.0,Terminated
6560129f-4f28-4dd0-af7b-99d45e1f5542,0.0,VERY LOW,APPROVE,29.933333333333334,0.0,0.5,Active
3fb0c512-41db-45c0-bee7-c531f03432f8,0.0,VERY LOW,APPROVE,17.233333333333334,0.0,0.5,Terminated
d7c8a9e8-1d54-48a6-bef6-b903bd65604e,71.34,HIGH,REJECT,11.0,4.0,0.5,Active
a98e53ca-8459-43bb-b997-046d7a45b7bf,0.0,VERY LOW,APPROVE,3.966666666666667,0.0,0.5,Active
7651c9c3-cd11-4632-a969-d2674ed7a4b0,81.82,VERY HIGH,REJECT,23.8,4.0,0.75,Active
6c1e484a-8559-4d6c-80e3-879f39dd4ba6,67.79,HIGH,REJECT,13.6,4.0,0.75,Active
b83aacfa-58eb-439f-b088-3f89b34c7eed,0.0,VERY LOW,APPROVE,27.0,0.0,0.5,Active
2857bb58-63ea-4292-894e-8e49ac05a561,85.48,VERY HIGH,REJECT,-1.6,4.0,0.5,Inactive
d28d8507-c2a2-481b-bb4a-54cb7e7f0d43,0.0,VERY LOW,APPROVE,27.0,0.0,0.5,Inactive
13280353-a133-4a51-bcfb-2be462a5a61a,0.0,VERY LOW,APPROVE,24.4,1.0,1.0,Active
eb90a300-efda-41d1-bab8-d3ebfcb1a870,38.03,LOW,APPROVE,34.03333333333333,3.0,0.6666666666666666,Active
3ce30ed9-f532-4c12-9352-98ec2632c489,2.12,VERY LOW,APPROVE,33.63333333333333,3.0,1.0,Active
a29d2149-2984-4d57-8652-5a0b1b65332a,0.0,VERY LOW,APPROVE,32.36666666666667,0.0,0.5,Active
bc897a6d-71be-4869-94ec-fb046dc41b51,0.0,VERY LOW,APPROVE,20.733333333333334,0.0,0.5,Active
5c02755d-d78d-45b7-a8d8-66621f12f33f,86.5,VERY HIGH,REJECT,11.933333333333334,4.0,0.25,Active
94d5a91c-06e1-4bfe-9d88-0da4a8b7a2be,0.0,VERY LOW,APPROVE,6.333333333333333,0.0,0.5,Active
6a9b25e1-0539-4a02-8b99-c6c65d9289c2,0.0,VERY LOW,APPROVE,28.033333333333335,2.0,1.0,Terminated
f627ebe5-8b99-46db-8864-ec7b36b98e0f,78.37,HIGH,REJECT,20.8,4.0,0.75,Active
3ceb694e-2035-4ec9-bc3e-61f2e29ef357,0.0,VERY LOW,APPROVE,11.933333333333334,0.0,0.5,Active
c6c26c81-0017-4a17-ba1d-c1836d47bf23,0.0,VERY LOW,APPROVE,-1.6333333333333333,0.0,0.5,Active
1a8b55fe-6782-46f3-bdfd-eb39b45fe5f4,0.77,VERY LOW,APPROVE,11.633333333333333,2.0,1.0,Active
eaa877c5-1338-47e4-85f0-32b910759cff,0.27,VERY LOW,APPROVE,29.7,1.0,1.0,Active
3dc4eda5-577f-4a84-8964-cf54a30e3eef,0.0,VERY LOW,APPROVE,30.8,0.0,0.5,Inactive
f021159b-8f26-4d55-b89d-f71d08a26245,80.64,VERY HIGH,REJECT,15.566666666666666,2.0,0.5,Active
df0adacc-23b0-4d86-bec3-bf37adfe82ed,76.02,HIGH,REJECT,17.233333333333334,1.0,0.0,Active
3bda2020-13a0-4ffd-aaaf-9198147f3c30,0.0,VERY LOW,APPROVE,5.666666666666667,0.0,0.5,Terminated
bca885ff-b80b-42cd-ad47-32c60c9872e5,89.92,VERY HIGH,REJECT,34.233333333333334,4.0,0.25,Active
d54baf66-1ed3-44bb-a7fc-3789dc4ad543,87.17,VERY HIGH,REJECT,26.9,2.0,0.5,Inactive
4511bd50-7871-40b6-8c00-ea5378ffe0d0,78.46,HIGH,REJECT,5.4,2.0,0.5,Active
40b9234b-9ccf-43e8-9982-5fc5b2053991,0.24,VERY LOW,APPROVE,20.4,4.0,1.0,Inactive
8bc439e3-086f-4af2-8c69-e1f6a327e4af,0.0,VERY LOW,APPROVE,16.766666666666666,0.0,0.5,Terminated
f35d57f8-91bf-4e90-bcd9-5bf9fa98549e,69.55,HIGH,REJECT,8.733333333333333,2.0,0.0,Active
09b3eb02-569f-488c-a571-3863bc216296,0.29,VERY LOW,APPROVE,30.9,2.0,1.0,Terminated
8b40c0db-b4c8-43c7-86d7-70ad8226be22,65.95,HIGH,REJECT,19.366666666666667,3.0,0.6666666666666666,Active
36f9e33d-99b0-483e-ab11-4edd846fb970,0.0,VERY LOW,APPROVE,14.8,0.0,0.5,Terminated
03ce4f19-cf16-469b-af13-10fb3913c97f,0.17,VERY LOW,APPROVE,13.833333333333334,2.0,1.0,Active
c917ea51-c9c9-44e8-a82c-03b525020fc0,62.22,HIGH,REJECT,18.3,5.0,0.8,Active
a898f763-1499-4ad2-b01e-fcb2e94d44c6,80.66,VERY HIGH,REJECT,6.266666666666667,1.0,0.0,Inactive
8df73b36-6682-4eb2-b9d6-96e662891ad5,0.0,VERY LOW,APPROVE,3.2666666666666666,0.0,0.5,Inactive
11b07843-1bc0-4e88-8e13-ca2823e8147c,38.34,LOW,APPROVE,29.266666666666666,3.0,0.6666666666666666,Active
f9fc0920-c818-4872-8b0a-14e9a771ccf2,0.0,VERY LOW,APPROVE,0.0,0.0,0.5,Active
c3a8aec9-d900-432d-950c-1fc7d098612d,0.0,VERY LOW,APPROVE,23.433333333333334,0.0,0.5,Active
07fc0b70-7b64-4033-9f01-7aa9b174b403,1.53,VERY LOW,APPROVE,32.03333333333333,2.0,1.0,Active
d768a325-6cb2-4b8b-8bda-2121618cc80b,78.57,HIGH,REJECT,7.4,4.0,0.75,Active
e0a51f1e-7b7c-414e-ad1a-d22017bc26e4,78.55,HIGH,REJECT,32.666666666666664,3.0,0.3333333333333333,Active
248b6973-db26-4475-bdff-76afc7a1841e,1.48,VERY LOW,APPROVE,11.533333333333333,5.0,1.0,Terminated
b35259ac-27b8-4ff8-a0a9-2e4040a7d527,0.0,VERY LOW,APPROVE,7.0,3.0,1.0,Active
282be212-a34d-4052-b8df-67f9ea063166,0.17,VERY LOW,APPROVE,6.633333333333334,3.0,1.0,Active
43774a4e-a1a4-4835-bb7f-dd6b358ce1c5,0.0,VERY LOW,APPROVE,30.133333333333333,0.0,0.5,Active
4724da8e-8d90-4da0-bdab-809fda791b91,0.0,VERY LOW,APPROVE,19.1,0.0,0.5,Terminated
230b9c0d-2099-4c15-bcb5-9894b604c794,0.2,VERY LOW,APPROVE,32.56666666666667,3.0,1.0,Active
800d210f-6427-4260-8931-b3be28e9cfb2,76.92,HIGH,REJECT,2.9,2.0,0.5,Terminated
59cc378d-b4fd-422a-90ee-8e4e0a194399,0.0,VERY LOW,APPROVE,31.1,0.0,0.5,Inactive
671e355a-bc37-42c2-9570-e2ffe584e306,84.31,VERY HIGH,REJECT,27.8,4.0,0.25,Active
f811159f-99a5-44e3-9546-511b73dd99c1,0.0,VERY LOW,APPROVE,16.833333333333332,0.0,0.5,Active
132c7c99-39b8-467e-b05a-490cf9288243,80.62,VERY HIGH,REJECT,1.5666666666666667,5.0,0.6,Active
66919503-86b2-44d7-900f-1dadd1881212,0.0,VERY LOW,APPROVE,24.766666666666666,1.0,1.0,Active
59134536-6685-45af-913b-990fefc63c9a,0.0,VERY LOW,APPROVE,10.6,2.0,1.0,Terminated
6f3be786-ddea-4e4f-b0ee-e93ccebdec9e,81.2,VERY HIGH,REJECT,10.933333333333334,4.0,0.75,Active
4e7247e8-d61c-415a-9113-b7c0c64a689c,0.0,VERY LOW,APPROVE,6.2,0.0,0.5,Active
a31783c0-89bb-45fe-910b-f6bea28d13ea,0.42,VERY LOW,APPROVE,21.566666666666666,2.0,1.0,Inactive
058116e4-1d0f-4c5b-83bc-df3c87c0b29b,0.17,VERY LOW,APPROVE,3.8666666666666667,2.0,1.0,Active
685df69c-10b8-4180-931d-4e2f447f2eee,71.45,HIGH,REJECT,18.0,4.0,0.75,Active
60e93be9-f4cd-42c2-b5c3-5f500ef527a4,75.92,HIGH,REJECT,5.466666666666667,5.0,0.6,Active
3b934157-382a-4564-adcb-764bc88e90fa,85.09,VERY HIGH,REJECT,26.566666666666666,3.0,0.3333333333333333,Active
3ab94b32-493c-4237-ad9c-efd57efdf00e,0.0,VERY LOW,APPROVE,8.8,0.0,0.5,Active
8052b9b4-dafa-4665-9b5b-30d9b24be2fc,83.85,VERY HIGH,REJECT,1.2,5.0,0.6,Active
397a8a20-be9c-48b1-8414-553a82ec9a68,0.0,VERY LOW,APPROVE,14.866666666666667,0.0,0.5,Active
1cb7bf28-8fa5-425c-8f6a-04820005d0d4,0.0,VERY LOW,APPROVE,29.5,0.0,0.5,Active
072401a4-9ab3-4093-8677-6affa38f6802,0.8,VERY LOW,APPROVE,2.1333333333333333,1.0,1.0,Inactive
ce50cc7b-2181-4285-81bc-a4672db0f582,0.0,VERY LOW,APPROVE,6.5,0.0,0.5,Active
c02b60ca-2504-4057-8eff-09d7481244f0,0.0,VERY LOW,APPROVE,25.4,0.0,0.5,Active
b927b2b6-7581-4066-b88c-d0c8ef3c47b8,0.0,VERY LOW,APPROVE,15.933333333333334,0.0,0.5,Active
d4969903-5eea-4de9-aeff-44a89e9bbaf5,62.87,HIGH,REJECT,16.7,4.0,0.75,Active
6a913a12-af1e-4538-8ae5-6cb46049a9a1,0.0,VERY LOW,APPROVE,7.033333333333333,0.0,0.5,Active
f9bd319b-e30b-4f45-8cb8-dfa7141c09c8,92.5,VERY HIGH,REJECT,34.56666666666667,5.0,0.4,Active
0ae14c5d-43e0-4a1d-9712-d596681bb8b2,0.0,VERY LOW,APPROVE,4.633333333333334,2.0,1.0,Active
69a8b16f-2dd5-4bc7-8669-498177e1bd96,0.0,VERY LOW,APPROVE,16.0,0.0,0.5,Active
5673ef86-ab97-4394-9e96-4a842dc08f91,0.0,VERY LOW,APPROVE,24.9,1.0,1.0,Active
a57eeed9-7ff4-4e68-8d4a-472a3a32e452,0.0,VERY LOW,APPROVE,22.866666666666667,0.0,0.5,Terminated
dac340b2-a54a-485a-8184-18153b2ad96d,36.46,LOW,APPROVE,4.066666666666666,3.0,0.6666666666666666,Active
0e5bdb04-2cdb-41ee-87c3-84bd1415954a,73.79,HIGH,REJECT,3.6,2.0,0.5,Inactive
6b0723d5-61ee-4456-8a31-90a93e46d7f6,92.79,VERY HIGH,REJECT,31.433333333333334,5.0,0.4,Terminated
98d7434b-c416-4680-b254-eff823c8ee61,0.0,VERY LOW,APPROVE,12.633333333333333,4.0,1.0,Active
ef016279-58a2-443e-be61-a2836bb43dea,0.0,VERY LOW,APPROVE,12.633333333333333,2.0,1.0,Active
ea467ac6-6d28-4258-820a-e1d1faa5992c,78.88,HIGH,REJECT,1.8333333333333333,5.0,0.6,Active
b4c3c2c9-6a13-4da3-813e-7639ad3d88d4,62.3,HIGH,REJECT,22.833333333333332,3.0,0.3333333333333333,Active
5950d181-82ac-4b38-b283-18d8d4c1039a,0.57,VERY LOW,APPROVE,27.8,4.0,1.0,Active
aea5856d-a5be-4290-8850-1242b4812e55,0.0,VERY LOW,APPROVE,11.933333333333334,2.0,1.0,Active
9972d71d-34df-4325-bbee-f38138d76f70,0.0,VERY LOW,APPROVE,24.9,2.0,1.0,Terminated
e589b460-ce41-40f9-8371-de6ba0e15a92,50.69,MEDIUM,APPROVE WITH CAUTION,20.4,5.0,0.8,Active
74b9804c-cffc-4a6b-bef7-2f6272019952,0.17,VERY LOW,APPROVE,23.0,3.0,1.0,Inactive
8b060e76-4279-4cd0-aa93-25cb4b91a83c,0.59,VERY LOW,APPROVE,21.8,3.0,1.0,Active
e5294059-3502-44bd-953d-ce9ec7929828,72.62,HIGH,REJECT,29.633333333333333,3.0,0.6666666666666666,Terminated
50489444-8dfe-4a0c-a33c-e7f8eb4f951d,85.01,VERY HIGH,REJECT,20.766666666666666,4.0,0.5,Active
229d0db1-ca00-492f-a8a0-64de6c49b260,59.8,MEDIUM,APPROVE WITH CAUTION,31.666666666666668,5.0,0.8,Active
8827a508-bbbd-48ff-9edf-7ff6dc5059ba,0.0,VERY LOW,APPROVE,-0.8,3.0,1.0,Inactive
7baa0a8a-0857-4128-b8c1-f816e79e3a11,0.0,VERY LOW,APPROVE,7.466666666666667,0.0,0.5,Active
7f35c763-dee1-48ad-9e17-8d45def5efe3,0.0,VERY LOW,APPROVE,6.1,2.0,1.0,Inactive
b09a46b9-f97c-4299-82ec-243556dbf927,0.17,VERY LOW,APPROVE,11.333333333333334,1.0,1.0,Active
f7e584d8-fdd9-4eb3-8e78-e2afc23fcb60,0.0,VERY LOW,APPROVE,16.933333333333334,0.0,0.5,Active
4785ee8e-d3c9-4759-865a-174429e1c977,0.17,VERY LOW,APPROVE,1.4,2.0,1.0,Active
48b3cc58-0a13-4a0f-b847-996b46122086,1.01,VERY LOW,APPROVE,11.433333333333334,1.0,1.0,Inactive
00b4afd6-c214-44d7-9b3e-767cd39f31b9,86.6,VERY HIGH,REJECT,24.933333333333334,3.0,0.3333333333333333,Active
d3aef235-71e4-4416-9d96-f79b29f16e4e,77.13,HIGH,REJECT,18.266666666666666,2.0,0.5,Active
1bc2302c-a133-431c-afa2-c9f38f4919c7,61.8,HIGH,REJECT,6.2,1.0,0.0,Active
ea04f9a3-56fe-4bb1-a689-06accad1ff67,0.0,VERY LOW,APPROVE,19.266666666666666,0.0,0.5,Active
5079d57a-1934-489d-b3b6-0974aae6434f,65.98,HIGH,REJECT,12.466666666666667,5.0,0.8,Active
a41868eb-6ffa-4688-ac2b-b276f4a659e1,61.01,HIGH,REJECT,14.466666666666667,2.0,0.5,Active
db1ca3b1-781d-4b45-8093-12fb9d6787b9,0.0,VERY LOW,APPROVE,32.63333333333333,0.0,0.5,Terminated
2ece8af9-7eb3-4870-b086-d13990b14860,0.0,VERY LOW,APPROVE,30.5,0.0,0.5,Active
820444b7-b498-4c51-a545-5ded3c5741f8,0.17,VERY LOW,APPROVE,24.7,2.0,1.0,Active
6ef3dc48-4d3c-4580-a74f-42120882d759,83.67,VERY HIGH,REJECT,33.333333333333336,2.0,0.0,Active
bec5b97b-4418-4d54-a716-39c7509bb77b,0.15,VERY LOW,APPROVE,14.966666666666667,1.0,1.0,Terminated
3d135d7c-55c3-4d4e-9aef-104eafef71b1,78.13,HIGH,REJECT,4.4,4.0,0.75,Active
010b4071-2e9f-49e4-bad2-4f06cd615028,0.0,VERY LOW,APPROVE,12.233333333333333,0.0,0.5,Active
fcf4405c-0e46-48e0-bc85-c81905423ded,68.23,HIGH,REJECT,34.5,1.0,0.0,Active
b41b5759-2690-4a00-bae4-57cd16aa8999,0.0,VERY LOW,APPROVE,23.166666666666668,0.0,0.5,Terminated
e94890a5-e472-43c1-b823-a9f73bfa7a16,75.0,HIGH,REJECT,8.433333333333334,3.0,0.3333333333333333,Active
db2d656e-8b16-40b1-84f3-1bdddcd419f5,0.0,VERY LOW,APPROVE,21.166666666666668,0.0,0.5,Active
57f81915-f537-441e-97b2-fe21216d16ae,78.32,HIGH,REJECT,12.9,5.0,0.8,Active
24189b35-cb45-41e5-94dc-7eaec8d36eba,67.38,HIGH,REJECT,33.6,2.0,0.5,Active
9a09ca57-6e0c-4423-a37c-c7a7332838ba,0.0,VERY LOW,APPROVE,24.7,0.0,0.5,Active
867666f3-608e-4a29-95fe-d983903f9b0c,0.0,VERY LOW,APPROVE,7.6,3.0,1.0,Terminated
0f08d105-e53f-4dae-be0e-7fc743c7e291,0.17,VERY LOW,APPROVE,17.4,1.0,1.0,Active
27343bc3-69eb-4528-9249-d4e19f8a0920,1.0,VERY LOW,APPROVE,32.43333333333333,5.0,1.0,Active
f96a8391-618e-42e6-9bf1-8a37210198e1,76.88,HIGH,REJECT,23.8,3.0,0.6666666666666666,Terminated
ad4a9332-ebf0-4f49-985c-e6f83336fbf7,85.22,VERY HIGH,REJECT,24.1,2.0,0.5,Inactive
f31c30f8-12fe-4adf-9ab6-007a1bad23da,74.37,HIGH,REJECT,11.333333333333334,2.0,0.5,Active
7dc95ee7-af2f-436b-a280-4405c034b5e3,0.0,VERY LOW,APPROVE,8.033333333333333,0.0,0.5,Inactive
5ade8899-5a2c-4c3c-8115-c630d8538806,0.0,VERY LOW,APPROVE,18.8,0.0,0.5,Active
2fea2845-46cf-41ff-a70b-eda8945756a2,0.0,VERY LOW,APPROVE,27.5,0.0,0.5,Terminated
cba87d1f-2256-4c77-926b-28a17a0d3776,83.23,VERY HIGH,REJECT,28.033333333333335,5.0,0.6,Terminated
1ccf386f-a2db-4c65-a050-3bddfaf78805,1.72,VERY LOW,APPROVE,5.133333333333334,1.0,1.0,Active
b1f7c506-020a-4980-8b0e-2fa4b29edf63,54.8,MEDIUM,APPROVE WITH CAUTION,14.0,4.0,0.75,Terminated
6ac4e167-4abf-4ea0-8d28-b5804a020907,86.81,VERY HIGH,REJECT,28.433333333333334,3.0,0.3333333333333333,Active
7cb208d5-afa5-4c3f-b957-f076d6325a50,0.0,VERY LOW,APPROVE,9.8,2.0,1.0,Inactive
9c3a3a00-616b-44ec-9fb9-8e1d2952b9da,0.27,VERY LOW,APPROVE,22.6,4.0,1.0,Active
9f0fd6b5-1a81-4909-b327-847e0f03bd35,0.0,VERY LOW,APPROVE,11.7,1.0,1.0,Active
b09793e8-988d-411c-b40e-29e0893bd967,0.0,VERY LOW,APPROVE,1.8666666666666667,0.0,0.5,Active
ccb073a8-c7e0-4081-876d-c59b246de22d,79.39,HIGH,REJECT,9.8,2.0,0.5,Active
8f3dd330-a55d-42d2-8aaf-f1b5e1cda2a6,75.71,HIGH,REJECT,19.733333333333334,1.0,0.0,Active
6a0a337d-0391-434d-a7fd-6a745102e886,0.0,VERY LOW,APPROVE,8.133333333333333,1.0,1.0,Active
16f57a4a-e4c7-4ada-bd87-f5727feaf1c6,0.17,VERY LOW,APPROVE,2.0,3.0,1.0,Active
733781c7-10e3-4ee3-aba1-ad4d7a5006e6,0.0,VERY LOW,APPROVE,9.8,5.0,1.0,Active
561c6152-d12e-442e-ad40-c216a5bce66a,60.33,HIGH,REJECT,5.966666666666667,2.0,0.5,Active
cc98dcba-0dca-4c67-8baa-ffcf575aa580,73.33,HIGH,REJECT,25.266666666666666,3.0,0.6666666666666666,Active
2b19fd48-7d50-46f7-a737-25073e96bc89,0.0,VERY LOW,APPROVE,25.833333333333332,3.0,1.0,Active
b4310ed5-5e5e-4632-b119-84eff0dca405,0.0,VERY LOW,APPROVE,15.033333333333333,0.0,0.5,Active
29807897-5628-4dc2-a7f4-61e23921b1cf,78.33,HIGH,REJECT,13.333333333333334,5.0,0.6,Active
e7e070be-c0fe-41c6-aee1-d15de78bd186,85.52,VERY HIGH,REJECT,15.733333333333333,3.0,0.3333333333333333,Active
d1d6d154-19d8-49e2-8fe5-f2a23ea4f1f6,0.74,VERY LOW,APPROVE,34.3,1.0,1.0,Active
d487ff38-e15d-470b-830b-cb166b1a0208,14.84,VERY LOW,APPROVE,32.333333333333336,3.0,0.6666666666666666,Active
e360dac6-1e0c-4690-a115-b01fbe5e3b9f,0.0,VERY LOW,APPROVE,29.166666666666668,0.0,0.5,Active
c79df9bc-73dd-4bfb-8a03-6be5663944a9,1.66,VERY LOW,APPROVE,24.533333333333335,5.0,1.0,Active
d6551f51-ab2e-4593-bfd1-751d374b7f9f,58.88,MEDIUM,APPROVE WITH CAUTION,22.2,3.0,0.6666666666666666,Active
0c49b950-99a1-4652-9685-0b5d22e2ebd6,16.14,VERY LOW,APPROVE,5.8,3.0,0.6666666666666666,Active
73be6f42-c844-427a-bf76-e98cace3e17c,64.0,HIGH,REJECT,18.066666666666666,3.0,0.6666666666666666,Active
cc9d6081-73f1-4e69-ac85-117cb0d43ca7,0.0,VERY LOW,APPROVE,3.2333333333333334,0.0,0.5,Active
c99336b2-6acf-4a45-91af-af46c7832496,0.88,VERY LOW,APPROVE,4.966666666666667,4.0,1.0,Active
e7f53b48-201a-4a85-bddf-8805fe560790,0.0,VERY LOW,APPROVE,32.1,0.0,0.5,Active
7ae53294-3085-43a3-8546-250fe4239ee3,0.0,VERY LOW,APPROVE,7.966666666666667,0.0,0.5,Active
fac2988e-4685-499d-9603-33816b028b6c,0.0,VERY LOW,APPROVE,0.7,0.0,0.5,Active
a2099999-d5f1-45f9-9ad8-e5dd7fb57eda,2.25,VERY LOW,APPROVE,0.43333333333333335,2.0,1.0,Terminated
a22c9f84-200e-4160-9408-40ae6ba931be,0.76,VERY LOW,APPROVE,2.2666666666666666,4.0,1.0,Terminated
fe530bb5-d31e-400b-b342-acb4fb39acaf,66.64,HIGH,REJECT,14.466666666666667,5.0,0.8,Terminated
2882d04f-1e4f-4b6d-9c71-7a9352569261,79.11,HIGH,REJECT,29.8,4.0,0.5,Active
9fdda37d-0890-40c5-99f0-72947edae2c7,0.0,VERY LOW,APPROVE,26.566666666666666,0.0,0.5,Active
1df29d6a-0eae-4f1a-84c1-4f9ffe374820,0.0,VERY LOW,APPROVE,28.4,1.0,1.0,Active
52b0248b-3f70-41d0-ad49-6aaac1dd55b7,0.0,VERY LOW,APPROVE,32.06666666666667,0.0,0.5,Active
30d4f812-0c0f-4b8d-88a0-7e09c63bff5d,76.83,HIGH,REJECT,19.1,3.0,0.6666666666666666,Inactive
a212c26e-7c1e-47e9-a185-6378bc5d923a,75.15,HIGH,REJECT,-0.9,5.0,0.8,Active
46a868e6-5967-4112-b187-be407d1523d5,89.79,VERY HIGH,REJECT,12.333333333333334,5.0,0.6,Active
f97be9be-2648-4f22-a273-63bdbc5ba357,0.97,VERY LOW,APPROVE,10.0,3.0,1.0,Terminated
1cfa013b-8a76-499a-bd16-e139da9d374f,0.0,VERY LOW,APPROVE,1.4666666666666666,0.0,0.5,Terminated
62c3c88b-50bf-4c19-b0b0-0f91cdc9535a,57.71,MEDIUM,APPROVE WITH CAUTION,30.633333333333333,4.0,0.75,Active
fcf4d3b5-15be-411c-a984-395c9e4a9ea0,80.75,VERY HIGH,REJECT,0.36666666666666664,2.0,0.5,Terminated
b14a6460-7474-4787-9736-3f9c3adc6615,0.0,VERY LOW,APPROVE,9.7,0.0,0.5,Terminated
fa9e841d-31b2-4bf4-97ef-b3eb1f737100,86.89,VERY HIGH,REJECT,30.733333333333334,5.0,0.4,Terminated
7839ca36-eef9-436c-88ec-cdbe6291212a,76.22,HIGH,REJECT,14.733333333333333,1.0,0.0,Inactive
85c2e9ef-828d-41aa-af64-9619bc8c721b,67.84,HIGH,REJECT,20.8,1.0,0.0,Active
8134de1a-b1dc-4c68-aa14-f106d7854cb5,0.71,VERY LOW,APPROVE,15.933333333333334,1.0,1.0,Active
e38a336e-218c-4522-be14-83d4f9009aa9,77.13,HIGH,REJECT,16.466666666666665,1.0,0.0,Terminated
6bf242fe-69eb-409b-8e39-21306b556fa3,16.71,VERY LOW,APPROVE,17.233333333333334,5.0,0.8,Active
b140948d-d7a6-4553-9e9b-1652c8551df5,1.26,VERY LOW,APPROVE,-1.3,3.0,1.0,Active
abfbeeb4-bc73-417b-8a45-b8570dcff813,71.24,HIGH,REJECT,0.9666666666666667,2.0,0.5,Inactive
c0bdae51-8db0-40a4-bc79-bb8290187199,0.0,VERY LOW,APPROVE,26.733333333333334,0.0,0.5,Active
72253b0a-7260-44a6-a095-936834fdff8d,0.33,VERY LOW,APPROVE,14.866666666666667,1.0,1.0,Terminated
9c1a8d39-ef59-4a42-90c8-62306b746946,0.17,VERY LOW,APPROVE,21.7,1.0,1.0,Inactive
513369f6-4a42-481e-8ce6-0aa51a13dae5,0.0,VERY LOW,APPROVE,18.966666666666665,0.0,0.5,Active
0efad256-cb2f-445a-b063-3cfcc283ae18,0.0,VERY LOW,APPROVE,10.8,0.0,0.5,Terminated
63dde152-1375-44d2-aa0b-0efa8b386307,0.0,VERY LOW,APPROVE,30.4,0.0,0.5,Active
ebe2d5c8-9e54-40e4-932e-309a278954e5,0.97,VERY LOW,APPROVE,-1.5,1.0,1.0,Active
32c075e0-7f0b-404c-b95e-be7209666465,0.0,VERY LOW,APPROVE,23.4,1.0,1.0,Active
00a30da1-0e95-479d-9c06-46897ff1e8c7,86.72,VERY HIGH,REJECT,26.433333333333334,3.0,0.3333333333333333,Active
6aa3533f-dbd6-40bf-a3fc-8e370e147bc5,0.0,VERY LOW,APPROVE,5.733333333333333,0.0,0.5,Terminated
54b1b3a8-1165-414e-800a-896b51aca64b,60.22,HIGH,REJECT,28.033333333333335,3.0,0.6666666666666666,Terminated
9baada5d-f798-4d2c-85aa-bba38fefae13,75.0,HIGH,REJECT,13.166666666666666,4.0,0.75,Active
e719ba61-81c2-4fec-afe0-8ad63451a109,0.0,VERY LOW,APPROVE,29.466666666666665,4.0,1.0,Active
cc336b30-edc2-4de0-b633-de9038d23f39,0.0,VERY LOW,APPROVE,8.633333333333333,3.0,1.0,Inactive
b41adcc8-f9b1-4d7d-a86f-7104a5b34c78,0.0,VERY LOW,APPROVE,30.066666666666666,0.0,0.5,Active
a7182c81-4d0f-477d-bbf6-2397a9fb01a6,0.29,VERY LOW,APPROVE,6.6,2.0,1.0,Terminated
b7b4e2b0-bedd-4b83-ac46-0608c47956c5,89.51,VERY HIGH,REJECT,1.6,4.0,0.5,Active
ace2cfef-fddd-4542-96db-2bffa1461541,56.11,MEDIUM,APPROVE WITH CAUTION,15.133333333333333,1.0,0.0,Active
d97f7762-c3c5-4237-a99c-fcf28cf3990e,0.0,VERY LOW,APPROVE,14.066666666666666,0.0,0.5,Active
b5a03361-f8ba-4112-a004-46ffa3902730,0.0,VERY LOW,APPROVE,3.6,4.0,1.0,Active
064f33a9-26bb-4d5f-bd99-48fe5b31f8df,0.0,VERY LOW,APPROVE,33.8,0.0,0.5,Active
7b253f4f-6431-41cc-abbe-9e27618514dc,86.35,VERY HIGH,REJECT,10.3,4.0,0.25,Terminated
03541eae-944d-4d3b-9da5-c662f21f77cb,0.21,VERY LOW,APPROVE,19.3,1.0,1.0,Active
79ac9119-f4e4-49b3-b33f-53714983853f,0.0,VERY LOW,APPROVE,18.633333333333333,3.0,1.0,Active
098675ac-0dee-41a1-b815-113f8d2b1564,0.0,VERY LOW,APPROVE,18.166666666666668,0.0,0.5,Active
fb1a8fde-4fd5-42f3-8877-fec19dcae1dd,56.77,MEDIUM,APPROVE WITH CAUTION,0.23333333333333334,4.0,0.75,Active
7f86cf7d-2dc9-4b94-9afa-e0a959908c38,0.0,VERY LOW,APPROVE,13.966666666666667,0.0,0.5,Active
28adb1d5-2421-4a73-b0ca-4df2465a5edd,0.0,VERY LOW,APPROVE,29.733333333333334,0.0,0.5,Active
8ad2f847-9f73-436e-88ee-bb99758a52e2,0.0,VERY LOW,APPROVE,21.2,1.0,1.0,Inactive
67da0d94-50df-47d7-8f92-c99314454301,0.0,VERY LOW,APPROVE,13.733333333333333,0.0,0.5,Active
955a4304-2f41-44e8-8d68-437374e1036e,0.0,VERY LOW,APPROVE,-1.0666666666666667,0.0,0.5,Inactive
70599a6a-3123-4163-a1b7-b576d9dd1ef1,35.75,LOW,APPROVE,22.433333333333334,1.0,0.0,Terminated
def83718-105d-4889-ac67-eba72fd27ae3,70.55,HIGH,REJECT,6.666666666666667,3.0,0.6666666666666666,Active
9f53685f-d6a1-463f-95bf-128c6b50aba7,0.49,VERY LOW,APPROVE,19.9,2.0,1.0,Active
a2dfa1fe-3027-4c12-99ce-cb623b3fcf12,0.0,VERY LOW,APPROVE,31.1,0.0,0.5,Terminated
cf137fb6-043d-419a-9228-7ca45058c0fd,1.16,VERY LOW,APPROVE,3.2,2.0,1.0,Active
6e6712b6-bf07-4105-969d-a17213ec2138,0.27,VERY LOW,APPROVE,29.0,3.0,1.0,Active
08df48f8-76bd-48ce-8bb2-406c4dffa10e,0.0,VERY LOW,APPROVE,28.266666666666666,0.0,0.5,Terminated
f28724c2-80c5-4004-a546-33ca8025589e,85.48,VERY HIGH,REJECT,9.4,5.0,0.4,Active
e3c3da05-d2bb-4ad2-8b20-3b1c3b341a6d,74.77,HIGH,REJECT,19.2,5.0,0.8,Active
b2edfdca-f0f7-4b26-888d-bb6de057d674,0.0,VERY LOW,APPROVE,29.733333333333334,0.0,0.5,Active
974c8941-7505-447b-86f0-5fcc87a22475,0.0,VERY LOW,APPROVE,13.4,1.0,1.0,Terminated
f6b2a94c-7f3c-45aa-bb3f-559fd6f96cb7,40.34,MEDIUM,APPROVE WITH CAUTION,14.933333333333334,3.0,0.6666666666666666,Active
db016ab2-edfd-422e-a8a1-74750f981641,59.58,MEDIUM,APPROVE WITH CAUTION,14.633333333333333,1.0,0.0,Active
8670fc9b-5939-40d7-a751-e15d248259cb,0.0,VERY LOW,APPROVE,1.6666666666666667,3.0,1.0,Active
1a1a8caa-e674-466d-a35d-4b1ab003451b,88.85,VERY HIGH,REJECT,19.566666666666666,5.0,0.4,Active
3c830e1f-a66b-4a51-86ce-8510d21695c0,0.0,VERY LOW,APPROVE,31.5,0.0,0.5,Active
fa30a0b9-8a53-4683-8ea7-62604ff8bc3d,59.54,MEDIUM,APPROVE WITH CAUTION,0.8,2.0,0.5,Active
66a8f305-349f-4350-b846-b347ac5ba8d2,74.3,HIGH,REJECT,8.833333333333334,2.0,0.5,Active
8030b6c5-4900-4da8-874a-5847cf14a047,0.53,VERY LOW,APPROVE,12.0,1.0,1.0,Active
93ac6dfd-b02a-4720-9058-8e44c63a97a0,0.0,VERY LOW,APPROVE,16.466666666666665,0.0,0.5,Terminated
03c8c6a4-ab38-4702-98ce-f4a2eae6bdff,0.17,VERY LOW,APPROVE,15.566666666666666,1.0,1.0,Active
e04a3d28-58c2-4038-b791-60403f3923a7,0.0,VERY LOW,APPROVE,5.866666666666666,1.0,1.0,Active
c1aa97e0-8493-4df9-a860-2096a8a55f7d,58.55,MEDIUM,APPROVE WITH CAUTION,7.133333333333334,4.0,0.75,Active
adece3f7-1b8f-4490-9499-0c37d15a3e21,47.0,MEDIUM,APPROVE WITH CAUTION,14.033333333333333,3.0,0.6666666666666666,Active
4d513cc8-1b9c-4255-88c1-d5f79c207e6e,0.0,VERY LOW,APPROVE,34.06666666666667,0.0,0.5,Active
4aa4b5f3-5419-4f60-ad5d-8d94b0aa73fb,0.0,VERY LOW,APPROVE,4.633333333333334,3.0,1.0,Active
784870a5-e699-41ec-8cb2-027f72ec656f,0.33,VERY LOW,APPROVE,29.666666666666668,2.0,1.0,Active
70a8b6c6-7682-4e53-80e9-849409e8d152,81.56,VERY HIGH,REJECT,14.933333333333334,5.0,0.6,Active
02876141-136a-4029-a658-436927bdfbc6,0.0,VERY LOW,APPROVE,23.733333333333334,1.0,1.0,Inactive
274c348b-392a-4018-8d0d-c06e350da0f9,80.8,VERY HIGH,REJECT,0.6666666666666666,2.0,0.5,Active
0cce0c07-dc6b-4599-961e-33fa2afa3908,78.29,HIGH,REJECT,19.233333333333334,5.0,0.6,Inactive
fa1b5e5b-7862-446e-96fe-ac96fcac4df0,0.0,VERY LOW,APPROVE,29.033333333333335,0.0,0.5,Active
a398822e-bd1a-46e5-8138-c2edc3ded369,76.64,HIGH,REJECT,26.866666666666667,3.0,0.6666666666666666,Terminated
159eeff6-cf26-4aae-82b6-0f92a51a639e,0.56,VERY LOW,APPROVE,34.43333333333333,1.0,1.0,Active
c8b08bc9-3b9b-4bc9-962b-c08c41412ef2,82.79,VERY HIGH,REJECT,18.566666666666666,4.0,0.5,Terminated
5f9d2282-8c17-443f-8d0c-c346fedf5b12,75.49,HIGH,REJECT,-0.7666666666666667,5.0,0.8,Active
2bf60200-44b6-4aac-a631-54333edf1d74,90.09,VERY HIGH,REJECT,18.633333333333333,4.0,0.5,Active
c95d8edf-4ea5-44ac-9665-f1abb7c1d003,84.0,VERY HIGH,REJECT,28.5,4.0,0.25,Active
b5b1f54e-6fbe-465e-b375-8dd99608c99c,0.58,VERY LOW,APPROVE,14.266666666666667,1.0,1.0,Active
1b3f4c08-8443-4ffe-a78e-ea69cc13c141,67.51,HIGH,REJECT,10.933333333333334,4.0,0.75,Active
729265f4-f407-4567-b7b1-bcd1cc70df4f,0.0,VERY LOW,APPROVE,5.166666666666667,0.0,0.5,Active
8a9ffe0b-65a5-464f-bb9c-ff1f9341ff17,84.34,VERY HIGH,REJECT,22.733333333333334,4.0,0.5,Active
d3a772ce-4df6-48bd-9b77-3e451810f320,78.6,HIGH,REJECT,11.866666666666667,5.0,0.8,Inactive
f08db506-4eb7-4444-bd21-4a09cd62d7fb,0.0,VERY LOW,APPROVE,6.533333333333333,0.0,0.5,Active
82c1121a-fedf-471e-9d7f-9c5537337768,0.91,VERY LOW,APPROVE,8.633333333333333,4.0,1.0,Active
3c3b2d93-ebca-4515-9f69-346fe678eee4,0.0,VERY LOW,APPROVE,23.9,1.0,1.0,Active
b1232c57-e8c8-4f34-a41d-48d80484f350,18.92,VERY LOW,APPROVE,20.466666666666665,1.0,0.0,Terminated
179fee4f-b705-4c9a-9013-3d1fb6c4289f,0.0,VERY LOW,APPROVE,2.7333333333333334,0.0,0.5,Active
a897f542-48a1-4bc2-bdd3-06ee7a2b1837,0.0,VERY LOW,APPROVE,24.066666666666666,0.0,0.5,Active
306b358e-8a1b-424f-8915-ce48a4f4eb9f,0.17,VERY LOW,APPROVE,15.266666666666667,3.0,1.0,Active
3d6fd0fd-7e24-4728-8411-46d0b3703676,0.27,VERY LOW,APPROVE,32.333333333333336,1.0,1.0,Active
08d712b3-43b9-46c0-9505-30fd859e5fc6,61.24,HIGH,REJECT,32.96666666666667,5.0,0.8,Active
d5b2b4bd-ebd0-4385-a70b-572712dd4960,0.0,VERY LOW,APPROVE,20.966666666666665,0.0,0.5,Terminated
3341a7c8-4b07-4f3f-a3b6-8d6dda4c42b5,0.49,VERY LOW,APPROVE,30.133333333333333,1.0,1.0,Active
65bd26e0-3689-4148-b09c-e8f38b93099e,0.0,VERY LOW,APPROVE,8.533333333333333,0.0,0.5,Active
17397e54-4a7b-41e7-bc9f-59bf1cddea50,77.68,HIGH,REJECT,31.733333333333334,5.0,0.8,Inactive
48d9927b-3c98-4f75-b354-f8c86af424ed,0.0,VERY LOW,APPROVE,9.466666666666667,3.0,1.0,Terminated
a2a3bf5e-01f1-47bd-a076-6366481e3235,0.0,VERY LOW,APPROVE,27.9,0.0,0.5,Active
bfa10361-9ab3-4588-a70c-6f8379e273e3,82.0,VERY HIGH,REJECT,18.1,5.0,0.8,Inactive
6935ddcf-1d57-4b3b-84cc-707cefbb160c,0.0,VERY LOW,APPROVE,24.2,0.0,0.5,Active
5cf843fe-3730-4668-8ea8-45c2d9b93fea,0.0,VERY LOW,APPROVE,16.666666666666668,0.0,0.5,Active
121b827c-6101-452c-a854-57dc0544be72,0.0,VERY LOW,APPROVE,9.333333333333334,1.0,1.0,Terminated
a15abdcc-52b0-4ac0-ab4b-db8f161c8939,0.0,VERY LOW,APPROVE,12.066666666666666,0.0,0.5,Active
058c040b-c575-4c2f-aee0-3a0609de37f3,58.47,MEDIUM,APPROVE WITH CAUTION,3.7666666666666666,3.0,0.6666666666666666,Active
8d0739f0-fd4c-47bc-814e-7ca4091b88d3,67.43,HIGH,REJECT,-0.9333333333333333,4.0,0.75,Active
8c101ca4-b15d-43ad-9b83-6fbe1b091fc6,38.93,LOW,APPROVE,14.066666666666666,3.0,0.6666666666666666,Inactive
13421acf-28a3-4da5-91f5-e8318ece9f21,1.94,VERY LOW,APPROVE,18.066666666666666,5.0,1.0,Inactive
f8251c67-f189-489d-91fd-d789e129865f,83.65,VERY HIGH,REJECT,9.333333333333334,3.0,0.3333333333333333,Inactive
45a4982f-b2ad-4970-9e06-ad4aee959c9f,63.02,HIGH,REJECT,13.266666666666667,1.0,0.0,Terminated
0a880f19-7b2e-4dac-a0a1-b6969ce3c486,80.5,VERY HIGH,REJECT,24.633333333333333,3.0,0.6666666666666666,Active
f72f5faf-7c0e-4bc0-a1a7-1a2e559b172c,0.0,VERY LOW,APPROVE,1.2333333333333334,0.0,0.5,Active
48292b44-fedf-48a0-a049-9639a9ed1075,71.92,HIGH,REJECT,25.3,3.0,0.6666666666666666,Inactive
2e1fb807-017d-4d02-aef0-13b72a3bff9b,2.29,VERY LOW,APPROVE,25.9,5.0,1.0,Active
2b2bad93-8f73-443b-9726-0dcff750d2a0,0.0,VERY LOW,APPROVE,28.566666666666666,0.0,0.5,Active
d3fb1959-4785-4624-8990-718a24eea581,19.74,VERY LOW,APPROVE,11.7,2.0,0.5,Active
9ff9bc7f-25a2-4cee-89c8-91fafb66cc88,65.0,HIGH,REJECT,0.0,5.0,0.8,Active
e92d8166-4ca2-4810-b7ae-121e084eec4a,0.0,VERY LOW,APPROVE,3.9,0.0,0.5,Active
9f5367ef-7c63-4049-aa1e-2e670c94f17e,62.3,HIGH,REJECT,29.466666666666665,4.0,0.75,Inactive
9f33c24e-8caa-475a-afac-7f0f1bd367e6,60.81,HIGH,REJECT,9.0,3.0,0.6666666666666666,Active
6671a4c5-46e8-4982-9ebd-e716dd78b7c4,0.0,VERY LOW,APPROVE,1.6,0.0,0.5,Active
ff15215b-3685-43a2-b199-95642f7e5ad1,0.0,VERY LOW,APPROVE,3.5,0.0,0.5,Active
f30fa6d0-b450-44ef-8a73-831f5d6fdf06,0.0,VERY LOW,APPROVE,-1.6333333333333333,0.0,0.5,Terminated
23636a81-8bb5-4874-8021-de9157d83b4c,0.0,VERY LOW,APPROVE,6.933333333333334,0.0,0.5,Active
bbf01a0b-5b2d-4433-b3cf-5bf8871b60d6,0.0,VERY LOW,APPROVE,5.166666666666667,3.0,1.0,Active
f5c26053-0dca-4d57-a2fa-605a7f7abd21,66.96,HIGH,REJECT,10.333333333333334,4.0,0.75,Active
65efe5bc-7bb8-4c85-962c-75a12e256037,0.0,VERY LOW,APPROVE,24.633333333333333,0.0,0.5,Active
b54819b4-36b0-48db-a006-b3920fb160fc,70.37,HIGH,REJECT,12.366666666666667,1.0,0.0,Active
24d85d51-18ae-4200-91a3-01af0fbce1cc,0.17,VERY LOW,APPROVE,23.933333333333334,1.0,1.0,Inactive
c5c582a7-5eef-4710-907b-47d699b8615a,0.0,VERY LOW,APPROVE,13.9,0.0,0.5,Inactive
38f61bb9-6b87-4c91-8f2f-e33121d52c71,0.0,VERY LOW,APPROVE,24.2,3.0,1.0,Terminated
33cd6f38-fe91-4b14-87d1-f189463e0f6d,0.0,VERY LOW,APPROVE,23.933333333333334,0.0,0.5,Inactive
ce0252b4-be65-436b-aedf-6112741ea5f9,0.71,VERY LOW,APPROVE,0.23333333333333334,1.0,1.0,Active
1fde9b6d-511e-4fd5-8a05-b9123e450390,72.89,HIGH,REJECT,14.166666666666666,5.0,0.8,Active
528a8b68-ffbf-4c9b-bf22-f67d36f8e01f,86.12,VERY HIGH,REJECT,18.266666666666666,4.0,0.5,Inactive
e059b445-81e5-432a-a8b5-6ce874cab7c3,0.0,VERY LOW,APPROVE,18.166666666666668,1.0,1.0,Inactive
90b26e59-38e2-48b4-891c-8cff31f644c4,69.7,HIGH,REJECT,20.733333333333334,2.0,0.5,Active
aaa3c726-f46b-456a-978a-4c4bf2cc63ba,58.79,MEDIUM,APPROVE WITH CAUTION,4.533333333333333,3.0,0.6666666666666666,Active
a4fd2c8a-324e-4769-a8d0-9303b448ca41,71.42,HIGH,REJECT,0.43333333333333335,1.0,0.0,Active
d4232177-aaf6-40d9-8fd9-a6722032fa77,0.17,VERY LOW,APPROVE,25.066666666666666,5.0,1.0,Active
3d1cc88d-b96b-4c9c-b0ab-2b9947af46c6,82.48,VERY HIGH,REJECT,31.6,4.0,0.5,Inactive
c672fa29-a2bf-4917-9d9c-b863686dc438,0.17,VERY LOW,APPROVE,21.066666666666666,3.0,1.0,Terminated
b1014a27-44db-4e14-aed9-d858f80c042f,0.0,VERY LOW,APPROVE,28.3,0.0,0.5,Active
c4a544f8-231a-48a6-9bd5-bcb2eec5333e,71.28,HIGH,REJECT,19.466666666666665,1.0,0.0,Active
c68735c7-9b61-465c-a008-72c7b3ac1547,0.81,VERY LOW,APPROVE,26.066666666666666,2.0,1.0,Active
19a05ddf-ed23-4d99-961e-b58a7275d0f1,0.0,VERY LOW,APPROVE,6.0,0.0,0.5,Active
ece7d9b3-9751-49d2-9357-cc2bc6bd409e,47.61,MEDIUM,APPROVE WITH CAUTION,8.233333333333333,5.0,0.8,Active
88b54313-eedf-4f39-8c9e-feb716e1d799,57.35,MEDIUM,APPROVE WITH CAUTION,17.766666666666666,5.0,0.8,Terminated
9866ef32-ebad-4967-bf16-4ccc6c0ae703,0.0,VERY LOW,APPROVE,4.766666666666667,3.0,1.0,Terminated
a92f15be-a2bf-4646-a570-49351427a340,59.82,MEDIUM,APPROVE WITH CAUTION,32.6,2.0,0.5,Active
42c31b5e-67a4-4c0c-b838-9c2a47b1b4bf,0.88,VERY LOW,APPROVE,13.133333333333333,5.0,1.0,Active
d042de16-c8fc-4d9e-ad28-15ca0b3251ec,76.81,HIGH,REJECT,9.8,4.0,0.5,Active
8a411bf5-f03f-4c8a-8304-bee090e1c8d9,0.0,VERY LOW,APPROVE,5.266666666666667,0.0,0.5,Active
8c16062f-06cc-4e0d-aa93-4713779792fe,0.0,VERY LOW,APPROVE,32.4,0.0,0.5,Active
118d383c-e42d-49e6-8ee2-f871f85bebad,0.0,VERY LOW,APPROVE,3.066666666666667,0.0,0.5,Active
dbca80a9-91b5-4371-a5e9-12dfcc2c0ae9,70.47,HIGH,REJECT,6.166666666666667,2.0,0.5,Active
be695476-fb6a-4695-bb25-fe7232945957,56.77,MEDIUM,APPROVE WITH CAUTION,9.5,2.0,0.0,Active
16996176-dc89-4836-9447-6f7d4dc55845,0.0,VERY LOW,APPROVE,2.7333333333333334,0.0,0.5,Terminated
4b0c925d-2b37-4e78-a0e1-04fabb54fc4b,0.0,VERY LOW,APPROVE,17.433333333333334,0.0,0.5,Active
a9a02232-5735-4c24-b7a3-103a7accaa23,0.0,VERY LOW,APPROVE,13.5,0.0,0.5,Inactive
e27a6ba1-4087-4457-9ed7-edc5ee9fc88d,0.0,VERY LOW,APPROVE,28.9,0.0,0.5,Active
62f532d2-a30f-4b60-8cf6-422f3172a552,57.21,MEDIUM,APPROVE WITH CAUTION,22.0,5.0,0.8,Terminated
7d461749-d7b9-4dfe-bc17-bbc48e6deade,0.0,VERY LOW,APPROVE,23.7,0.0,0.5,Active
6e41f225-5ec4-4e18-bf0b-956c764f1672,0.0,VERY LOW,APPROVE,32.666666666666664,0.0,0.5,Active
b02af61c-f6e7-4f61-a13f-1a6e4a7bd61a,0.0,VERY LOW,APPROVE,-1.3666666666666667,0.0,0.5,Inactive
082e0956-9285-40e0-8043-a517e8bd6a19,0.0,VERY LOW,APPROVE,31.966666666666665,0.0,0.5,Active
91f43f98-4803-4080-9e0f-2247201147bb,61.73,HIGH,REJECT,6.366666666666666,2.0,0.5,Active
b76dfa3e-e684-4512-ab3a-7e4473e31838,15.1,VERY LOW,APPROVE,20.0,4.0,0.75,Terminated
7632c1c4-cf07-41c5-ab1d-ea2358c611b6,75.71,HIGH,REJECT,19.933333333333334,3.0,0.6666666666666666,Terminated
3dca631e-b46d-4c4f-84f1-d6bfc12046a9,0.17,VERY LOW,APPROVE,21.833333333333332,2.0,1.0,Active
22eeb60c-a10f-4713-bd1f-c0ca80c4a688,49.93,MEDIUM,APPROVE WITH CAUTION,-1.0666666666666667,2.0,0.5,Active
31eff708-df62-44af-8405-c3132ac7fccc,65.57,HIGH,REJECT,33.5,3.0,0.6666666666666666,Active
20b85889-8ae2-4019-843b-54589b07dbd0,71.33,HIGH,REJECT,11.066666666666666,4.0,0.75,Inactive
5ef5ae15-02fa-4609-8242-5a4a17b1182a,0.0,VERY LOW,APPROVE,7.166666666666667,0.0,0.5,Active
0b51f9a8-738d-4652-a7d4-6b2c16c9e95a,91.39,VERY HIGH,REJECT,23.8,5.0,0.6,Active
1a2b6d09-932a-4c21-84ad-bbe85f0e8852,85.52,VERY HIGH,REJECT,17.1,3.0,0.3333333333333333,Active
4bb76635-e6a2-46d8-97c1-d9e043578761,0.0,VERY LOW,APPROVE,15.1,0.0,0.5,Inactive
1eb8a7a9-0413-4a56-93cd-e01369bf9845,64.79,HIGH,REJECT,24.9,5.0,0.8,Terminated
304a0949-3546-45e5-be6c-a2211c1e68c9,85.47,VERY HIGH,REJECT,22.866666666666667,5.0,0.6,Active
a17119d7-6751-4fc4-9680-b751931c8129,47.25,MEDIUM,APPROVE WITH CAUTION,23.8,1.0,0.0,Active
68584f1e-e5f1-44d2-bf1e-590e34cbe5ac,92.47,VERY HIGH,REJECT,29.5,4.0,0.5,Terminated
80a99d86-d611-4ce4-875f-58d668e7303d,53.2,MEDIUM,APPROVE WITH CAUTION,27.9,4.0,0.75,Active
642bca39-6dd9-4a83-802a-2d14674912d9,0.0,VERY LOW,APPROVE,9.866666666666667,0.0,0.5,Active
6c48267d-d919-4b9a-9958-69207447e3c9,0.0,VERY LOW,APPROVE,28.066666666666666,0.0,0.5,Active
18e48cdd-d8eb-4c37-bd79-509079317ebe,0.0,VERY LOW,APPROVE,24.666666666666668,0.0,0.5,Active
347b1ca8-eda5-4655-a795-4cc8225cdace,0.0,VERY LOW,APPROVE,6.3,4.0,1.0,Active
b2c4646f-b35c-4202-9315-da6acca583db,0.15,VERY LOW,APPROVE,13.466666666666667,1.0,1.0,Terminated
ffb5a002-d5dc-4e87-99e1-b15283ad0cfc,0.0,VERY LOW,APPROVE,-0.13333333333333333,0.0,0.5,Inactive
e4ab9724-7745-443a-835e-074b666533d8,55.68,MEDIUM,APPROVE WITH CAUTION,4.766666666666667,3.0,0.6666666666666666,Active
6ba2eea2-50de-4f8c-a54d-b255c64be070,0.0,VERY LOW,APPROVE,0.06666666666666667,0.0,0.5,Active
33013f0e-917c-46b7-8fdb-53231f3a141f,89.24,VERY HIGH,REJECT,15.666666666666666,3.0,0.3333333333333333,Terminated
b6a3bb8e-1a73-4ce2-8048-297cbb576f56,0.0,VERY LOW,APPROVE,25.466666666666665,5.0,1.0,Active
ac268c56-d608-4beb-8959-d31b1da3bad0,68.08,HIGH,REJECT,21.833333333333332,5.0,0.8,Inactive
0a6524e8-0c92-4a85-b599-a5da7a0b6f2d,0.0,VERY LOW,APPROVE,7.833333333333333,0.0,0.5,Inactive
1973ab7f-48e4-4dc5-ac3f-3cd8c29b8df5,0.0,VERY LOW,APPROVE,10.0,1.0,1.0,Terminated
d6b42e66-bcff-4775-863a-fd13b5001620,0.0,VERY LOW,APPROVE,30.666666666666668,1.0,1.0,Terminated
9bd19c69-551e-4af1-934d-207d3eee6544,1.47,VERY LOW,APPROVE,-0.4,4.0,1.0,Active
94aa1fae-e849-405f-9eaa-be4f5a3cfe6c,0.0,VERY LOW,APPROVE,13.533333333333333,3.0,1.0,Active
1fbff51b-377c-462f-9c27-1698b922ea31,0.0,VERY LOW,APPROVE,23.2,0.0,0.5,Terminated
bcdba946-4ec8-44c3-a8ea-debb59c4de01,0.0,VERY LOW,APPROVE,8.966666666666667,0.0,0.5,Inactive
a3f51c36-d20b-4bb2-ae4d-3b33dd96edd7,67.65,HIGH,REJECT,-0.43333333333333335,4.0,0.75,Active
70cd3ccd-010a-44ee-8126-e0e6a94817ba,80.33,VERY HIGH,REJECT,12.433333333333334,2.0,0.5,Active
8b5cbf1a-d092-4a50-8af0-9bb65548633a,77.28,HIGH,REJECT,16.233333333333334,4.0,0.75,Active
02d6e34d-7506-4a9f-8034-bfc72a66955c,0.0,VERY LOW,APPROVE,6.866666666666666,4.0,1.0,Active
6276be67-a749-46c6-924f-d5d2c28cf7a7,0.2,VERY LOW,APPROVE,32.53333333333333,3.0,1.0,Inactive
a85e0410-2a2d-4d21-8641-20f53650c077,0.0,VERY LOW,APPROVE,-0.43333333333333335,0.0,0.5,Terminated
8472d7a3-ff83-4a28-9d07-7790905671be,71.11,HIGH,REJECT,22.833333333333332,2.0,0.5,Active
bc1d1aa8-39e2-4152-a726-2a36dec599b0,0.0,VERY LOW,APPROVE,25.133333333333333,0.0,0.5,Active
486f846d-7cf4-4a22-b415-a59746c43391,71.16,HIGH,REJECT,9.733333333333333,1.0,0.0,Active
28b2dfac-5126-47de-891c-c68dcc447569,0.71,VERY LOW,APPROVE,10.666666666666666,1.0,1.0,Active
b3274d20-968a-4616-9872-9a879289f7d8,65.06,HIGH,REJECT,10.433333333333334,4.0,0.5,Terminated
8a48b5c4-76ac-43e1-8396-486becc54119,0.0,VERY LOW,APPROVE,28.866666666666667,1.0,1.0,Active
cdd074ab-0526-412d-8f9b-e7d3eeec6085,0.0,VERY LOW,APPROVE,4.333333333333333,3.0,1.0,Active
a1b278e8-28e8-4bb7-a07d-44f662b4caec,72.35,HIGH,REJECT,23.666666666666668,4.0,0.5,Active
21955db1-c05d-4f06-9f2e-fdc57bf8ba5e,0.0,VERY LOW,APPROVE,27.4,3.0,1.0,Active
642c393d-c63f-4862-95aa-fbe0025a2b0f,71.63,HIGH,REJECT,4.666666666666667,3.0,0.6666666666666666,Terminated
a881d7de-1992-4663-b1eb-5a4f69944162,74.22,HIGH,REJECT,8.166666666666666,3.0,0.6666666666666666,Active
d76d5935-d0e7-4014-a889-02479dcb94f6,69.42,HIGH,REJECT,26.666666666666668,3.0,0.6666666666666666,Active
b86ca5b8-7696-4191-86e3-9c1e7df33a2f,67.61,HIGH,REJECT,34.333333333333336,2.0,0.5,Active
b98bf5e7-0edf-49fc-9016-d20a644d7318,0.17,VERY LOW,APPROVE,17.4,2.0,1.0,Active
8f8f6de8-5b1b-49c4-93bc-0b5a77bcfd20,0.0,VERY LOW,APPROVE,17.8,2.0,1.0,Active
2be93d71-9024-4994-a525-1f96866731fb,89.77,VERY HIGH,REJECT,18.2,4.0,0.25,Active
afe146b4-c111-4c51-87bd-f651d605bb52,75.41,HIGH,REJECT,32.266666666666666,3.0,0.6666666666666666,Inactive
a2226059-d8f2-43db-9d41-7349572de271,0.0,VERY LOW,APPROVE,23.966666666666665,0.0,0.5,Terminated
8489cd4e-702d-44a8-9070-807fcaec590f,0.0,VERY LOW,APPROVE,33.4,0.0,0.5,Active
bece76fc-f501-45b6-9448-405a8583c1a3,0.0,VERY LOW,APPROVE,20.566666666666666,0.0,0.5,Active
9a6d1e3f-3557-4ee7-97ce-758419184684,0.0,VERY LOW,APPROVE,-0.8,0.0,0.5,Active
1c9a4ed0-0b07-458e-964d-a88ab99db5a4,77.27,HIGH,REJECT,9.933333333333334,5.0,0.8,Active
bdc27f84-07f1-4ab0-a2c1-3eab18646b37,0.0,VERY LOW,APPROVE,3.0,0.0,0.5,Active
bdd6e6a9-20ed-4b1f-a1de-63f794dc5721,83.1,VERY HIGH,REJECT,33.833333333333336,5.0,0.6,Inactive
1c69c622-8e22-4620-957a-1d51405f05f0,83.33,VERY HIGH,REJECT,11.3,2.0,0.0,Active
e6d2b7bc-0c27-48c2-84d3-59238fd077cb,0.0,VERY LOW,APPROVE,8.1,0.0,0.5,Terminated
3010a0bd-96f2-4f2a-99ab-64ffdc856520,0.0,VERY LOW,APPROVE,17.866666666666667,2.0,1.0,Active
d104f05a-6f30-458e-a7a8-65519643313d,85.34,VERY HIGH,REJECT,14.833333333333334,2.0,0.0,Inactive
02287d32-fed6-48ad-9c51-3c31cdc0173e,0.0,VERY LOW,APPROVE,24.433333333333334,0.0,0.5,Active
dc2d3996-94b6-4d22-a8cf-b6020d9510a9,63.25,HIGH,REJECT,16.933333333333334,3.0,0.6666666666666666,Inactive
13b08141-8753-40eb-b06e-8dda999bb382,75.49,HIGH,REJECT,34.7,3.0,0.6666666666666666,Active
20e8d27f-6278-460b-9e48-220e09ddcae8,0.0,VERY LOW,APPROVE,9.133333333333333,1.0,1.0,Active
93fabc40-8af1-4e7e-baa9-9b6672833340,0.49,VERY LOW,APPROVE,27.1,1.0,1.0,Active
4d6db10e-e187-4781-8e2a-f87bfb45d112,1.0,VERY LOW,APPROVE,33.733333333333334,3.0,1.0,Terminated
12bcf53a-c7ff-4f6f-b7ed-d7916249ca4f,0.42,VERY LOW,APPROVE,21.033333333333335,1.0,1.0,Active
ebe9ab4d-d413-4a74-b037-bc0d8f9333d0,38.86,LOW,APPROVE,5.566666666666666,2.0,0.5,Active
4c850841-cfa9-4e47-b51f-cc835e7ce550,54.4,MEDIUM,APPROVE WITH CAUTION,3.2666666666666666,3.0,0.6666666666666666,Inactive
e911cdba-a208-4c0a-91c1-b3f45716a847,0.0,VERY LOW,APPROVE,0.23333333333333334,0.0,0.5,Active
500c59c5-631a-42d3-8982-5fbc2e52f706,0.2,VERY LOW,APPROVE,31.9,2.0,1.0,Terminated
2b530926-1813-4925-86d2-4deea1ed348d,0.0,VERY LOW,APPROVE,18.066666666666666,1.0,1.0,Terminated
0a76d820-db69-4280-ab4d-325ec5895afe,0.0,VERY LOW,APPROVE,-0.26666666666666666,0.0,0.5,Active
0d7b7d7a-26eb-4451-a4d4-50b22270f145,0.0,VERY LOW,APPROVE,26.4,0.0,0.5,Active
4bd1a2d7-acef-474c-8fc6-7ab780c13d58,0.0,VERY LOW,APPROVE,-0.9,0.0,0.5,Active
f333d26d-f972-400d-8453-06567bd247e6,0.0,VERY LOW,APPROVE,34.56666666666667,0.0,0.5,Active
150d574b-1dc8-4ba6-8677-9a14295bc4d6,0.0,VERY LOW,APPROVE,8.766666666666667,0.0,0.5,Inactive
20108f5a-2cb0-4344-ab10-3d76b271bcdb,75.26,HIGH,REJECT,23.966666666666665,2.0,0.0,Terminated
355bdc5c-c501-4696-8f86-4755b705eb55,0.84,VERY LOW,APPROVE,33.233333333333334,4.0,1.0,Active
ee9238ab-4e76-4e7f-ac6b-0872d09c07b8,0.0,VERY LOW,APPROVE,24.633333333333333,0.0,0.5,Terminated
c2f25a82-303e-4688-9959-899a47ebf5fc,2.14,VERY LOW,APPROVE,33.4,2.0,1.0,Active
209f21ac-270a-42c3-b837-fc01620a5a1e,74.77,HIGH,REJECT,10.733333333333333,5.0,0.4,Active
5e325c12-b1df-46de-bec7-dee718bf3012,0.0,VERY LOW,APPROVE,6.666666666666667,1.0,1.0,Active
b1fdce48-b208-473e-82df-4b39a5dd84c0,0.0,VERY LOW,APPROVE,7.866666666666666,0.0,0.5,Active
bc8ba281-d249-45ed-893e-8aa41e7e0ac0,0.0,VERY LOW,APPROVE,31.366666666666667,0.0,0.5,Active
b8605ffe-2ac2-4466-9ee1-9d951c5c9616,78.1,HIGH,REJECT,18.233333333333334,5.0,0.8,Active
dc2bbaa2-eefc-4490-abaf-ee1b26c8f1cd,75.01,HIGH,REJECT,29.8,2.0,0.5,Active
3755875a-2d12-448d-87cf-af9a7f72ca7b,0.0,VERY LOW,APPROVE,2.2333333333333334,0.0,0.5,Inactive
cd273466-144f-48a5-ac5c-a28a1097a1d5,0.0,VERY LOW,APPROVE,9.666666666666666,0.0,0.5,Inactive
6350b69a-d990-4d75-939b-68fc9aa49f86,0.0,VERY LOW,APPROVE,10.0,0.0,0.5,Active
d52140d7-3f99-4aa7-8c80-1e485f473a9d,0.0,VERY LOW,APPROVE,28.6,2.0,1.0,Active
a13c9848-7086-4957-a817-05a8dfa80e57,0.0,VERY LOW,APPROVE,22.733333333333334,0.0,0.5,Terminated
45638de1-fa94-4802-91da-04ec8df23886,59.66,MEDIUM,APPROVE WITH CAUTION,0.6,5.0,0.8,Active
9ae09a1e-b241-4661-83c4-81c932d960d2,73.99,HIGH,REJECT,1.2,2.0,0.5,Inactive
0223c3af-e460-48fb-9511-09948a89fe3e,75.05,HIGH,REJECT,5.766666666666667,3.0,0.6666666666666666,Active
93a34898-ea8b-440c-8fd9-32abace01d52,0.0,VERY LOW,APPROVE,20.533333333333335,0.0,0.5,Active
3929789a-4654-4f23-8a17-20c880219511,81.2,VERY HIGH,REJECT,31.133333333333333,5.0,0.6,Active
0d15207a-a631-408c-9476-3fcd0c2d0977,82.84,VERY HIGH,REJECT,29.033333333333335,5.0,0.6,Active
19c4595a-5ac3-4794-84b0-57a82dc202e9,60.55,HIGH,REJECT,-0.4,4.0,0.75,Active
1010f72d-b042-4a14-a01e-cf236f9bdc94,69.13,HIGH,REJECT,21.466666666666665,4.0,0.75,Terminated
b6ef0de5-3c21-4f52-8a2f-6f9860bb6d38,69.98,HIGH,REJECT,26.2,5.0,0.8,Active
c2a94139-2e33-436b-8a46-352d7c62ec6d,0.0,VERY LOW,APPROVE,14.0,1.0,1.0,Active
490adda9-c36f-4f1c-92ec-970d41400b85,75.23,HIGH,REJECT,4.466666666666667,2.0,0.5,Active
f7cdd666-b8d1-4a6c-867c-6fff80748cea,66.63,HIGH,REJECT,33.36666666666667,5.0,0.8,Inactive
46986e85-3762-4ec7-a9f4-b0fe9946f0ab,88.68,VERY HIGH,REJECT,24.033333333333335,5.0,0.6,Active
d6ea62e0-85ad-4e37-b813-299f48337fa2,0.0,VERY LOW,APPROVE,29.1,0.0,0.5,Active
70308121-9546-48b9-afae-1976fa9b6fee,85.4,VERY HIGH,REJECT,-0.16666666666666666,5.0,0.4,Inactive
04ba5ac0-c215-48e9-878a-47d7b18d3bda,0.0,VERY LOW,APPROVE,12.4,0.0,0.5,Active
9c2dc7f9-04f5-436f-a105-de42f4aefd64,1.73,VERY LOW,APPROVE,26.933333333333334,3.0,1.0,Active
56906525-4e93-4c37-91d3-473e759b3d70,76.82,HIGH,REJECT,10.433333333333334,4.0,0.5,Inactive
d368ea83-80fd-4cb7-9ff4-cb1a2d76e8dd,88.38,VERY HIGH,REJECT,11.433333333333334,5.0,0.2,Active
229a92e6-074d-4ce3-b309-949b2cd83889,0.88,VERY LOW,APPROVE,25.666666666666668,5.0,1.0,Active
e74ce2c2-8a33-4c91-ac06-3ce318f9e547,0.17,VERY LOW,APPROVE,17.833333333333332,2.0,1.0,Active
8ad624c6-a41f-45f1-9486-b33a26ea6e49,0.29,VERY LOW,APPROVE,30.333333333333332,2.0,1.0,Active
f98a50d6-3488-425c-8edf-4be9517696d3,0.0,VERY LOW,APPROVE,19.666666666666668,0.0,0.5,Active
766581b8-517d-44b2-8bfe-35ac1c51046e,0.27,VERY LOW,APPROVE,19.3,1.0,1.0,Active
759e8d91-8b02-40a9-8284-f206491e9774,0.0,VERY LOW,APPROVE,20.466666666666665,0.0,0.5,Terminated
38004b4e-364d-40f8-b91e-785f52977ea3,0.0,VERY LOW,APPROVE,2.6666666666666665,0.0,0.5,Inactive
5b20c594-a07e-4491-a350-a649b605baf4,79.04,HIGH,REJECT,14.033333333333333,4.0,0.75,Active
4758160a-bd02-4d5f-8807-3a4f98481c38,0.27,VERY LOW,APPROVE,30.2,3.0,1.0,Inactive
37738d15-656d-476e-b2c1-5419991251ff,81.7,VERY HIGH,REJECT,1.1333333333333333,2.0,0.0,Active
14bf7d08-8175-492d-874d-748dad9a8bf6,0.0,VERY LOW,APPROVE,-0.16666666666666666,0.0,0.5,Active
a40717ab-6aa4-4747-bcac-cb68e6d898c1,0.0,VERY LOW,APPROVE,34.63333333333333,0.0,0.5,Active
f3bb52f9-531a-4b0b-964b-cd681fb08e29,0.0,VERY LOW,APPROVE,24.966666666666665,0.0,0.5,Inactive
5d75fb30-a6f4-4eaf-986a-2edfe2391fef,0.0,VERY LOW,APPROVE,16.066666666666666,0.0,0.5,Active
9f3983b8-73bd-488c-ae6c-b63bc159659a,60.74,HIGH,REJECT,19.033333333333335,1.0,0.0,Active
2ad4f92b-b44a-4222-8222-196693abc022,75.71,HIGH,REJECT,15.833333333333334,3.0,0.6666666666666666,Inactive
0769293c-1160-444c-afe3-7c928ee436d2,54.51,MEDIUM,APPROVE WITH CAUTION,17.933333333333334,3.0,0.6666666666666666,Terminated
1d41b941-8645-4ef2-9ba7-4109d8b53645,89.79,VERY HIGH,REJECT,27.466666666666665,5.0,0.4,Terminated
704bc3fa-dad9-4e6e-ab1a-63b3f9e0db2e,49.65,MEDIUM,APPROVE WITH CAUTION,2.1,3.0,0.6666666666666666,Active
c4170602-0f29-4fff-9f0b-29892365f549,0.0,VERY LOW,APPROVE,5.3,0.0,0.5,Active
bae9a12f-b6fe-4cea-ac70-f0bc32209263,66.75,HIGH,REJECT,5.266666666666667,2.0,0.5,Active
c92149af-9b78-499b-9f4a-61e0ac41643f,72.04,HIGH,REJECT,-0.3333333333333333,5.0,0.8,Active
7fd20fe5-8cd5-4f6d-bb76-061800a1ed61,86.24,VERY HIGH,REJECT,23.933333333333334,2.0,0.5,Inactive
95641832-a46a-4201-aa7a-14b24e42de59,0.0,VERY LOW,APPROVE,2.1666666666666665,0.0,0.5,Active
2f813885-7a72-4a0b-adfd-9af59e9f6ec6,0.0,VERY LOW,APPROVE,6.866666666666666,0.0,0.5,Active
67977a27-30b6-4077-807c-ea2d0ad55053,0.0,VERY LOW,APPROVE,21.033333333333335,0.0,0.5,Active
7516e307-12b3-4bb3-853b-43e2b7c615cb,61.42,HIGH,REJECT,7.666666666666667,1.0,0.0,Active
0be69c6a-42e2-48ac-9ee9-0160c0af53d8,0.0,VERY LOW,APPROVE,7.5,0.0,0.5,Active
ccb71690-468c-4c8b-93f7-2ec306cf4ec7,0.0,VERY LOW,APPROVE,10.966666666666667,1.0,1.0,Terminated
41dd5dd0-9fa9-4cbe-8653-db3fe53ef451,0.0,VERY LOW,APPROVE,25.7,0.0,0.5,Active
696ad8bb-29ff-4402-8b75-b8597312da16,90.41,VERY HIGH,REJECT,32.3,4.0,0.5,Active
f75d8bd7-35ae-48c6-b711-2bb53d22add0,0.0,VERY LOW,APPROVE,24.133333333333333,0.0,0.5,Inactive
e361b57f-bad2-4cb5-a424-a47f008e9189,73.49,HIGH,REJECT,-0.4666666666666667,1.0,0.0,Inactive
8f74154e-b7b4-445d-afb6-0fffe3631d8b,0.15,VERY LOW,APPROVE,11.633333333333333,1.0,1.0,Active
2ae9538e-12ae-42ff-8445-2def7756c1c7,0.0,VERY LOW,APPROVE,3.2333333333333334,0.0,0.5,Active
b0058c3a-9d31-4e35-af69-b93a25427f2f,0.0,VERY LOW,APPROVE,23.966666666666665,0.0,0.5,Inactive
c297b912-d186-4250-b189-9b39115bd622,0.0,VERY LOW,APPROVE,20.066666666666666,0.0,0.5,Active
3cbaee74-c143-4352-9f20-34194f8f4c5b,62.17,HIGH,REJECT,26.9,5.0,0.8,Active
11b9fe17-1941-435b-b2b2-b26a99b43fe5,0.0,VERY LOW,APPROVE,19.766666666666666,5.0,1.0,Terminated
cce5eeb6-20d1-47d1-8b6d-9dd7ed9c8135,0.0,VERY LOW,APPROVE,34.766666666666666,0.0,0.5,Active
9898b0ff-0d44-4cc1-9beb-5aafe8355844,55.97,MEDIUM,APPROVE WITH CAUTION,11.466666666666667,4.0,0.75,Active
afc81d06-e0d5-4e79-b4bb-5d7b607a5a72,0.0,VERY LOW,APPROVE,23.9,0.0,0.5,Inactive
9d0eccb1-c1fd-41f0-8f62-68a6e90129d4,0.0,VERY LOW,APPROVE,11.066666666666666,3.0,1.0,Active
fe1680cc-a258-441d-b805-ba7f950ec406,82.85,VERY HIGH,REJECT,11.0,2.0,0.0,Active
2bb97109-ab7e-4871-ae7f-ae15aa486551,78.19,HIGH,REJECT,14.9,4.0,0.75,Active
46381d38-83e0-4a0a-8443-e636fcbd5965,79.09,HIGH,REJECT,24.9,4.0,0.5,Active
7ad84f7a-9fcf-41b6-a6d4-07d0c2285f19,86.52,VERY HIGH,REJECT,18.666666666666668,5.0,0.4,Active
f1506122-243d-49e3-8353-9ac49d2165c6,0.0,VERY LOW,APPROVE,30.7,2.0,1.0,Active
a4aa0325-b219-449f-bfc1-903602af7cb2,81.42,VERY HIGH,REJECT,4.7,2.0,0.0,Active
d1bb6024-942f-4054-a60f-089300272f6c,63.28,HIGH,REJECT,3.9,3.0,0.6666666666666666,Active
9f7b6960-49b5-4eb9-8e81-c4747acdbba2,78.58,HIGH,REJECT,8.733333333333333,2.0,0.5,Active
c9e7bcbf-cded-43db-9fee-cfea7a2f7cfe,89.75,VERY HIGH,REJECT,24.366666666666667,5.0,0.6,Active
c227219c-1900-4698-9263-3f6b806a9045,0.0,VERY LOW,APPROVE,9.466666666666667,0.0,0.5,Terminated
2bf9ad99-7882-43c9-bd3a-67e67a13aa3f,0.0,VERY LOW,APPROVE,12.3,0.0,0.5,Active
783d87ba-c129-4fa8-9a78-91ca1b985b2f,79.53,HIGH,REJECT,18.833333333333332,2.0,0.0,Terminated
f87f7acf-e876-47c1-8e90-a1c8bb0812a4,0.0,VERY LOW,APPROVE,30.2,0.0,0.5,Active
06ec6a3f-e946-44a2-bbc9-eaa71e4770a6,0.0,VERY LOW,APPROVE,19.833333333333332,1.0,1.0,Active
dea1bc84-fe21-4703-9ebc-6bfb73479ac7,79.23,HIGH,REJECT,-0.3,2.0,0.5,Active
3cb287db-7ad4-42a5-91bd-d74fdd2a7cac,0.0,VERY LOW,APPROVE,13.2,0.0,0.5,Terminated
8bb13706-5702-4839-8985-ceb72938cb08,0.0,VERY LOW,APPROVE,21.733333333333334,0.0,0.5,Active
dc0c3f43-46f1-4805-b71a-9c8eef259deb,76.19,HIGH,REJECT,8.2,2.0,0.5,Active
8626283c-dde8-4fca-87c8-3fe557b4013d,0.0,VERY LOW,APPROVE,5.933333333333334,0.0,0.5,Active
ed9681fd-b22b-4b29-b4e5-7e76f77b70d2,0.0,VERY LOW,APPROVE,14.0,0.0,0.5,Active
b40f6a50-6917-4739-881b-d4a44b0a8d3f,71.13,HIGH,REJECT,15.366666666666667,2.0,0.5,Active
49d6999d-f0b6-47a8-be07-39c44c37618b,76.27,HIGH,REJECT,18.8,4.0,0.5,Inactive
6bfd127a-b746-4cc8-beb4-973826e685fe,0.0,VERY LOW,APPROVE,16.6,0.0,0.5,Inactive
3515f1cc-6c80-47b6-aa9d-79df390676fe,27.32,LOW,APPROVE,33.36666666666667,5.0,0.8,Inactive
17261318-d238-405a-b475-1834bcdf5862,0.17,VERY LOW,APPROVE,11.7,1.0,1.0,Active
4d0c2d5a-d858-49ea-8572-4973566daa21,17.75,VERY LOW,APPROVE,19.133333333333333,4.0,0.75,Terminated
536d659a-db37-4469-b4c2-e0f2db239359,68.89,HIGH,REJECT,22.033333333333335,3.0,0.6666666666666666,Terminated
22718cd5-83a0-4576-a5bd-27e5ff07627c,0.0,VERY LOW,APPROVE,12.0,0.0,0.5,Inactive
1654c6b7-3812-4bd2-b37d-93cf3989b152,0.0,VERY LOW,APPROVE,16.966666666666665,0.0,0.5,Active
cddcd819-5668-46cb-bfa5-7f60b6d28064,65.49,HIGH,REJECT,6.133333333333334,3.0,0.6666666666666666,Active
e6241f3b-29b1-44d7-8748-412bdc669660,0.0,VERY LOW,APPROVE,5.2,0.0,0.5,Active
8a3afdd2-79d9-4310-8b2c-73d51d52d6ba,0.42,VERY LOW,APPROVE,27.633333333333333,3.0,1.0,Active
f6119e0e-79a8-47bc-bdf8-9cf020119641,0.38,VERY LOW,APPROVE,11.3,1.0,1.0,Terminated
d316dd70-4829-4e96-9b4b-ae984d3f7c50,0.0,VERY LOW,APPROVE,18.433333333333334,0.0,0.5,Terminated
e7685d88-ce3a-46d6-ba77-439d77597bad,0.17,VERY LOW,APPROVE,16.933333333333334,1.0,1.0,Inactive
b480d64d-22db-4a04-9a16-02ef55a4dbe2,60.85,HIGH,REJECT,11.533333333333333,5.0,0.8,Inactive
911297df-346a-4e47-8393-8f8f19c98b5d,79.23,HIGH,REJECT,13.833333333333334,5.0,0.8,Active
d29f968c-99f3-4ce4-8a4c-36692b7c79dc,0.0,VERY LOW,APPROVE,19.333333333333332,3.0,1.0,Inactive
e88c7fda-cff9-4874-9e9c-b7ada572c547,0.0,VERY LOW,APPROVE,13.733333333333333,0.0,0.5,Inactive
f3c72097-dddc-4061-9896-55cff91c2e50,79.6,HIGH,REJECT,5.833333333333333,5.0,0.6,Active
5ceac4e1-7dbc-4a2f-9e3d-f22195a3951f,2.42,VERY LOW,APPROVE,28.6,2.0,1.0,Active
5cbbc9af-e3ad-4dfd-99e0-993a56551234,0.0,VERY LOW,APPROVE,6.7,0.0,0.5,Active
c16d18f6-db1c-4f24-b939-fcc55acaa532,0.0,VERY LOW,APPROVE,31.5,0.0,0.5,Active
3a5ed91d-ae63-4607-b3eb-2b43b4574756,82.32,VERY HIGH,REJECT,3.966666666666667,5.0,0.6,Active
2d3af162-0e38-4257-97cb-961295bf7298,82.82,VERY HIGH,REJECT,19.066666666666666,4.0,0.75,Active
5d861b8b-69b1-4d6d-9376-3d5c6deb63ef,0.0,VERY LOW,APPROVE,34.06666666666667,0.0,0.5,Active
2013ae10-dd4a-4745-a173-1676633debb4,76.01,HIGH,REJECT,29.4,3.0,0.6666666666666666,Inactive
d46967db-41f2-43f0-8e3d-468d63181cd1,57.85,MEDIUM,APPROVE WITH CAUTION,11.866666666666667,3.0,0.6666666666666666,Active
5d32b48f-3247-45d1-b0ba-1eb7a65111a6,0.0,VERY LOW,APPROVE,24.466666666666665,2.0,1.0,Inactive
c874a76c-2ee8-42c2-8874-a35d9441ef42,0.0,VERY LOW,APPROVE,25.666666666666668,0.0,0.5,Active
990540df-05fb-4c0c-bbfa-9494ca486bd3,0.62,VERY LOW,APPROVE,21.1,2.0,1.0,Terminated
495d033b-0cf0-43e5-a0d1-292184278f57,87.47,VERY HIGH,REJECT,27.5,4.0,0.5,Active
d9188152-472f-4cfc-82c9-6f769afbd5b1,0.0,VERY LOW,APPROVE,33.43333333333333,0.0,0.5,Active
07ae56c2-fdd0-4576-92a8-2a5b17dbb65d,81.14,VERY HIGH,REJECT,12.733333333333333,4.0,0.75,Terminated
a94d4cc3-7cce-47e7-8cd6-9cf072e478b5,0.0,VERY LOW,APPROVE,-1.6333333333333333,0.0,0.5,Active
0c72e945-336a-444f-bd16-54e8a4982eb3,0.0,VERY LOW,APPROVE,23.1,0.0,0.5,Active
9b361b77-57a5-49ce-8580-8eee3c0078bc,0.0,VERY LOW,APPROVE,7.233333333333333,0.0,0.5,Active
6788d217-f9d1-4efe-983d-433233092169,0.0,VERY LOW,APPROVE,7.366666666666666,0.0,0.5,Active
50ebf236-17ab-4a6a-8915-f144aab5ad17,0.78,VERY LOW,APPROVE,1.6666666666666667,4.0,1.0,Active
d722163d-2779-4ada-8cbb-0c8e01b17668,77.73,HIGH,REJECT,11.866666666666667,3.0,0.6666666666666666,Active
b74b7f8b-3c2a-4394-b844-06a38a618cdb,0.0,VERY LOW,APPROVE,15.666666666666666,1.0,1.0,Active
210f3f05-1c28-49d9-b1fc-adbadbadabc0,0.0,VERY LOW,APPROVE,11.1,1.0,1.0,Active
78da0bf0-0769-4b42-ab0c-ee7a5cbc6b31,0.0,VERY LOW,APPROVE,31.666666666666668,0.0,0.5,Active
27f3101f-a309-45ba-872e-3ac4235b1670,1.04,VERY LOW,APPROVE,-0.6666666666666666,1.0,1.0,Terminated
108e8fe9-8bb1-4f68-af7f-f184686714e5,0.0,VERY LOW,APPROVE,9.566666666666666,1.0,1.0,Active
4e1b6900-b02e-4acd-ace5-ec8d75d832fe,80.22,VERY HIGH,REJECT,25.266666666666666,4.0,0.5,Terminated
2f8edf7e-5581-4de1-b243-eb55dc1b12ac,0.0,VERY LOW,APPROVE,26.9,1.0,1.0,Active
900474f2-b242-49da-a0d4-66ac231edd3c,0.0,VERY LOW,APPROVE,7.9,0.0,0.5,Inactive
4219cebf-7f9d-4ff3-a7fe-989d3e363028,75.99,HIGH,REJECT,24.833333333333332,5.0,0.8,Active
69403921-9dcd-4750-a427-e40305cf5f2d,0.0,VERY LOW,APPROVE,5.933333333333334,3.0,1.0,Inactive
769f168e-b768-4d03-8008-aec479712c75,0.0,VERY LOW,APPROVE,32.333333333333336,0.0,0.5,Active
a8502065-baf8-4a02-9f1b-5f8a894a4da9,63.79,HIGH,REJECT,-1.3666666666666667,2.0,0.5,Terminated
1672a64a-fe51-4ac8-b983-e401cb5c7024,0.0,VERY LOW,APPROVE,28.966666666666665,0.0,0.5,Terminated
f70e3c62-8845-434c-80a0-855565a037c9,65.94,HIGH,REJECT,5.166666666666667,3.0,0.6666666666666666,Inactive
aa3b2a23-fb59-4b51-8e27-4ec349057423,0.0,VERY LOW,APPROVE,18.0,2.0,1.0,Active
0d9659ca-0fea-43cf-9f3e-523f89afd6bf,86.18,VERY HIGH,REJECT,4.933333333333334,4.0,0.25,Inactive
